ISO-10303-21;
HEADER;
FILE_DESCRIPTION (( 'STEP AP214' ),
    '1' );
FILE_NAME ('STCC4-D-R3.STEP',
    '2026-04-04T12:36:22',
    ( 'LENOVO' ),
    ( '' ),
    'SwSTEP 2.0',
    'SolidWorks 2021',
    '' );
FILE_SCHEMA (( 'AUTOMOTIVE_DESIGN' ));
ENDSEC;

DATA;
#1 = CARTESIAN_POINT ( 'NONE',  ( 0.9999289384124712132, 0.8976693934450634682, -1.632146278713443088 ) ) ;
#2 = CARTESIAN_POINT ( 'NONE',  ( 0.9162656705671760049, 1.073508052926910095, -1.401713142891948927 ) ) ;
#3 = ORIENTED_EDGE ( 'NONE', *, *, #1715, .F. ) ;
#4 = VECTOR ( 'NONE', #283, 1000.000000000000000 ) ;
#5 = CARTESIAN_POINT ( 'NONE',  ( 0.9865630281727850726, 0.9954347647175781910, 1.562226328356107530 ) ) ;
#6 = ORIENTED_EDGE ( 'NONE', *, *, #1779, .F. ) ;
#7 = CARTESIAN_POINT ( 'NONE',  ( -0.7000000000000041744, 0.000000000000000000, 0.3249999999999997891 ) ) ;
#8 = VERTEX_POINT ( 'NONE', #1947 ) ;
#9 = CARTESIAN_POINT ( 'NONE',  ( -1.051288801758376357, 1.000921522789517848, -1.503239048080770246 ) ) ;
#10 = CARTESIAN_POINT ( 'NONE',  ( -0.3249999999999998446, 0.000000000000000000, -1.200000000000000178 ) ) ;
#11 = DIRECTION ( 'NONE',  ( -0.000000000000000000, 1.000000000000000000, 0.000000000000000000 ) ) ;
#12 = ORIENTED_EDGE ( 'NONE', *, *, #333, .T. ) ;
#13 = DIRECTION ( 'NONE',  ( -0.000000000000000000, -1.000000000000000000, -0.000000000000000000 ) ) ;
#14 = LINE ( 'NONE', #3442, #5687 ) ;
#15 = LINE ( 'NONE', #1485, #5584 ) ;
#16 = ORIENTED_EDGE ( 'NONE', *, *, #488, .F. ) ;
#17 = CARTESIAN_POINT ( 'NONE',  ( -0.9323373224873341414, 1.047560294904026579, -1.491866817957334446 ) ) ;
#18 = ORIENTED_EDGE ( 'NONE', *, *, #179, .F. ) ;
#19 = ADVANCED_FACE ( 'NONE', ( #2359 ), #4252, .F. ) ;
#20 = ORIENTED_EDGE ( 'NONE', *, *, #878, .F. ) ;
#21 = FACE_OUTER_BOUND ( 'NONE', #4271, .T. ) ;
#22 = FACE_OUTER_BOUND ( 'NONE', #1050, .T. ) ;
#23 = CARTESIAN_POINT ( 'NONE',  ( 1.000000000000000222, 0.3300000000000000155, 1.500000000000000000 ) ) ;
#24 = SURFACE_STYLE_USAGE ( .BOTH. , #1285 ) ;
#25 = ORIENTED_EDGE ( 'NONE', *, *, #179, .T. ) ;
#26 = ORIENTED_EDGE ( 'NONE', *, *, #4803, .F. ) ;
#27 = STYLED_ITEM ( 'NONE', ( #2069 ), #2302 ) ;
#28 = CARTESIAN_POINT ( 'NONE',  ( 0.8971769440985940536, 1.072848183932281430, 1.420626116226908486 ) ) ;
#29 = CARTESIAN_POINT ( 'NONE',  ( 0.9991085631127277766, 0.8312873317205256019, 1.651995817079904727 ) ) ;
#30 = CARTESIAN_POINT ( 'NONE',  ( 0.8909867421801247467, 1.071660421240615113, -1.426499961978869413 ) ) ;
#31 = EDGE_LOOP ( 'NONE', ( #233, #2228, #4022, #4064 ) ) ;
#32 = CARTESIAN_POINT ( 'NONE',  ( -1.179999999999999716, 0.3300000000000000155, -1.499999999999998668 ) ) ;
#33 = EDGE_CURVE ( 'NONE', #2935, #3711, #2370, .T. ) ;
#34 = VECTOR ( 'NONE', #2715, 1000.000000000000000 ) ;
#35 = AXIS2_PLACEMENT_3D ( 'NONE', #3500, #3256, #5260 ) ;
#36 = ADVANCED_FACE ( 'NONE', ( #492 ), #2393, .T. ) ;
#37 = ORIENTED_EDGE ( 'NONE', *, *, #4680, .T. ) ;
#38 = DIRECTION ( 'NONE',  ( -0.000000000000000000, -0.000000000000000000, 1.000000000000000000 ) ) ;
#39 = CARTESIAN_POINT ( 'NONE',  ( -0.9927881097920169262, 0.8858224694191352278, -1.636817127075210099 ) ) ;
#40 = DIRECTION ( 'NONE',  ( -0.000000000000000000, -1.000000000000000000, -0.000000000000000000 ) ) ;
#41 = DIRECTION ( 'NONE',  ( -1.000000000000000000, 0.000000000000000000, 1.167602339599774431E-15 ) ) ;
#42 = CARTESIAN_POINT ( 'NONE',  ( -0.9879188070730394733, 1.019498612760130873, 1.530329346716416516 ) ) ;
#43 = ORIENTED_EDGE ( 'NONE', *, *, #3594, .T. ) ;
#44 = CARTESIAN_POINT ( 'NONE',  ( 0.9927881097921210651, 0.8858224694192009530, -1.636817127075185674 ) ) ;
#45 = ORIENTED_EDGE ( 'NONE', *, *, #3671, .T. ) ;
#46 = LINE ( 'NONE', #3633, #59 ) ;
#47 = FACE_OUTER_BOUND ( 'NONE', #4578, .T. ) ;
#48 = CARTESIAN_POINT ( 'NONE',  ( 0.9660327786452918009, 0.9954149142058844602, 1.565072610436584410 ) ) ;
#49 = CARTESIAN_POINT ( 'NONE',  ( 0.3250000000000000666, 1.019238815542514276, -1.850000000000000089 ) ) ;
#50 = MECHANICAL_DESIGN_GEOMETRIC_PRESENTATION_REPRESENTATION (  '', ( #1741 ), #1131 ) ;
#51 = VERTEX_POINT ( 'NONE', #2956 ) ;
#52 = DIRECTION ( 'NONE',  ( 0.000000000000000000, 0.000000000000000000, 1.000000000000000000 ) ) ;
#53 = ORIENTED_EDGE ( 'NONE', *, *, #2962, .F. ) ;
#54 = CARTESIAN_POINT ( 'NONE',  ( -0.9983820723984896395, 1.007347950060990316, -1.544516291583108769 ) ) ;
#55 = DIRECTION ( 'NONE',  ( 0.000000000000000000, -0.000000000000000000, 1.000000000000000000 ) ) ;
#56 = EDGE_LOOP ( 'NONE', ( #2485, #2349, #427, #332 ) ) ;
#57 = DIRECTION ( 'NONE',  ( -1.000000000000000000, -0.000000000000000000, 3.336006684570788525E-16 ) ) ;
#58 = CARTESIAN_POINT ( 'NONE',  ( -1.048879394050830749, 1.010016937910372059, -1.451233100877608706 ) ) ;
#59 = VECTOR ( 'NONE', #845, 1000.000000000000000 ) ;
#60 = ORIENTED_EDGE ( 'NONE', *, *, #5650, .F. ) ;
#61 = CARTESIAN_POINT ( 'NONE',  ( -0.8714647774644659339, 1.080000000000000071, -1.365827787856574771 ) ) ;
#62 = ORIENTED_EDGE ( 'NONE', *, *, #3123, .T. ) ;
#63 = EDGE_CURVE ( 'NONE', #3595, #880, #2126, .T. ) ;
#64 = LINE ( 'NONE', #2183, #1927 ) ;
#65 = ORIENTED_EDGE ( 'NONE', *, *, #3070, .T. ) ;
#66 = FACE_OUTER_BOUND ( 'NONE', #2610, .T. ) ;
#67 = CARTESIAN_POINT ( 'NONE',  ( -0.3249999999999999001, 0.000000000000000000, 1.199999999999999956 ) ) ;
#68 = DIRECTION ( 'NONE',  ( 1.000000000000000000, 0.000000000000000000, 0.000000000000000000 ) ) ;
#69 = CARTESIAN_POINT ( 'NONE',  ( -1.072214560548483187, 0.9134396964319871914, 1.597861021764131140 ) ) ;
#70 = ORIENTED_EDGE ( 'NONE', *, *, #2784, .F. ) ;
#71 = CARTESIAN_POINT ( 'NONE',  ( 0.9063161280508162942, 1.064675585585823425, -1.451110416794402003 ) ) ;
#72 = ORIENTED_EDGE ( 'NONE', *, *, #4803, .T. ) ;
#73 = CARTESIAN_POINT ( 'NONE',  ( 0.8907155160572571839, 1.078436251296193360, 1.373236080141744697 ) ) ;
#74 = CARTESIAN_POINT ( 'NONE',  ( 1.140589816738846185, 0.8157903231379876052, 1.569138611319229604 ) ) ;
#75 = ADVANCED_FACE ( 'NONE', ( #2280 ), #3246, .T. ) ;
#76 = EDGE_CURVE ( 'NONE', #2095, #3803, #4491, .T. ) ;
#77 = ORIENTED_EDGE ( 'NONE', *, *, #2240, .F. ) ;
#78 = ORIENTED_EDGE ( 'NONE', *, *, #5162, .T. ) ;
#79 = CARTESIAN_POINT ( 'NONE',  ( -1.015080377634381525, 0.8625374357278178250, -1.643294780560888846 ) ) ;
#80 = PLANE ( 'NONE',  #3985 ) ;
#81 = CARTESIAN_POINT ( 'NONE',  ( -0.6749999999999992673, 4.902741699796952624, -0.3000000000000000444 ) ) ;
#82 = ORIENTED_EDGE ( 'NONE', *, *, #3852, .T. ) ;
#83 = CARTESIAN_POINT ( 'NONE',  ( 1.050833273150562297, 0.9597915450702889650, -1.573863568457069206 ) ) ;
#84 = ORIENTED_EDGE ( 'NONE', *, *, #2207, .F. ) ;
#85 = PRESENTATION_STYLE_ASSIGNMENT (( #4701 ) ) ;
#86 = CARTESIAN_POINT ( 'NONE',  ( 1.065072611100953859, 0.9954149135490261147, 1.466032777502969342 ) ) ;
#87 = ADVANCED_FACE ( 'NONE', ( #2562 ), #780, .T. ) ;
#88 = VERTEX_POINT ( 'NONE', #5133 ) ;
#89 = FILL_AREA_STYLE_COLOUR ( '', #4912 ) ;
#90 = ORIENTED_EDGE ( 'NONE', *, *, #2463, .T. ) ;
#91 = CARTESIAN_POINT ( 'NONE',  ( -0.9707913012675247755, 1.057342591155982170, 1.412909257551816067 ) ) ;
#92 = DIRECTION ( 'NONE',  ( 1.000000000000000000, -0.000000000000000000, 4.170008355713479616E-16 ) ) ;
#93 = CARTESIAN_POINT ( 'NONE',  ( 1.349999999999996092, 0.000000000000000000, -0.3250000000000000111 ) ) ;
#94 = DIRECTION ( 'NONE',  ( 0.000000000000000000, 0.000000000000000000, -1.000000000000000000 ) ) ;
#95 = CARTESIAN_POINT ( 'NONE',  ( 1.000120629260613736, 1.043204592283039300, -1.437013720446218779 ) ) ;
#96 = ORIENTED_EDGE ( 'NONE', *, *, #5323, .T. ) ;
#97 = PRESENTATION_LAYER_ASSIGNMENT (  '', '', ( #771 ) ) ;
#98 = CARTESIAN_POINT ( 'NONE',  ( -0.8892517310456545809, 1.074159268529401912, -1.414941719496811023 ) ) ;
#99 = VERTEX_POINT ( 'NONE', #4196 ) ;
#100 = ORIENTED_EDGE ( 'NONE', *, *, #2546, .F. ) ;
#101 = CARTESIAN_POINT ( 'NONE',  ( -0.9999999999999976685, 0.4531526981014633582, -1.673545840579787614 ) ) ;
#102 = CARTESIAN_POINT ( 'NONE',  ( -1.110984261445835841, 0.9333068711513207161, 1.517237031731934360 ) ) ;
#103 = ORIENTED_EDGE ( 'NONE', *, *, #3131, .F. ) ;
#104 = FACE_OUTER_BOUND ( 'NONE', #1010, .T. ) ;
#105 = CARTESIAN_POINT ( 'NONE',  ( 0.9548859964594673677, 1.062148574234527798, -1.430753700691515640 ) ) ;
#106 = ORIENTED_EDGE ( 'NONE', *, *, #5003, .T. ) ;
#107 = CARTESIAN_POINT ( 'NONE',  ( 0.8833694936004889975, 1.078819882797829921, 1.380483373213539977 ) ) ;
#108 = AXIS2_PLACEMENT_3D ( 'NONE', #132, #1751, #507 ) ;
#109 = MANIFOLD_SOLID_BREP ( 'Boss-Extrude6[1]', #454 ) ;
#110 = CARTESIAN_POINT ( 'NONE',  ( 1.101622424517084253, 0.9033259170394728477, 1.575465577478304624 ) ) ;
#111 = CYLINDRICAL_SURFACE ( 'NONE', #4454, 0.2999999999999999334 ) ;
#112 = VERTEX_POINT ( 'NONE', #2094 ) ;
#113 = ORIENTED_EDGE ( 'NONE', *, *, #685, .T. ) ;
#114 = FACE_OUTER_BOUND ( 'NONE', #1602, .T. ) ;
#115 = CARTESIAN_POINT ( 'NONE',  ( -1.118101588284328374, 0.9010269862667250607, -1.552758457978011375 ) ) ;
#116 = CARTESIAN_POINT ( 'NONE',  ( 1.349999999999991873, 0.000000000000000000, 1.474999999999999645 ) ) ;
#117 = CARTESIAN_POINT ( 'NONE',  ( -0.9999999999999997780, 0.3300000000000000155, 1.680000000000000160 ) ) ;
#118 = FILL_AREA_STYLE_COLOUR ( '', #702 ) ;
#119 = CARTESIAN_POINT ( 'NONE',  ( -1.087732609982329013, 0.9708480168053972292, 1.469974506217380350 ) ) ;
#120 = EDGE_LOOP ( 'NONE', ( #4579, #737, #3642, #4589 ) ) ;
#121 = CARTESIAN_POINT ( 'NONE',  ( 0.9810852765164523870, 0.9391128902536233225, -1.611159614939744689 ) ) ;
#122 = AXIS2_PLACEMENT_3D ( 'NONE', #918, #4544, #1745 ) ;
#123 = CARTESIAN_POINT ( 'NONE',  ( 0.8865430585341679270, 1.073658406475170635, -1.417538672235177044 ) ) ;
#124 = ADVANCED_FACE ( 'NONE', ( #502 ), #3341, .T. ) ;
#125 = VERTEX_POINT ( 'NONE', #4233 ) ;
#126 = EDGE_CURVE ( 'NONE', #3653, #1836, #2473, .T. ) ;
#127 = DIRECTION ( 'NONE',  ( -1.000000000000000000, 0.000000000000000000, 0.000000000000000000 ) ) ;
#128 = VERTEX_POINT ( 'NONE', #2866 ) ;
#129 = CARTESIAN_POINT ( 'NONE',  ( -0.9825214249716890391, 1.025110848263527608, -1.523069874028930570 ) ) ;
#130 = SURFACE_STYLE_FILL_AREA ( #3527 ) ;
#131 = ORIENTED_EDGE ( 'NONE', *, *, #76, .T. ) ;
#132 = CARTESIAN_POINT ( 'NONE',  ( -0.6750000000000001554, 4.902741699796952624, -0.1750000000000000444 ) ) ;
#133 = CARTESIAN_POINT ( 'NONE',  ( -0.8907155160572874930, 1.078436251296191584, 1.373236080141733595 ) ) ;
#134 = ORIENTED_EDGE ( 'NONE', *, *, #1955, .F. ) ;
#135 = PLANE ( 'NONE',  #4643 ) ;
#136 = CARTESIAN_POINT ( 'NONE',  ( -0.7000000000000082823, 0.1000000000000000056, 1.474999999999999645 ) ) ;
#137 = ORIENTED_EDGE ( 'NONE', *, *, #3123, .F. ) ;
#138 = EDGE_CURVE ( 'NONE', #1857, #5241, #4312, .T. ) ;
#139 = SURFACE_STYLE_FILL_AREA ( #404 ) ;
#140 = CARTESIAN_POINT ( 'NONE',  ( -0.9123738734051655141, 1.074559961117842244, -1.391908950388031307 ) ) ;
#141 = ORIENTED_EDGE ( 'NONE', *, *, #516, .F. ) ;
#142 = ORIENTED_EDGE ( 'NONE', *, *, #2427, .T. ) ;
#143 = CIRCLE ( 'NONE', #862, 0.1250000000000000000 ) ;
#144 = CARTESIAN_POINT ( 'NONE',  ( 0.7000000000000038414, 1.019238815542514276, -0.8250000000000011768 ) ) ;
#145 = CARTESIAN_POINT ( 'NONE',  ( 1.111159614939615237, 0.9391128902538349310, 1.481085276516706628 ) ) ;
#146 = CARTESIAN_POINT ( 'NONE',  ( -1.128440684315237696, 0.8955293642493007411, 1.527506863400096560 ) ) ;
#147 = VERTEX_POINT ( 'NONE', #4315 ) ;
#148 = EDGE_CURVE ( 'NONE', #2314, #3653, #4339, .T. ) ;
#149 = CARTESIAN_POINT ( 'NONE',  ( 0.9017131742648145654, 1.073508056721188764, -1.416265637862335725 ) ) ;
#150 = VERTEX_POINT ( 'NONE', #2541 ) ;
#151 = CARTESIAN_POINT ( 'NONE',  ( 0.8941135689663732844, 1.072320289144443661, 1.423548888709086802 ) ) ;
#152 = CARTESIAN_POINT ( 'NONE',  ( 1.020216784283314748, 0.8139038366818661663, 1.653600453574380680 ) ) ;
#153 = LINE ( 'NONE', #1330, #3986 ) ;
#154 = EDGE_LOOP ( 'NONE', ( #3546, #1855, #5640, #2691 ) ) ;
#155 = DIRECTION ( 'NONE',  ( -1.000000000000000000, 0.000000000000000000, 0.000000000000000000 ) ) ;
#156 = ORIENTED_EDGE ( 'NONE', *, *, #5346, .T. ) ;
#157 = VECTOR ( 'NONE', #2247, 1000.000000000000000 ) ;
#158 = CARTESIAN_POINT ( 'NONE',  ( -1.116987393982778132, 0.9281406144062577246, -1.501698289667466435 ) ) ;
#159 = DIRECTION ( 'NONE',  ( 0.000000000000000000, 0.000000000000000000, 1.000000000000000000 ) ) ;
#160 = CARTESIAN_POINT ( 'NONE',  ( -0.5500000000000002665, 1.030000000000000027, -1.175000000000000266 ) ) ;
#161 = CARTESIAN_POINT ( 'NONE',  ( -1.350000000000003864, 0.000000000000000000, -0.3250000000000001776 ) ) ;
#162 = CARTESIAN_POINT ( 'NONE',  ( 0.000000000000000000, 1.080000000000000071, 1.356004795523255479 ) ) ;
#163 = ORIENTED_EDGE ( 'NONE', *, *, #1472, .F. ) ;
#164 = CARTESIAN_POINT ( 'NONE',  ( 1.056347750597621316, 0.9825516713679006697, -1.535067379642783836 ) ) ;
#165 = CARTESIAN_POINT ( 'NONE',  ( -0.8833695059209450973, 1.078819882588649248, 1.380483362636399702 ) ) ;
#166 = EDGE_LOOP ( 'NONE', ( #5493, #5601, #2720, #2760 ) ) ;
#167 = LINE ( 'NONE', #3524, #3953 ) ;
#168 = CARTESIAN_POINT ( 'NONE',  ( 1.002859763258561188, 1.041870049673044418, 1.433535165636554920 ) ) ;
#169 = CARTESIAN_POINT ( 'NONE',  ( -0.6999999999999945155, 0.1000000000000000472, -1.475000000000006084 ) ) ;
#170 = VERTEX_POINT ( 'NONE', #4624 ) ;
#171 = CARTESIAN_POINT ( 'NONE',  ( -1.040726235807021283, 1.014755510387771231, -1.473392506462018581 ) ) ;
#172 = ORIENTED_EDGE ( 'NONE', *, *, #280, .F. ) ;
#173 = DIRECTION ( 'NONE',  ( 0.000000000000000000, 0.000000000000000000, -1.000000000000000000 ) ) ;
#174 = CARTESIAN_POINT ( 'NONE',  ( -0.9999999999999976685, 0.2300000000000000100, 1.800000000000000044 ) ) ;
#175 = LINE ( 'NONE', #3712, #3994 ) ;
#176 = EDGE_LOOP ( 'NONE', ( #2021, #964, #1995, #2054 ) ) ;
#177 = DIRECTION ( 'NONE',  ( -0.05233595624294395260, -0.9986295347545739443, 0.000000000000000000 ) ) ;
#178 = DIRECTION ( 'NONE',  ( 0.000000000000000000, 1.000000000000000000, -0.000000000000000000 ) ) ;
#179 = EDGE_CURVE ( 'NONE', #3152, #3913, #4431, .T. ) ;
#180 = CARTESIAN_POINT ( 'NONE',  ( 0.9944947493192766164, 1.046370907984776721, -1.429109221682976827 ) ) ;
#181 = AXIS2_PLACEMENT_3D ( 'NONE', #255, #2508, #1934 ) ;
#182 = EDGE_LOOP ( 'NONE', ( #2104, #3885, #2296, #84 ) ) ;
#183 = DIRECTION ( 'NONE',  ( -1.167602339599774233E-15, 0.000000000000000000, -1.000000000000000000 ) ) ;
#184 = ORIENTED_EDGE ( 'NONE', *, *, #4546, .T. ) ;
#185 = DIRECTION ( 'NONE',  ( 0.000000000000000000, 0.000000000000000000, 1.000000000000000000 ) ) ;
#186 = EDGE_LOOP ( 'NONE', ( #1830, #172, #26, #4558 ) ) ;
#187 = DIRECTION ( 'NONE',  ( 0.000000000000000000, -1.000000000000000000, 0.000000000000000000 ) ) ;
#188 = CARTESIAN_POINT ( 'NONE',  ( 0.000000000000000000, 0.2300000000000000100, 0.000000000000000000 ) ) ;
#189 = EDGE_CURVE ( 'NONE', #170, #206, #564, .T. ) ;
#190 = CARTESIAN_POINT ( 'NONE',  ( -0.9009284672786836978, 1.066011753503925297, 1.446621399726015333 ) ) ;
#191 = DIRECTION ( 'NONE',  ( 1.000000000000000000, 0.000000000000000000, 0.000000000000000000 ) ) ;
#192 = MECHANICAL_DESIGN_GEOMETRIC_PRESENTATION_REPRESENTATION (  '', ( #2466 ), #4322 ) ;
#193 = EDGE_LOOP ( 'NONE', ( #4075, #2241, #1060, #2063 ) ) ;
#194 = FACE_BOUND ( 'NONE', #4515, .T. ) ;
#195 = CARTESIAN_POINT ( 'NONE',  ( -0.9061140760607471201, 1.073772003237669415, 1.411935037699445949 ) ) ;
#196 = DIRECTION ( 'NONE',  ( 0.000000000000000000, -1.000000000000000000, 0.000000000000000000 ) ) ;
#197 = CARTESIAN_POINT ( 'NONE',  ( 0.9370580669695459664, 1.068689204177748930, -1.407580860375592824 ) ) ;
#198 = EDGE_LOOP ( 'NONE', ( #5480, #1753, #1685, #5598 ) ) ;
#199 = CARTESIAN_POINT ( 'NONE',  ( -1.000000889862843190, 0.8694965781573529284, 1.651726182407973420 ) ) ;
#200 = CARTESIAN_POINT ( 'NONE',  ( 1.051288801758195390, 1.000921522789720575, 1.503239048080891260 ) ) ;
#201 = ORIENTED_EDGE ( 'NONE', *, *, #1542, .F. ) ;
#202 = EDGE_LOOP ( 'NONE', ( #5401, #3415, #1624, #638 ) ) ;
#203 = CARTESIAN_POINT ( 'NONE',  ( -1.001698280472032243, 0.9281406110466889903, -1.616987395813786810 ) ) ;
#204 = DIRECTION ( 'NONE',  ( 0.000000000000000000, -0.000000000000000000, -1.000000000000000000 ) ) ;
#205 = PLANE ( 'NONE',  #2984 ) ;
#206 = VERTEX_POINT ( 'NONE', #1179 ) ;
#207 = CARTESIAN_POINT ( 'NONE',  ( 1.060627220570753204, 0.9425429517263752555, -1.584715230617910420 ) ) ;
#208 = VERTEX_POINT ( 'NONE', #3680 ) ;
#209 = VECTOR ( 'NONE', #4221, 1000.000000000000000 ) ;
#210 = DIRECTION ( 'NONE',  ( 8.340016711426959233E-16, 0.000000000000000000, -1.000000000000000000 ) ) ;
#211 = ORIENTED_EDGE ( 'NONE', *, *, #889, .T. ) ;
#212 = CARTESIAN_POINT ( 'NONE',  ( -1.000930184564645220, 1.039955919684973917, -1.465711131935586220 ) ) ;
#213 = ORIENTED_EDGE ( 'NONE', *, *, #2802, .T. ) ;
#214 = FILL_AREA_STYLE_COLOUR ( '', #4833 ) ;
#215 = CARTESIAN_POINT ( 'NONE',  ( 0.3249999999999998446, 1.019238815542514276, 1.849999999999999867 ) ) ;
#216 = EDGE_CURVE ( 'NONE', #5505, #902, #2462, .T. ) ;
#217 = ORIENTED_EDGE ( 'NONE', *, *, #2403, .T. ) ;
#218 = DIRECTION ( 'NONE',  ( 1.000000000000000000, -0.000000000000000000, -0.000000000000000000 ) ) ;
#219 = CARTESIAN_POINT ( 'NONE',  ( -1.029804806974447651, 1.024685310197359644, -1.441913775768882244 ) ) ;
#220 = VECTOR ( 'NONE', #5623, 1000.000000000000000 ) ;
#221 = CARTESIAN_POINT ( 'NONE',  ( -1.084345632744780241, 0.8711313492551423510, 1.611747722559428331 ) ) ;
#222 = ORIENTED_EDGE ( 'NONE', *, *, #4795, .T. ) ;
#223 = CARTESIAN_POINT ( 'NONE',  ( -0.8560047955232542582, 1.080000000000000071, -1.356004795523255479 ) ) ;
#224 = ORIENTED_EDGE ( 'NONE', *, *, #3520, .F. ) ;
#225 = ORIENTED_EDGE ( 'NONE', *, *, #1209, .T. ) ;
#226 = CARTESIAN_POINT ( 'NONE',  ( -0.7000000000000082823, 0.000000000000000000, 1.474999999999999645 ) ) ;
#227 = AXIS2_PLACEMENT_3D ( 'NONE', #1914, #2373, #4496 ) ;
#228 = DIRECTION ( 'NONE',  ( -0.000000000000000000, -1.000000000000000000, -0.000000000000000000 ) ) ;
#229 = CARTESIAN_POINT ( 'NONE',  ( -0.9512331008779082442, 1.010016937910595436, 1.548879394050578506 ) ) ;
#230 = CARTESIAN_POINT ( 'NONE',  ( -1.132146279683589718, 0.8976693910940383159, 1.499928932186711750 ) ) ;
#231 = ORIENTED_EDGE ( 'NONE', *, *, #1996, .F. ) ;
#232 = CARTESIAN_POINT ( 'NONE',  ( -0.8732360801417232699, 1.078436251296192028, 1.390715516057293266 ) ) ;
#233 = ORIENTED_EDGE ( 'NONE', *, *, #4142, .F. ) ;
#234 = FILL_AREA_STYLE_COLOUR ( '', #1304 ) ;
#235 = CARTESIAN_POINT ( 'NONE',  ( 1.111159614939615237, 0.9391128902538349310, 1.481085276516706628 ) ) ;
#236 = ORIENTED_EDGE ( 'NONE', *, *, #4669, .T. ) ;
#237 = CARTESIAN_POINT ( 'NONE',  ( -0.9155027464582516927, 1.058258018718172266, 1.468567173047131691 ) ) ;
#238 = ORIENTED_EDGE ( 'NONE', *, *, #4856, .F. ) ;
#239 = FACE_BOUND ( 'NONE', #2226, .T. ) ;
#240 = CARTESIAN_POINT ( 'NONE',  ( -0.5500000000000002665, 1.030000000000000027, -0.9250000000000000444 ) ) ;
#241 = CARTESIAN_POINT ( 'NONE',  ( -0.6999999999999945155, 0.1000000000000000056, -1.475000000000006084 ) ) ;
#242 = CARTESIAN_POINT ( 'NONE',  ( 1.173545840579787614, 0.4531526981014633582, 1.499999999999997780 ) ) ;
#243 = FILL_AREA_STYLE ('',( #1480 ) ) ;
#244 = VERTEX_POINT ( 'NONE', #1042 ) ;
#245 = CARTESIAN_POINT ( 'NONE',  ( 1.038029291087880113, 1.003122731748538055, -1.518808417679373468 ) ) ;
#246 = CARTESIAN_POINT ( 'NONE',  ( -0.8907155160572874930, 1.078436251296191584, 1.373236080141733595 ) ) ;
#247 = ORIENTED_EDGE ( 'NONE', *, *, #551, .F. ) ;
#248 = CARTESIAN_POINT ( 'NONE',  ( -1.349999999999996092, 0.000000000000000000, -0.8250000000000081712 ) ) ;
#249 = ORIENTED_EDGE ( 'NONE', *, *, #360, .F. ) ;
#250 = CARTESIAN_POINT ( 'NONE',  ( -1.001467854731840745, 1.021395854440346307, -1.518432064597514008 ) ) ;
#251 = ORIENTED_EDGE ( 'NONE', *, *, #1725, .F. ) ;
#252 = AXIS2_PLACEMENT_3D ( 'NONE', #4033, #4395, #4537 ) ;
#253 = DIRECTION ( 'NONE',  ( 3.336006684570789018E-16, 0.000000000000000000, 1.000000000000000000 ) ) ;
#254 = DIRECTION ( 'NONE',  ( 0.000000000000000000, 0.000000000000000000, -1.000000000000000000 ) ) ;
#255 = CARTESIAN_POINT ( 'NONE',  ( -0.3249999999999999001, 1.019238815542514276, 1.199999999999999956 ) ) ;
#256 = PLANE ( 'NONE',  #1353 ) ;
#257 = CARTESIAN_POINT ( 'NONE',  ( 0.9228775636249608727, 1.055490252717675492, -1.474963207987017855 ) ) ;
#258 = ORIENTED_EDGE ( 'NONE', *, *, #4260, .F. ) ;
#259 = FACE_BOUND ( 'NONE', #3833, .T. ) ;
#260 = CARTESIAN_POINT ( 'NONE',  ( 0.9228775487057866433, 1.055490247842543194, 1.474963220470604908 ) ) ;
#261 = CARTESIAN_POINT ( 'NONE',  ( -0.9999999999999976685, 0.3300000000000000155, 1.800000000000000044 ) ) ;
#262 = ORIENTED_EDGE ( 'NONE', *, *, #3464, .T. ) ;
#263 = CARTESIAN_POINT ( 'NONE',  ( 0.3250000000000000666, 0.1000000000000000472, -1.850000000000000089 ) ) ;
#264 = AXIS2_PLACEMENT_3D ( 'NONE', #1709, #3475, #5194 ) ;
#265 = DIRECTION ( 'NONE',  ( 0.000000000000000000, 0.05233595624294395260, -0.9986295347545739443 ) ) ;
#266 = DIRECTION ( 'NONE',  ( 4.003208021484939327E-15, 0.000000000000000000, -1.000000000000000000 ) ) ;
#267 = CARTESIAN_POINT ( 'NONE',  ( 1.074742497493837323, 0.9855708825236553228, 1.463744884446339434 ) ) ;
#268 = EDGE_CURVE ( 'NONE', #3990, #2007, #2515, .T. ) ;
#269 = SURFACE_SIDE_STYLE ('',( #2239 ) ) ;
#270 = ORIENTED_EDGE ( 'NONE', *, *, #3503, .T. ) ;
#271 = CARTESIAN_POINT ( 'NONE',  ( -0.9162656705671700097, 1.073508052926896994, 1.401713142891988895 ) ) ;
#272 = CARTESIAN_POINT ( 'NONE',  ( -0.5500000000000002665, 0.6764466094067260737, -1.050000000000000044 ) ) ;
#273 = ORIENTED_EDGE ( 'NONE', *, *, #2008, .F. ) ;
#274 = CARTESIAN_POINT ( 'NONE',  ( -1.350000000000003197, 0.1000000000000000472, 0.3250000000000000111 ) ) ;
#275 = CARTESIAN_POINT ( 'NONE',  ( 1.029682432681677806, 0.9896591491538138108, 1.550326638760259890 ) ) ;
#276 = ADVANCED_FACE ( 'NONE', ( #608 ), #3443, .F. ) ;
#277 = DIRECTION ( 'NONE',  ( 1.000000000000000000, -0.000000000000000000, 0.000000000000000000 ) ) ;
#278 = AXIS2_PLACEMENT_3D ( 'NONE', #4973, #545, #4831 ) ;
#279 = ORIENTED_EDGE ( 'NONE', *, *, #1955, .T. ) ;
#280 = EDGE_CURVE ( 'NONE', #3987, #3691, #615, .T. ) ;
#281 = CARTESIAN_POINT ( 'NONE',  ( -1.035067379642734986, 0.9825516713678219549, -1.556347750597647073 ) ) ;
#282 = CARTESIAN_POINT ( 'NONE',  ( -0.8909867421800862219, 1.071660421240599348, -1.426499961978934472 ) ) ;
#283 = DIRECTION ( 'NONE',  ( 0.000000000000000000, -1.000000000000000000, 0.000000000000000000 ) ) ;
#284 = DIRECTION ( 'NONE',  ( -0.7071067811865513475, 0.000000000000000000, 0.7071067811865436870 ) ) ;
#285 = ORIENTED_EDGE ( 'NONE', *, *, #1928, .F. ) ;
#286 = CARTESIAN_POINT ( 'NONE',  ( 1.013262890654194059, 1.009453778681803193, -1.531716585644994355 ) ) ;
#287 = DIRECTION ( 'NONE',  ( 0.000000000000000000, -1.000000000000000000, 0.000000000000000000 ) ) ;
#288 = ORIENTED_EDGE ( 'NONE', *, *, #3315, .F. ) ;
#289 = CARTESIAN_POINT ( 'NONE',  ( -0.9496837075454509502, 1.012648599492148138, -1.545701584146263352 ) ) ;
#290 = EDGE_CURVE ( 'NONE', #4243, #1836, #628, .T. ) ;
#291 = ORIENTED_EDGE ( 'NONE', *, *, #1086, .F. ) ;
#292 =( NAMED_UNIT ( * ) SI_UNIT ( $, .STERADIAN. ) SOLID_ANGLE_UNIT ( ) );
#293 = CARTESIAN_POINT ( 'NONE',  ( 1.349999999999995648, 0.1000000000000000056, 0.3249999999999999001 ) ) ;
#294 = FILL_AREA_STYLE ('',( #1043 ) ) ;
#295 = CARTESIAN_POINT ( 'NONE',  ( -0.3249999999999998446, 0.1000000000000000056, -1.200000000000000178 ) ) ;
#296 = ORIENTED_EDGE ( 'NONE', *, *, #382, .F. ) ;
#297 = FACE_OUTER_BOUND ( 'NONE', #1218, .T. ) ;
#298 = CARTESIAN_POINT ( 'NONE',  ( 0.9129092575518737984, 1.057342591156025025, 1.470791301267419415 ) ) ;
#299 = CARTESIAN_POINT ( 'NONE',  ( 1.349999999999992317, 0.000000000000000000, 0.8249999999999999556 ) ) ;
#300 = AXIS2_PLACEMENT_3D ( 'NONE', #4771, #480, #1314 ) ;
#301 = ORIENTED_EDGE ( 'NONE', *, *, #3688, .T. ) ;
#302 = CARTESIAN_POINT ( 'NONE',  ( 1.349999999999991873, 1.019238815542514276, 1.474999999999999645 ) ) ;
#303 = CARTESIAN_POINT ( 'NONE',  ( -1.150590991302799626, 0.8333633414094907543, -1.518837728908555729 ) ) ;
#304 = CARTESIAN_POINT ( 'NONE',  ( -1.155593655949626930, 0.7957007868728830369, 1.499999999999998002 ) ) ;
#305 = DIRECTION ( 'NONE',  ( 0.000000000000000000, 0.000000000000000000, 1.000000000000000000 ) ) ;
#306 = CARTESIAN_POINT ( 'NONE',  ( -1.091405377511103225, 0.9663642124728964999, 1.479407906625583413 ) ) ;
#307 = VERTEX_POINT ( 'NONE', #4450 ) ;
#308 = VECTOR ( 'NONE', #2718, 1000.000000000000000 ) ;
#309 = CARTESIAN_POINT ( 'NONE',  ( 1.069138611323146915, 0.8157903231378880182, -1.640589816737942463 ) ) ;
#310 = ORIENTED_EDGE ( 'NONE', *, *, #1238, .F. ) ;
#311 = EDGE_CURVE ( 'NONE', #8, #3873, #4407, .T. ) ;
#312 = DIRECTION ( 'NONE',  ( 0.000000000000000000, 0.000000000000000000, -1.000000000000000000 ) ) ;
#313 = CARTESIAN_POINT ( 'NONE',  ( 1.035067379642772289, 0.9825516713680682024, 1.556347750597564694 ) ) ;
#314 = CARTESIAN_POINT ( 'NONE',  ( 0.8560047955232547023, 1.079999999999999849, 1.356004795523255035 ) ) ;
#315 = ORIENTED_EDGE ( 'NONE', *, *, #2341, .F. ) ;
#316 = FACE_BOUND ( 'NONE', #154, .T. ) ;
#317 = SURFACE_SIDE_STYLE ('',( #3069 ) ) ;
#318 = DIRECTION ( 'NONE',  ( -1.000000000000000000, 0.000000000000000000, -3.336006684570783299E-15 ) ) ;
#319 = ORIENTED_EDGE ( 'NONE', *, *, #1238, .T. ) ;
#320 = CARTESIAN_POINT ( 'NONE',  ( 0.9733925064620435608, 1.014755510387872262, -1.540726235806893385 ) ) ;
#321 = CARTESIAN_POINT ( 'NONE',  ( 0.8643968579406184904, 1.080000000000000071, -1.372914362676383115 ) ) ;
#322 = ADVANCED_FACE ( 'NONE', ( #4382 ), #2716, .T. ) ;
#323 = EDGE_CURVE ( 'NONE', #4414, #2641, #579, .T. ) ;
#324 = PRESENTATION_LAYER_ASSIGNMENT (  '', '', ( #1575 ) ) ;
#325 = EDGE_LOOP ( 'NONE', ( #2808, #4128, #4139, #201 ) ) ;
#326 = CARTESIAN_POINT ( 'NONE',  ( -0.9550809983933674641, 1.059845751267129765, -1.444623975306114749 ) ) ;
#327 = EDGE_CURVE ( 'NONE', #2777, #2024, #2526, .T. ) ;
#328 = VERTEX_POINT ( 'NONE', #3486 ) ;
#329 = DIRECTION ( 'NONE',  ( -1.000000000000000000, 0.000000000000000000, 1.000802005371234635E-15 ) ) ;
#330 = CARTESIAN_POINT ( 'NONE',  ( 0.8560047955232551464, 1.080000000000000071, -1.356004795523254813 ) ) ;
#331 = CARTESIAN_POINT ( 'NONE',  ( -1.137070422585480411, 0.8372100364385636206, 1.566584643407418209 ) ) ;
#332 = ORIENTED_EDGE ( 'NONE', *, *, #3075, .T. ) ;
#333 = EDGE_CURVE ( 'NONE', #4528, #4115, #645, .T. ) ;
#334 = ORIENTED_EDGE ( 'NONE', *, *, #2518, .F. ) ;
#335 = CARTESIAN_POINT ( 'NONE',  ( 0.9695112225650087678, 1.053167411977215417, 1.457522292062442881 ) ) ;
#336 = CARTESIAN_POINT ( 'NONE',  ( 0.9258613262386101717, 1.045011609023339672, -1.497056737032331108 ) ) ;
#337 = VERTEX_POINT ( 'NONE', #4843 ) ;
#338 = EDGE_CURVE ( 'NONE', #5549, #1474, #2500, .T. ) ;
#339 = CARTESIAN_POINT ( 'NONE',  ( 1.349999999999995648, 0.000000000000000000, 0.3249999999999999001 ) ) ;
#340 = CARTESIAN_POINT ( 'NONE',  ( 1.030251031690175179, 1.024912077892203177, -1.442138512654979943 ) ) ;
#341 = ORIENTED_EDGE ( 'NONE', *, *, #4941, .T. ) ;
#342 = DIRECTION ( 'NONE',  ( 0.000000000000000000, 1.000000000000000000, 0.000000000000000000 ) ) ;
#343 = EDGE_LOOP ( 'NONE', ( #726, #699, #5424, #5568 ) ) ;
#344 = COLOUR_RGB ( '',0.7921568627450980005, 0.8196078431372548767, 0.9333333333333333481 ) ;
#345 = CARTESIAN_POINT ( 'NONE',  ( 1.084345632743770382, 0.8711313492550909476, -1.611747722560269658 ) ) ;
#346 = AXIS2_PLACEMENT_3D ( 'NONE', #965, #11, #1379 ) ;
#347 = EDGE_LOOP ( 'NONE', ( #2000, #2847, #1957, #913 ) ) ;
#348 = CARTESIAN_POINT ( 'NONE',  ( 0.3250000000000000666, 0.1000000000000000472, -1.850000000000000089 ) ) ;
#349 = SURFACE_SIDE_STYLE ('',( #929 ) ) ;
#350 = CARTESIAN_POINT ( 'NONE',  ( 1.070712174341332812, 0.9800845277766028207, 1.517525915218293608 ) ) ;
#351 = EDGE_CURVE ( 'NONE', #51, #2113, #523, .T. ) ;
#352 = EDGE_LOOP ( 'NONE', ( #4162, #12, #1959, #4118 ) ) ;
#353 = EDGE_LOOP ( 'NONE', ( #296, #4061, #2169, #291 ) ) ;
#354 = VECTOR ( 'NONE', #2326, 1000.000000000000000 ) ;
#355 = DIRECTION ( 'NONE',  ( 0.000000000000000000, 0.000000000000000000, 1.000000000000000000 ) ) ;
#356 = CARTESIAN_POINT ( 'NONE',  ( 1.173545840579787614, 0.4531526981014634137, 1.499999999999997780 ) ) ;
#357 = DIRECTION ( 'NONE',  ( 0.000000000000000000, 0.000000000000000000, 1.000000000000000000 ) ) ;
#358 = EDGE_LOOP ( 'NONE', ( #923, #4106, #113, #310 ) ) ;
#359 = CARTESIAN_POINT ( 'NONE',  ( 0.9824008080463082493, 1.002083374055925402, -1.555294771899192519 ) ) ;
#360 = EDGE_CURVE ( 'NONE', #2753, #4503, #4480, .T. ) ;
#361 = ORIENTED_EDGE ( 'NONE', *, *, #719, .T. ) ;
#362 = ORIENTED_EDGE ( 'NONE', *, *, #1191, .T. ) ;
#363 = CARTESIAN_POINT ( 'NONE',  ( -0.9442603579626032140, 1.066839277064781877, -1.399786392071471708 ) ) ;
#364 = ORIENTED_EDGE ( 'NONE', *, *, #1413, .F. ) ;
#365 = DIRECTION ( 'NONE',  ( -1.000000000000000000, 0.000000000000000000, -0.000000000000000000 ) ) ;
#366 = DIRECTION ( 'NONE',  ( -1.000000000000000000, 0.000000000000000000, 0.000000000000000000 ) ) ;
#367 = ADVANCED_FACE ( 'NONE', ( #2537 ), #2677, .F. ) ;
#368 = CARTESIAN_POINT ( 'NONE',  ( 1.350000000000002753, 0.000000000000000000, -0.8249999999999989564 ) ) ;
#369 = UNCERTAINTY_MEASURE_WITH_UNIT (LENGTH_MEASURE( 1.000000000000000082E-05 ), #5066, 'distance_accuracy_value', 'NONE');
#370 = VERTEX_POINT ( 'NONE', #520 ) ;
#371 = CARTESIAN_POINT ( 'NONE',  ( 0.9323373224875255438, 1.047560294904165801, 1.491866817957034907 ) ) ;
#372 = CARTESIAN_POINT ( 'NONE',  ( 0.9041423583169583278, 1.064016118123555010, -1.453059464202481887 ) ) ;
#373 = VERTEX_POINT ( 'NONE', #1355 ) ;
#374 = DIRECTION ( 'NONE',  ( -0.000000000000000000, -1.000000000000000000, -0.000000000000000000 ) ) ;
#375 = CARTESIAN_POINT ( 'NONE',  ( -1.040289867663483525, 0.7975409522037500976, -1.650416234492430023 ) ) ;
#376 = CARTESIAN_POINT ( 'NONE',  ( -1.121191648480029279, 0.9217622814954223864, 1.485751251750236257 ) ) ;
#377 = ORIENTED_EDGE ( 'NONE', *, *, #3300, .T. ) ;
#378 = CARTESIAN_POINT ( 'NONE',  ( -0.7000000000000082823, 0.000000000000000000, 1.474999999999999645 ) ) ;
#379 = ORIENTED_EDGE ( 'NONE', *, *, #3315, .T. ) ;
#380 = CARTESIAN_POINT ( 'NONE',  ( -1.038029291087833483, 1.003122731748613106, 1.518808417679363254 ) ) ;
#381 = CARTESIAN_POINT ( 'NONE',  ( 1.015080382665028091, 0.8625374376716673508, -1.643294780065915228 ) ) ;
#382 = EDGE_CURVE ( 'NONE', #3593, #4647, #2440, .T. ) ;
#383 = ORIENTED_EDGE ( 'NONE', *, *, #360, .T. ) ;
#384 = PRODUCT_RELATED_PRODUCT_CATEGORY ( 'part', '', ( #1073 ) ) ;
#385 = CARTESIAN_POINT ( 'NONE',  ( 0.9461897899751843255, 1.033648998707068944, 1.516278140542965502 ) ) ;
#386 = CARTESIAN_POINT ( 'NONE',  ( 1.350000000000002753, 1.019238815542514276, -0.8249999999999989564 ) ) ;
#387 = ORIENTED_EDGE ( 'NONE', *, *, #2740, .F. ) ;
#388 = PLANE ( 'NONE',  #4737 ) ;
#389 = CARTESIAN_POINT ( 'NONE',  ( 1.350000000000002753, 0.1000000000000000056, -0.8249999999999989564 ) ) ;
#390 = DIRECTION ( 'NONE',  ( 1.167602339599774431E-15, 0.000000000000000000, 1.000000000000000000 ) ) ;
#391 = CARTESIAN_POINT ( 'NONE',  ( 1.155593655949627374, 0.7957007868728832589, 1.499999999999997780 ) ) ;
#392 = ORIENTED_EDGE ( 'NONE', *, *, #1249, .F. ) ;
#393 = CARTESIAN_POINT ( 'NONE',  ( 1.023069874028815995, 1.025110848263649066, -1.482521424971649182 ) ) ;
#394 = CARTESIAN_POINT ( 'NONE',  ( 0.9999999999999983347, 0.7957007868729036870, 1.655593655949626264 ) ) ;
#395 = AXIS2_PLACEMENT_3D ( 'NONE', #3090, #4423, #4853 ) ;
#396 = CARTESIAN_POINT ( 'NONE',  ( -0.9927881097922303111, 0.8858224694192680104, 1.636817127075159917 ) ) ;
#397 = EDGE_LOOP ( 'NONE', ( #273, #689, #43, #2890 ) ) ;
#398 = EDGE_CURVE ( 'NONE', #4156, #2180, #4440, .T. ) ;
#399 = VERTEX_POINT ( 'NONE', #4484 ) ;
#400 = CARTESIAN_POINT ( 'NONE',  ( -0.9370580417351135338, 1.068689209408724139, -1.407580886371462503 ) ) ;
#401 = ADVANCED_FACE ( 'NONE', ( #2453 ), #778, .F. ) ;
#402 = EDGE_LOOP ( 'NONE', ( #3423, #5000, #1419 ) ) ;
#403 = DIRECTION ( 'NONE',  ( -1.000000000000000000, 0.000000000000000000, 1.167602339599774233E-15 ) ) ;
#404 = FILL_AREA_STYLE ('',( #5285 ) ) ;
#405 =( GEOMETRIC_REPRESENTATION_CONTEXT ( 3 ) GLOBAL_UNCERTAINTY_ASSIGNED_CONTEXT ( ( #2551 ) ) GLOBAL_UNIT_ASSIGNED_CONTEXT ( ( #4534, #5334, #5369 ) ) REPRESENTATION_CONTEXT ( 'NONE', 'WORKASPACE' ) );
#406 = CARTESIAN_POINT ( 'NONE',  ( 0.9127280726318582893, 1.066241819420646886, -1.445232187330713680 ) ) ;
#407 = ORIENTED_EDGE ( 'NONE', *, *, #614, .T. ) ;
#408 = ORIENTED_EDGE ( 'NONE', *, *, #1075, .F. ) ;
#409 = CARTESIAN_POINT ( 'NONE',  ( 0.9333282868733123738, 1.067972916364936964, 1.425221867688779565 ) ) ;
#410 = ORIENTED_EDGE ( 'NONE', *, *, #2427, .F. ) ;
#411 = ADVANCED_FACE ( 'NONE', ( #4474 ), #974, .T. ) ;
#412 = CARTESIAN_POINT ( 'NONE',  ( -0.9944947493191783616, 1.046370907984821796, 1.429109221683058983 ) ) ;
#413 = CARTESIAN_POINT ( 'NONE',  ( -1.149551563599661153, 0.8147318162606983494, -1.540019966371712901 ) ) ;
#414 = AXIS2_PLACEMENT_3D ( 'NONE', #2459, #3880, #2600 ) ;
#415 = CARTESIAN_POINT ( 'NONE',  ( 1.071687417139771670, 0.9887735540504511977, -1.462252839055370179 ) ) ;
#416 = VERTEX_POINT ( 'NONE', #650 ) ;
#417 = CARTESIAN_POINT ( 'NONE',  ( 0.3250000000000000666, 0.1000000000000000056, -1.850000000000000089 ) ) ;
#418 = CARTESIAN_POINT ( 'NONE',  ( -0.8000000000000001554, 4.902741699796952624, 1.174999999999998934 ) ) ;
#419 = ORIENTED_EDGE ( 'NONE', *, *, #4002, .F. ) ;
#420 = CARTESIAN_POINT ( 'NONE',  ( -0.9824008080465331805, 1.002083374055676490, 1.555294771899256911 ) ) ;
#421 = EDGE_CURVE ( 'NONE', #1976, #3508, #1606, .T. ) ;
#422 = CARTESIAN_POINT ( 'NONE',  ( 1.010339352180588124, 0.8911812281405392389, -1.633810574179365593 ) ) ;
#423 = VERTEX_POINT ( 'NONE', #4521 ) ;
#424 = CARTESIAN_POINT ( 'NONE',  ( 1.044516295728029842, 1.007347948418954253, 1.498382067058603662 ) ) ;
#425 = DIRECTION ( 'NONE',  ( -1.000000000000000000, -0.000000000000000000, 3.336006684570789018E-16 ) ) ;
#426 = ORIENTED_EDGE ( 'NONE', *, *, #3300, .F. ) ;
#427 = ORIENTED_EDGE ( 'NONE', *, *, #2648, .T. ) ;
#428 = CARTESIAN_POINT ( 'NONE',  ( -0.9695338005661193748, 0.9884913730960390721, -1.572001257553426345 ) ) ;
#429 = DIRECTION ( 'NONE',  ( 4.170008355713479616E-16, 0.000000000000000000, -1.000000000000000000 ) ) ;
#430 = DIRECTION ( 'NONE',  ( -0.000000000000000000, 0.000000000000000000, -1.000000000000000000 ) ) ;
#431 = EDGE_CURVE ( 'NONE', #399, #2641, #4352, .T. ) ;
#432 = ORIENTED_EDGE ( 'NONE', *, *, #2075, .F. ) ;
#433 = CARTESIAN_POINT ( 'NONE',  ( 1.033229320063462797, 1.020660045154826223, -1.468716976451173384 ) ) ;
#434 = CARTESIAN_POINT ( 'NONE',  ( -1.140408405820742876, 0.8722597831838924121, 1.513606590208556479 ) ) ;
#435 = CARTESIAN_POINT ( 'NONE',  ( 0.9639595436324033262, 1.049496022030368847, 1.476660654746109635 ) ) ;
#436 = ORIENTED_EDGE ( 'NONE', *, *, #3826, .F. ) ;
#437 = EDGE_LOOP ( 'NONE', ( #2274, #2923, #4207, #4096 ) ) ;
#438 = CARTESIAN_POINT ( 'NONE',  ( -0.9258613262385306797, 1.045011609023280386, -1.497056737032443907 ) ) ;
#439 = VERTEX_POINT ( 'NONE', #2029 ) ;
#440 = DIRECTION ( 'NONE',  ( 1.167602339599774233E-15, 0.000000000000000000, 1.000000000000000000 ) ) ;
#441 = DIRECTION ( 'NONE',  ( 0.000000000000000000, 0.000000000000000000, 1.000000000000000000 ) ) ;
#442 = DIRECTION ( 'NONE',  ( -0.000000000000000000, 0.000000000000000000, -1.000000000000000000 ) ) ;
#443 = ORIENTED_EDGE ( 'NONE', *, *, #578, .T. ) ;
#444 = ORIENTED_EDGE ( 'NONE', *, *, #4769, .F. ) ;
#445 = CARTESIAN_POINT ( 'NONE',  ( 0.8732360801417469176, 1.078436251296192250, 1.390715516057255519 ) ) ;
#446 = CARTESIAN_POINT ( 'NONE',  ( 1.143294780066256289, 0.8625374376716615776, 1.515080382662535197 ) ) ;
#447 = DIRECTION ( 'NONE',  ( -1.000000000000000000, 0.000000000000000000, 0.000000000000000000 ) ) ;
#448 = ADVANCED_FACE ( 'NONE', ( #653 ), #5390, .F. ) ;
#449 = ORIENTED_EDGE ( 'NONE', *, *, #1879, .T. ) ;
#450 = DIRECTION ( 'NONE',  ( -0.05233595624294395260, -0.9986295347545739443, -0.000000000000000000 ) ) ;
#451 = CARTESIAN_POINT ( 'NONE',  ( -0.5500000000000002665, 1.080000000000000071, -0.9250000000000000444 ) ) ;
#452 = CARTESIAN_POINT ( 'NONE',  ( -1.155593655949626930, 0.7957007868728831479, -1.499999999999998668 ) ) ;
#453 = CARTESIAN_POINT ( 'NONE',  ( -1.142833789522872845, 0.8678982773580683485, 1.495391032865409642 ) ) ;
#454 = CLOSED_SHELL ( 'NONE', ( #1162, #19, #2056, #3808, #852, #2989 ) ) ;
#455 = DIRECTION ( 'NONE',  ( 0.000000000000000000, 0.000000000000000000, -1.000000000000000000 ) ) ;
#456 = MECHANICAL_DESIGN_GEOMETRIC_PRESENTATION_REPRESENTATION (  '', ( #1956 ), #3124 ) ;
#457 = EDGE_LOOP ( 'NONE', ( #2244, #4254, #4356, #2304 ) ) ;
#458 = CARTESIAN_POINT ( 'NONE',  ( -1.044516291583051704, 1.007347950061029396, 1.498382072398608322 ) ) ;
#459 = CARTESIAN_POINT ( 'NONE',  ( 1.008512752947608559, 0.9003771645578952931, -1.630096843869085266 ) ) ;
#460 = VERTEX_POINT ( 'NONE', #4597 ) ;
#461 = CARTESIAN_POINT ( 'NONE',  ( 1.024187057294192016, 1.028444942187064504, 1.450672872546643344 ) ) ;
#462 = ADVANCED_FACE ( 'NONE', ( #672 ), #2442, .F. ) ;
#463 = DIRECTION ( 'NONE',  ( -0.000000000000000000, 0.000000000000000000, -1.000000000000000000 ) ) ;
#464 = FILL_AREA_STYLE ('',( #4299 ) ) ;
#465 = ORIENTED_EDGE ( 'NONE', *, *, #4921, .T. ) ;
#466 = ORIENTED_EDGE ( 'NONE', *, *, #311, .F. ) ;
#467 = STYLED_ITEM ( 'NONE', ( #85 ), #3144 ) ;
#468 = DIRECTION ( 'NONE',  ( -0.000000000000000000, -1.000000000000000000, -0.000000000000000000 ) ) ;
#469 = CARTESIAN_POINT ( 'NONE',  ( -0.7000000000000041744, 0.1000000000000000056, 0.3249999999999997891 ) ) ;
#470 = DIRECTION ( 'NONE',  ( -0.000000000000000000, -1.000000000000000000, -0.000000000000000000 ) ) ;
#471 = ORIENTED_EDGE ( 'NONE', *, *, #2937, .F. ) ;
#472 = EDGE_CURVE ( 'NONE', #4201, #1937, #4542, .T. ) ;
#473 = VECTOR ( 'NONE', #4952, 1000.000000000000000 ) ;
#474 = ORIENTED_EDGE ( 'NONE', *, *, #2282, .T. ) ;
#475 = CARTESIAN_POINT ( 'NONE',  ( -0.9250181729358154525, 1.072012352205825803, -1.392562265934750299 ) ) ;
#476 = AXIS2_PLACEMENT_3D ( 'NONE', #5427, #185, #3274 ) ;
#477 = VERTEX_POINT ( 'NONE', #4751 ) ;
#478 = CARTESIAN_POINT ( 'NONE',  ( -0.9017644251033692937, 1.067387405522805199, 1.442457785152101879 ) ) ;
#479 = PLANE ( 'NONE',  #997 ) ;
#480 = DIRECTION ( 'NONE',  ( -6.690255658841881947E-15, -1.733708044759566911E-16, -1.000000000000000000 ) ) ;
#481 = EDGE_CURVE ( 'NONE', #3653, #416, #662, .T. ) ;
#482 = CARTESIAN_POINT ( 'NONE',  ( -0.9999999999999997780, 0.3300000000000000155, -1.500000000000000000 ) ) ;
#483 = VERTEX_POINT ( 'NONE', #3910 ) ;
#484 = CARTESIAN_POINT ( 'NONE',  ( 0.8783249356611001479, 1.078771928507104239, 1.385540275268165589 ) ) ;
#485 = CARTESIAN_POINT ( 'NONE',  ( 1.142056434842730450, 0.8704586716668318847, 1.504454596512670994 ) ) ;
#486 = PLANE ( 'NONE',  #395 ) ;
#487 = EDGE_LOOP ( 'NONE', ( #4502, #141, #3923, #991 ) ) ;
#488 = EDGE_CURVE ( 'NONE', #3542, #1933, #1321, .T. ) ;
#489 = CARTESIAN_POINT ( 'NONE',  ( -0.7000000000000041744, 0.1000000000000000056, 0.3249999999999997891 ) ) ;
#490 = CARTESIAN_POINT ( 'NONE',  ( -1.031481052434357171, 0.8758027022235242987, -1.635388512362046409 ) ) ;
#491 = DIRECTION ( 'NONE',  ( 1.000000000000000000, 0.000000000000000000, 0.000000000000000000 ) ) ;
#492 = FACE_OUTER_BOUND ( 'NONE', #573, .T. ) ;
#493 = DIRECTION ( 'NONE',  ( -1.167602339599774431E-15, 0.000000000000000000, -1.000000000000000000 ) ) ;
#494 = VERTEX_POINT ( 'NONE', #5147 ) ;
#495 = CARTESIAN_POINT ( 'NONE',  ( -0.9825214229692937895, 1.025110848094876959, 1.523069875148860719 ) ) ;
#496 = CARTESIAN_POINT ( 'NONE',  ( 1.118101589068780211, 0.9010269830131893976, -1.552758449698366183 ) ) ;
#497 = ADVANCED_FACE ( 'NONE', ( #5134, #3360 ), #1364, .F. ) ;
#498 = ORIENTED_EDGE ( 'NONE', *, *, #3207, .T. ) ;
#499 = CARTESIAN_POINT ( 'NONE',  ( 0.9463995315354127857, 1.026656335138074416, 1.527180402761592282 ) ) ;
#500 = DIRECTION ( 'NONE',  ( 1.000000000000000000, -0.000000000000000000, 3.336006684570783693E-15 ) ) ;
#501 = DIRECTION ( 'NONE',  ( 1.000000000000000000, 0.000000000000000000, 0.000000000000000000 ) ) ;
#502 = FACE_OUTER_BOUND ( 'NONE', #397, .T. ) ;
#503 = AXIS2_PLACEMENT_3D ( 'NONE', #2881, #3739, #1122 ) ;
#504 = ORIENTED_EDGE ( 'NONE', *, *, #1571, .F. ) ;
#505 = CARTESIAN_POINT ( 'NONE',  ( -0.9824008116477433994, 1.002083375574636559, -1.555294769403238409 ) ) ;
#506 = UNCERTAINTY_MEASURE_WITH_UNIT (LENGTH_MEASURE( 1.000000000000000082E-05 ), #4548, 'distance_accuracy_value', 'NONE');
#507 = DIRECTION ( 'NONE',  ( 0.000000000000000000, 0.000000000000000000, -1.000000000000000000 ) ) ;
#508 = DIRECTION ( 'NONE',  ( 0.000000000000000000, -0.000000000000000000, 1.000000000000000000 ) ) ;
#509 = DIRECTION ( 'NONE',  ( -1.000000000000000000, 0.000000000000000000, -0.000000000000000000 ) ) ;
#510 = ORIENTED_EDGE ( 'NONE', *, *, #4089, .T. ) ;
#511 = CARTESIAN_POINT ( 'NONE',  ( -0.8000000000000001554, 1.320000000000000062, 1.174999999999998934 ) ) ;
#512 = ADVANCED_FACE ( 'NONE', ( #1352 ), #4994, .F. ) ;
#513 = VECTOR ( 'NONE', #3855, 1000.000000000000000 ) ;
#514 = EDGE_LOOP ( 'NONE', ( #3980, #4540, #681, #1899 ) ) ;
#515 = CARTESIAN_POINT ( 'NONE',  ( -1.350000000000003864, 0.1000000000000000056, -0.3250000000000001776 ) ) ;
#516 = EDGE_CURVE ( 'NONE', #3797, #3829, #3238, .T. ) ;
#517 = EDGE_LOOP ( 'NONE', ( #5259, #436, #2454, #1562 ) ) ;
#518 = AXIS2_PLACEMENT_3D ( 'NONE', #3049, #3446, #4025 ) ;
#519 = DIRECTION ( 'NONE',  ( 2.335204679199548467E-15, 0.000000000000000000, -1.000000000000000000 ) ) ;
#520 = CARTESIAN_POINT ( 'NONE',  ( -0.3249999999999998446, 0.1000000000000000056, -1.200000000000000178 ) ) ;
#521 = CARTESIAN_POINT ( 'NONE',  ( -1.097861021487702038, 0.9134396964083660864, 1.572214560743978362 ) ) ;
#522 = CARTESIAN_POINT ( 'NONE',  ( -1.299999999999999822, 0.2300000000000000100, 1.499999999999997780 ) ) ;
#523 = CIRCLE ( 'NONE', #300, 0.1300000000000001155 ) ;
#524 = CARTESIAN_POINT ( 'NONE',  ( 0.9084671551604747153, 1.065252619288705294, -1.449156021624183444 ) ) ;
#525 = ORIENTED_EDGE ( 'NONE', *, *, #1531, .F. ) ;
#526 = CARTESIAN_POINT ( 'NONE',  ( 0.8909867421802045717, 1.071660421240643979, 1.426499961978739961 ) ) ;
#527 = CARTESIAN_POINT ( 'NONE',  ( 1.145438373727789783, 0.8587594498998433190, 1.496481602237253128 ) ) ;
#528 = EDGE_LOOP ( 'NONE', ( #1690, #1767, #664, #4559 ) ) ;
#529 =( GEOMETRIC_REPRESENTATION_CONTEXT ( 3 ) GLOBAL_UNCERTAINTY_ASSIGNED_CONTEXT ( ( #1973 ) ) GLOBAL_UNIT_ASSIGNED_CONTEXT ( ( #3088, #2764, #3153 ) ) REPRESENTATION_CONTEXT ( 'NONE', 'WORKASPACE' ) );
#530 = CARTESIAN_POINT ( 'NONE',  ( -0.9964816022370063253, 0.8587594498997221937, -1.645438373727825532 ) ) ;
#531 = COLOUR_RGB ( '',1.000000000000000000, 0.8117647058823529438, 0.5019607843137254832 ) ;
#532 = CARTESIAN_POINT ( 'NONE',  ( 1.349999999999992317, 0.1000000000000000056, 0.8249999999999999556 ) ) ;
#533 = DIRECTION ( 'NONE',  ( 0.000000000000000000, 1.000000000000000000, 0.000000000000000000 ) ) ;
#534 = ORIENTED_EDGE ( 'NONE', *, *, #4451, .T. ) ;
#535 = CARTESIAN_POINT ( 'NONE',  ( -1.068936714633334173, 0.9910486089804628751, 1.475269077017777430 ) ) ;
#536 = CARTESIAN_POINT ( 'NONE',  ( 1.073863568481646658, 0.9597915453477245951, -1.550833273590495942 ) ) ;
#537 = EDGE_LOOP ( 'NONE', ( #4594, #2850, #5556, #2768 ) ) ;
#538 = CARTESIAN_POINT ( 'NONE',  ( 1.022026651625344007, 1.030145156312653576, 1.438122732198607423 ) ) ;
#539 = EDGE_CURVE ( 'NONE', #856, #5366, #1341, .T. ) ;
#540 = DIRECTION ( 'NONE',  ( -0.05233595624294395260, 0.9986295347545739443, 0.000000000000000000 ) ) ;
#541 = AXIS2_PLACEMENT_3D ( 'NONE', #1686, #2581, #752 ) ;
#542 =( NAMED_UNIT ( * ) SI_UNIT ( $, .STERADIAN. ) SOLID_ANGLE_UNIT ( ) );
#543 = VECTOR ( 'NONE', #897, 1000.000000000000000 ) ;
#544 = ORIENTED_EDGE ( 'NONE', *, *, #1521, .T. ) ;
#545 = DIRECTION ( 'NONE',  ( 0.000000000000000000, 1.000000000000000000, 0.000000000000000000 ) ) ;
#546 = ADVANCED_FACE ( 'NONE', ( #1395 ), #1438, .T. ) ;
#547 = DIRECTION ( 'NONE',  ( 1.000000000000000000, -0.000000000000000000, -0.000000000000000000 ) ) ;
#548 = ORIENTED_EDGE ( 'NONE', *, *, #2666, .T. ) ;
#549 = EDGE_LOOP ( 'NONE', ( #3689, #716, #5673, #5467 ) ) ;
#550 = CARTESIAN_POINT ( 'NONE',  ( -0.8739697158189563275, 1.078500189757755967, -1.389965426499612189 ) ) ;
#551 = EDGE_CURVE ( 'NONE', #707, #1665, #1333, .T. ) ;
#552 = ORIENTED_EDGE ( 'NONE', *, *, #2282, .F. ) ;
#553 = CARTESIAN_POINT ( 'NONE',  ( -1.350000000000003864, 0.1000000000000000056, -0.3250000000000001776 ) ) ;
#554 = CARTESIAN_POINT ( 'NONE',  ( -1.135726891420705931, 0.8887363024804496581, 1.501573036607534606 ) ) ;
#555 = CARTESIAN_POINT ( 'NONE',  ( 0.9316563439087028886, 1.069716942703704321, -1.413311571012128010 ) ) ;
#556 = VERTEX_POINT ( 'NONE', #1028 ) ;
#557 = CARTESIAN_POINT ( 'NONE',  ( 0.8725477631504703346, 1.080000000000000071, 1.364757929852359553 ) ) ;
#558 = CARTESIAN_POINT ( 'NONE',  ( 1.138468772381362459, 0.8656085820247620966, 1.533333026751482198 ) ) ;
#559 = EDGE_CURVE ( 'NONE', #2246, #856, #5101, .T. ) ;
#560 = ORIENTED_EDGE ( 'NONE', *, *, #268, .T. ) ;
#561 = CARTESIAN_POINT ( 'NONE',  ( -0.3249999999999999001, 0.1000000000000000056, 1.199999999999999956 ) ) ;
#562 = CARTESIAN_POINT ( 'NONE',  ( -1.111747722559250473, 0.8711313492549048743, -1.584345632744264210 ) ) ;
#563 = DIRECTION ( 'NONE',  ( 1.000000000000000000, -0.000000000000000000, -0.000000000000000000 ) ) ;
#564 = CIRCLE ( 'NONE', #4021, 0.1299999999999998934 ) ;
#565 = DIRECTION ( 'NONE',  ( 1.000000000000000000, -0.000000000000000000, -0.000000000000000000 ) ) ;
#566 = DIRECTION ( 'NONE',  ( 1.000000000000000000, 0.000000000000000000, -0.000000000000000000 ) ) ;
#567 = ORIENTED_EDGE ( 'NONE', *, *, #1798, .F. ) ;
#568 = CARTESIAN_POINT ( 'NONE',  ( -1.082194098904171620, 0.9766975885784632272, 1.482418107663864282 ) ) ;
#569 = CARTESIAN_POINT ( 'NONE',  ( 1.093869606044808984, 0.9631614094144458349, -1.472900433778042473 ) ) ;
#570 = CARTESIAN_POINT ( 'NONE',  ( 1.155593655949627374, 0.7957007868728830369, 1.499999999999997780 ) ) ;
#571 = CARTESIAN_POINT ( 'NONE',  ( -1.002859763258889814, 1.041870049672856569, -1.433535165636338204 ) ) ;
#572 = VECTOR ( 'NONE', #366, 1000.000000000000000 ) ;
#573 = EDGE_LOOP ( 'NONE', ( #3589, #1634, #5574, #682 ) ) ;
#574 = FILL_AREA_STYLE ('',( #4797 ) ) ;
#575 = CARTESIAN_POINT ( 'NONE',  ( -0.9175386722351166480, 1.073658406475183735, 1.386543058534204453 ) ) ;
#576 = CARTESIAN_POINT ( 'NONE',  ( 0.3249999999999998446, 0.000000000000000000, 1.199999999999999956 ) ) ;
#577 = PLANE ( 'NONE',  #4199 ) ;
#578 = EDGE_CURVE ( 'NONE', #3570, #4334, #1368, .T. ) ;
#579 = LINE ( 'NONE', #2287, #4401 ) ;
#580 = ORIENTED_EDGE ( 'NONE', *, *, #1191, .F. ) ;
#581 = CARTESIAN_POINT ( 'NONE',  ( -0.8560047955232543693, 1.080000000000000071, -1.356004795523255479 ) ) ;
#582 = ADVANCED_FACE ( 'NONE', ( #3208 ), #4572, .T. ) ;
#583 = CARTESIAN_POINT ( 'NONE',  ( -0.9999999999999978906, 0.7957007868728830369, -1.655593655949627374 ) ) ;
#584 = CARTESIAN_POINT ( 'NONE',  ( 1.087732609982241527, 0.9708480168055053650, 1.469974506217502030 ) ) ;
#585 = PLANE ( 'NONE',  #4716 ) ;
#586 = CARTESIAN_POINT ( 'NONE',  ( -1.136817127075158806, 0.8858224694192676774, 1.492788109792230866 ) ) ;
#587 = CARTESIAN_POINT ( 'NONE',  ( -0.9175386722351166480, 1.073658406475183735, 1.386543058534204453 ) ) ;
#588 = EDGE_CURVE ( 'NONE', #2945, #5137, #5198, .T. ) ;
#589 = CARTESIAN_POINT ( 'NONE',  ( 0.9491560360570052701, 1.065252615042862061, -1.408467139484641084 ) ) ;
#590 = ORIENTED_EDGE ( 'NONE', *, *, #4917, .T. ) ;
#591 = CARTESIAN_POINT ( 'NONE',  ( 0.9316563044743469968, 1.069716948358867548, 1.413311611269588264 ) ) ;
#592 = PRESENTATION_LAYER_ASSIGNMENT (  '', '', ( #1956 ) ) ;
#593 = SURFACE_STYLE_USAGE ( .BOTH. , #2644 ) ;
#594 = CARTESIAN_POINT ( 'NONE',  ( 1.094931798090543751, 0.8162511797703996264, 1.623587751742134211 ) ) ;
#595 = CARTESIAN_POINT ( 'NONE',  ( -1.039698421181564747, 1.017099402649685569, 1.459331873249551270 ) ) ;
#596 = DIRECTION ( 'NONE',  ( 0.000000000000000000, 0.000000000000000000, 1.000000000000000000 ) ) ;
#597 = CARTESIAN_POINT ( 'NONE',  ( -0.9129092575518142905, 1.057342591155981504, 1.470791301267526219 ) ) ;
#598 = CARTESIAN_POINT ( 'NONE',  ( -1.140408405087748100, 0.8722597856522529280, -1.513606596709753838 ) ) ;
#599 = SURFACE_STYLE_FILL_AREA ( #3375 ) ;
#600 = SURFACE_SIDE_STYLE ('',( #1821 ) ) ;
#601 = EDGE_LOOP ( 'NONE', ( #1545, #1698, #1620, #824 ) ) ;
#602 = CARTESIAN_POINT ( 'NONE',  ( 1.349999999999996092, 0.000000000000000000, -0.3250000000000000111 ) ) ;
#603 = EDGE_CURVE ( 'NONE', #494, #857, #3251, .T. ) ;
#604 = CARTESIAN_POINT ( 'NONE',  ( 1.111159614939746021, 0.9391128902536227674, -1.481085276516449500 ) ) ;
#605 = CARTESIAN_POINT ( 'NONE',  ( -0.8877431705437490717, 1.078652043715151221, 1.376152892882370971 ) ) ;
#606 = DIRECTION ( 'NONE',  ( 1.000000000000000000, 0.000000000000000000, -1.108295554096289758E-14 ) ) ;
#607 = CARTESIAN_POINT ( 'NONE',  ( -0.9533802676530668263, 1.006217926523123474, -1.553305534392341647 ) ) ;
#608 = FACE_OUTER_BOUND ( 'NONE', #4713, .T. ) ;
#609 = ORIENTED_EDGE ( 'NONE', *, *, #421, .T. ) ;
#610 = CARTESIAN_POINT ( 'NONE',  ( -0.8729143626763645747, 1.080000000000000071, 1.364396857940635588 ) ) ;
#611 = DIRECTION ( 'NONE',  ( 0.000000000000000000, 0.000000000000000000, 1.000000000000000000 ) ) ;
#612 =( GEOMETRIC_REPRESENTATION_CONTEXT ( 3 ) GLOBAL_UNCERTAINTY_ASSIGNED_CONTEXT ( ( #4986 ) ) GLOBAL_UNIT_ASSIGNED_CONTEXT ( ( #2653, #722, #4358 ) ) REPRESENTATION_CONTEXT ( 'NONE', 'WORKASPACE' ) );
#613 = CARTESIAN_POINT ( 'NONE',  ( -1.155593655949626930, 0.7957007868728830369, 1.499999999999998224 ) ) ;
#614 = EDGE_CURVE ( 'NONE', #170, #1833, #1407, .T. ) ;
#615 = LINE ( 'NONE', #3935, #637 ) ;
#616 = EDGE_LOOP ( 'NONE', ( #1390, #2595, #1508, #2611 ) ) ;
#617 = CARTESIAN_POINT ( 'NONE',  ( 0.7000000000000038414, 0.1000000000000000472, -0.8250000000000011768 ) ) ;
#618 = DIRECTION ( 'NONE',  ( 0.000000000000000000, -0.9986295347545739443, 0.05233595624294395260 ) ) ;
#619 = CARTESIAN_POINT ( 'NONE',  ( -1.075465577478695200, 0.9033259170389292825, 1.601622424517163967 ) ) ;
#620 = CARTESIAN_POINT ( 'NONE',  ( -0.9206261162269735454, 1.072848183932250787, 1.397176944098599494 ) ) ;
#621 = EDGE_CURVE ( 'NONE', #112, #3523, #3318, .T. ) ;
#622 = VERTEX_POINT ( 'NONE', #4078 ) ;
#623 = DIRECTION ( 'NONE',  ( -0.05233595624294395260, -0.9986295347545739443, -6.304750828634021269E-16 ) ) ;
#624 = CARTESIAN_POINT ( 'NONE',  ( 1.038029295621351489, 1.003122731066776074, 1.518808412660661356 ) ) ;
#625 = ADVANCED_FACE ( 'NONE', ( #5145 ), #4930, .F. ) ;
#626 = CARTESIAN_POINT ( 'NONE',  ( -0.5500000000000002665, 1.080000000000000071, -1.050000000000000044 ) ) ;
#627 = CARTESIAN_POINT ( 'NONE',  ( -0.9937646057435779445, 0.9251486399315372866, -1.619406830551779919 ) ) ;
#628 = LINE ( 'NONE', #5636, #2482 ) ;
#629 = DIRECTION ( 'NONE',  ( -0.000000000000000000, -1.000000000000000000, -0.000000000000000000 ) ) ;
#630 =( NAMED_UNIT ( * ) PLANE_ANGLE_UNIT ( ) SI_UNIT ( $, .RADIAN. ) );
#631 = EDGE_LOOP ( 'NONE', ( #1966, #4099, #4722, #3941 ) ) ;
#632 = SURFACE_STYLE_USAGE ( .BOTH. , #1963 ) ;
#633 = CARTESIAN_POINT ( 'NONE',  ( 0.9858820679111085505, 0.9691775058178787594, -1.588493158647906078 ) ) ;
#634 = CARTESIAN_POINT ( 'NONE',  ( -0.8693398838802409712, 1.080000000000000071, 1.367938173698971749 ) ) ;
#635 = CARTESIAN_POINT ( 'NONE',  ( 1.141389282800317373, 0.7986028572987727836, 1.569579175623120548 ) ) ;
#636 = CARTESIAN_POINT ( 'NONE',  ( -1.027180401684616884, 1.026656335933179731, -1.446399532779476971 ) ) ;
#637 = VECTOR ( 'NONE', #1680, 1000.000000000000000 ) ;
#638 = ORIENTED_EDGE ( 'NONE', *, *, #3075, .F. ) ;
#639 =( NAMED_UNIT ( * ) PLANE_ANGLE_UNIT ( ) SI_UNIT ( $, .RADIAN. ) );
#640 = CARTESIAN_POINT ( 'NONE',  ( -1.350000000000003197, 0.000000000000000000, 0.3250000000000000111 ) ) ;
#641 = PLANE ( 'NONE',  #4570 ) ;
#642 = CARTESIAN_POINT ( 'NONE',  ( -0.9987534519719984960, 1.044511810318355272, -1.426683534884077620 ) ) ;
#643 = EDGE_CURVE ( 'NONE', #2334, #2395, #5206, .T. ) ;
#644 =( GEOMETRIC_REPRESENTATION_CONTEXT ( 3 ) GLOBAL_UNCERTAINTY_ASSIGNED_CONTEXT ( ( #3562 ) ) GLOBAL_UNIT_ASSIGNED_CONTEXT ( ( #2017, #2542, #1561 ) ) REPRESENTATION_CONTEXT ( 'NONE', 'WORKASPACE' ) );
#645 = LINE ( 'NONE', #3982, #2552 ) ;
#646 = EDGE_LOOP ( 'NONE', ( #544, #426, #466, #361 ) ) ;
#647 = CARTESIAN_POINT ( 'NONE',  ( -0.8668889678451756620, 1.079999999999999849, -1.370393235728288195 ) ) ;
#648 = CARTESIAN_POINT ( 'NONE',  ( -1.349999999999996092, 0.1000000000000000056, -0.8250000000000081712 ) ) ;
#649 = CARTESIAN_POINT ( 'NONE',  ( -0.3249999999999998446, 0.000000000000000000, -1.200000000000000178 ) ) ;
#650 = CARTESIAN_POINT ( 'NONE',  ( -0.3249999999999999001, 0.1000000000000000472, 1.849999999999999867 ) ) ;
#651 = EDGE_CURVE ( 'NONE', #2159, #4031, #1279, .T. ) ;
#652 = CARTESIAN_POINT ( 'NONE',  ( -1.109045747394862058, 0.9425015178979012642, 1.488479260763106993 ) ) ;
#653 = FACE_OUTER_BOUND ( 'NONE', #2779, .T. ) ;
#654 = CARTESIAN_POINT ( 'NONE',  ( -0.9149417194967165434, 1.074159268529416789, 1.389251731045717309 ) ) ;
#655 = VERTEX_POINT ( 'NONE', #3127 ) ;
#656 = EDGE_CURVE ( 'NONE', #88, #3937, #3329, .T. ) ;
#657 = DIRECTION ( 'NONE',  ( -0.000000000000000000, -1.000000000000000000, -0.000000000000000000 ) ) ;
#658 = CARTESIAN_POINT ( 'NONE',  ( 1.093869606044638676, 0.9631614094146674354, 1.472900433778294937 ) ) ;
#659 = CARTESIAN_POINT ( 'NONE',  ( -1.056347752574524401, 0.9825516708248551723, -1.535067377166081659 ) ) ;
#660 = AXIS2_PLACEMENT_3D ( 'NONE', #1786, #2698, #3132 ) ;
#661 = CARTESIAN_POINT ( 'NONE',  ( -0.8865430585341345093, 1.073658406475159088, -1.417538672235234554 ) ) ;
#662 = LINE ( 'NONE', #1653, #2583 ) ;
#663 = CARTESIAN_POINT ( 'NONE',  ( -1.350000000000007638, 0.1000000000000000056, 0.8249999999999997335 ) ) ;
#664 = ORIENTED_EDGE ( 'NONE', *, *, #742, .F. ) ;
#665 = DIRECTION ( 'NONE',  ( -0.000000000000000000, -1.000000000000000000, -0.000000000000000000 ) ) ;
#666 = CARTESIAN_POINT ( 'NONE',  ( 1.062226328356213889, 0.9954347647174459635, -1.486563028172595669 ) ) ;
#667 = CARTESIAN_POINT ( 'NONE',  ( -0.3249999999999999001, 0.000000000000000000, 1.849999999999999867 ) ) ;
#668 = ADVANCED_FACE ( 'NONE', ( #1423 ), #1114, .F. ) ;
#669 = CARTESIAN_POINT ( 'NONE',  ( 0.9766606287627664917, 1.049496024274254591, 1.463959570800788423 ) ) ;
#670 = CARTESIAN_POINT ( 'NONE',  ( -0.6749999999999992673, 1.320000000000000062, 1.300000000000000044 ) ) ;
#671 = CARTESIAN_POINT ( 'NONE',  ( -0.9782457324964745071, 1.052147938740209288, -1.448273351864935776 ) ) ;
#672 = FACE_OUTER_BOUND ( 'NONE', #775, .T. ) ;
#673 = CLOSED_SHELL ( 'NONE', ( #3037, #3144, #2198, #1370, #5511, #4141, #5616, #933, #4900, #838 ) ) ;
#674 = FILL_AREA_STYLE_COLOUR ( '', #3638 ) ;
#675 = DIRECTION ( 'NONE',  ( -1.000000000000000000, 0.000000000000000000, 0.000000000000000000 ) ) ;
#676 = EDGE_CURVE ( 'NONE', #3523, #51, #3338, .T. ) ;
#677 = CARTESIAN_POINT ( 'NONE',  ( -1.350000000000003197, 1.019238815542514276, 0.3250000000000000111 ) ) ;
#678 = DIRECTION ( 'NONE',  ( -4.170008355713478630E-16, -0.000000000000000000, 1.000000000000000000 ) ) ;
#679 = CARTESIAN_POINT ( 'NONE',  ( -1.120095855836553689, 0.8381249224557132393, 1.591840223430080803 ) ) ;
#680 = CARTESIAN_POINT ( 'NONE',  ( 0.9575222578911762872, 1.053167409352862460, 1.469511255316672926 ) ) ;
#681 = ORIENTED_EDGE ( 'NONE', *, *, #4812, .F. ) ;
#682 = ORIENTED_EDGE ( 'NONE', *, *, #799, .F. ) ;
#683 = CARTESIAN_POINT ( 'NONE',  ( 0.9420549398181780054, 1.024612214386880105, -1.530062142762822486 ) ) ;
#684 = CARTESIAN_POINT ( 'NONE',  ( -1.350000000000006972, 0.000000000000000000, 1.474999999999999867 ) ) ;
#685 = EDGE_CURVE ( 'NONE', #5086, #1992, #5230, .T. ) ;
#686 = DIRECTION ( 'NONE',  ( 0.000000000000000000, 0.000000000000000000, 1.000000000000000000 ) ) ;
#687 = CARTESIAN_POINT ( 'NONE',  ( 1.300000000000000266, 0.2300000000000000100, 1.499999999999997780 ) ) ;
#688 = CARTESIAN_POINT ( 'NONE',  ( -1.111159614939677409, 0.9391128902537295708, 1.481085276516580063 ) ) ;
#689 = ORIENTED_EDGE ( 'NONE', *, *, #4466, .T. ) ;
#690 = CARTESIAN_POINT ( 'NONE',  ( -0.8879073207555662206, 1.073925533953741240, 1.416233992977576461 ) ) ;
#691 = DIRECTION ( 'NONE',  ( -0.000000000000000000, -1.000000000000000000, -0.000000000000000000 ) ) ;
#692 = ORIENTED_EDGE ( 'NONE', *, *, #4311, .F. ) ;
#693 = CARTESIAN_POINT ( 'NONE',  ( -0.3249999999999997891, 0.1000000000000000472, -1.850000000000000089 ) ) ;
#694 = UNCERTAINTY_MEASURE_WITH_UNIT (LENGTH_MEASURE( 1.000000000000000082E-05 ), #4250, 'distance_accuracy_value', 'NONE');
#695 = CARTESIAN_POINT ( 'NONE',  ( 0.9946623277082857761, 0.9813931449282045083, 1.575509300035590865 ) ) ;
#696 = CARTESIAN_POINT ( 'NONE',  ( -0.9300259254085505578, 1.040344853630664090, -1.505523948760447484 ) ) ;
#697 = EDGE_LOOP ( 'NONE', ( #3976, #2167, #2202, #3896, #279 ) ) ;
#698 = DIRECTION ( 'NONE',  ( 0.000000000000000000, 1.000000000000000000, 0.000000000000000000 ) ) ;
#699 = ORIENTED_EDGE ( 'NONE', *, *, #1861, .F. ) ;
#700 = CARTESIAN_POINT ( 'NONE',  ( 0.9767405612547258587, 1.041357456079960109, -1.490828173690146974 ) ) ;
#701 = CARTESIAN_POINT ( 'NONE',  ( 1.000120621918280328, 1.043204595929470457, 1.437013729714138321 ) ) ;
#702 = COLOUR_RGB ( '',0.4862745098039215619, 0.2352941176470588203, 0.01568627450980392135 ) ;
#703 = CARTESIAN_POINT ( 'NONE',  ( -0.8560047955232542582, 1.080000000000000071, -1.356004795523255479 ) ) ;
#704 = CARTESIAN_POINT ( 'NONE',  ( -0.9970567370324423528, 1.045011609023280386, -1.425861326238532678 ) ) ;
#705 = EDGE_LOOP ( 'NONE', ( #971, #2897, #2059, #2016 ) ) ;
#706 = EDGE_CURVE ( 'NONE', #370, #3711, #5248, .T. ) ;
#707 = VERTEX_POINT ( 'NONE', #5103 ) ;
#708 = PRESENTATION_LAYER_ASSIGNMENT (  '', '', ( #3236 ) ) ;
#709 = CARTESIAN_POINT ( 'NONE',  ( 0.8560047955232550354, 1.080000000000000071, -1.356004795523254591 ) ) ;
#710 = ADVANCED_FACE ( 'NONE', ( #5258 ), #5548, .F. ) ;
#711 = DIRECTION ( 'NONE',  ( 0.000000000000000000, 0.000000000000000000, -1.000000000000000000 ) ) ;
#712 = CARTESIAN_POINT ( 'NONE',  ( 0.000000000000000000, 0.000000000000000000, 0.000000000000000000 ) ) ;
#713 = CARTESIAN_POINT ( 'NONE',  ( 0.9701235572962612075, 1.057074064806446057, -1.428395103203546457 ) ) ;
#714 = CARTESIAN_POINT ( 'NONE',  ( -0.9864906049464718940, 1.049599244412391164, 1.438742397671822770 ) ) ;
#715 = CARTESIAN_POINT ( 'NONE',  ( 0.9283951032035830941, 1.057074064806533986, 1.470123557296066030 ) ) ;
#716 = ORIENTED_EDGE ( 'NONE', *, *, #1459, .F. ) ;
#717 = ORIENTED_EDGE ( 'NONE', *, *, #4869, .F. ) ;
#718 = PLANE ( 'NONE',  #5354 ) ;
#719 = EDGE_CURVE ( 'NONE', #8, #147, #1460, .T. ) ;
#720 = AXIS2_PLACEMENT_3D ( 'NONE', #5635, #5132, #365 ) ;
#721 = CARTESIAN_POINT ( 'NONE',  ( -1.151995817079913165, 0.8312873317204784174, -1.499108563112563575 ) ) ;
#722 =( NAMED_UNIT ( * ) PLANE_ANGLE_UNIT ( ) SI_UNIT ( $, .RADIAN. ) );
#723 = EDGE_CURVE ( 'NONE', #2157, #3542, #3190, .T. ) ;
#724 = CARTESIAN_POINT ( 'NONE',  ( -0.9986486494172701622, 0.9740142310690260707, 1.581863748628144384 ) ) ;
#725 = ORIENTED_EDGE ( 'NONE', *, *, #3841, .T. ) ;
#726 = ORIENTED_EDGE ( 'NONE', *, *, #5416, .F. ) ;
#727 = CARTESIAN_POINT ( 'NONE',  ( -0.7000000000000082823, 0.1000000000000000056, 1.474999999999999645 ) ) ;
#728 = CARTESIAN_POINT ( 'NONE',  ( 0.3249999999999998446, 0.000000000000000000, 1.199999999999999956 ) ) ;
#729 = CARTESIAN_POINT ( 'NONE',  ( 0.9810852765167040745, 0.9391128902538353751, 1.611159614939614126 ) ) ;
#730 = CARTESIAN_POINT ( 'NONE',  ( 0.3250000000000000666, 0.000000000000000000, -1.850000000000000089 ) ) ;
#731 = AXIS2_PLACEMENT_3D ( 'NONE', #5159, #5533, #318 ) ;
#732 = EDGE_CURVE ( 'NONE', #4414, #3990, #5084, .T. ) ;
#733 =( NAMED_UNIT ( * ) PLANE_ANGLE_UNIT ( ) SI_UNIT ( $, .RADIAN. ) );
#734 = ORIENTED_EDGE ( 'NONE', *, *, #5112, .T. ) ;
#735 = DIRECTION ( 'NONE',  ( 1.000000000000000000, -0.000000000000000000, -1.108295554096289915E-14 ) ) ;
#736 = CARTESIAN_POINT ( 'NONE',  ( -0.9999999999999976685, 0.4599563724130460995, -1.803367680097881953 ) ) ;
#737 = ORIENTED_EDGE ( 'NONE', *, *, #2900, .F. ) ;
#738 = SURFACE_SIDE_STYLE ('',( #5363 ) ) ;
#739 = CARTESIAN_POINT ( 'NONE',  ( 0.9590669581336468408, 1.031511124183363437, -1.517987249464030297 ) ) ;
#740 = CARTESIAN_POINT ( 'NONE',  ( -0.9446239307118413642, 1.059845748266999621, -1.455081041488875959 ) ) ;
#741 = EDGE_LOOP ( 'NONE', ( #2217, #4180, #4177, #885 ) ) ;
#742 = EDGE_CURVE ( 'NONE', #4733, #3816, #1288, .T. ) ;
#743 = ORIENTED_EDGE ( 'NONE', *, *, #3814, .F. ) ;
#744 = ADVANCED_FACE ( 'NONE', ( #1616 ), #2472, .F. ) ;
#745 = DIRECTION ( 'NONE',  ( 1.000802005371234635E-15, 0.000000000000000000, 1.000000000000000000 ) ) ;
#746 = DIRECTION ( 'NONE',  ( 0.000000000000000000, 0.000000000000000000, 1.000000000000000000 ) ) ;
#747 = DIRECTION ( 'NONE',  ( 0.000000000000000000, 1.000000000000000000, 0.000000000000000000 ) ) ;
#748 = CARTESIAN_POINT ( 'NONE',  ( -1.015080382665079828, 0.8625374376716867797, 1.643294780065790661 ) ) ;
#749 = CARTESIAN_POINT ( 'NONE',  ( -0.9639595708007795416, 1.049496024274174211, 1.476660628762789029 ) ) ;
#750 = ORIENTED_EDGE ( 'NONE', *, *, #5359, .T. ) ;
#751 = ORIENTED_EDGE ( 'NONE', *, *, #4456, .F. ) ;
#752 = DIRECTION ( 'NONE',  ( 0.000000000000000000, 0.000000000000000000, -1.000000000000000000 ) ) ;
#753 = AXIS2_PLACEMENT_3D ( 'NONE', #2810, #1403, #4462 ) ;
#754 = ADVANCED_FACE ( 'NONE', ( #1637 ), #256, .F. ) ;
#755 = CARTESIAN_POINT ( 'NONE',  ( -1.124294789343871059, 0.7990653471970627919, -1.595498502045529010 ) ) ;
#756 = CARTESIAN_POINT ( 'NONE',  ( -1.067889381067938626, 0.9926071408508593263, 1.460441190235855835 ) ) ;
#757 = DIRECTION ( 'NONE',  ( 0.000000000000000000, 0.000000000000000000, 1.000000000000000000 ) ) ;
#758 = ORIENTED_EDGE ( 'NONE', *, *, #5215, .T. ) ;
#759 = CARTESIAN_POINT ( 'NONE',  ( 1.033333026749294836, 0.8656085820248711205, -1.638468772382146055 ) ) ;
#760 = ORIENTED_EDGE ( 'NONE', *, *, #742, .T. ) ;
#761 = CARTESIAN_POINT ( 'NONE',  ( -1.350000000000003197, 0.1000000000000000056, 0.3250000000000000111 ) ) ;
#762 = CARTESIAN_POINT ( 'NONE',  ( -0.9999999999999997780, 0.4599563724130428799, 1.500000000000000000 ) ) ;
#763 = CARTESIAN_POINT ( 'NONE',  ( 1.085168763718179941, 0.9739639340873185169, 1.476212498722733857 ) ) ;
#764 = LINE ( 'NONE', #3943, #4717 ) ;
#765 = CARTESIAN_POINT ( 'NONE',  ( -1.093869606044892029, 0.9631614094143355898, -1.472900433777916795 ) ) ;
#766 = CARTESIAN_POINT ( 'NONE',  ( -0.6749999999999992673, 4.902741699796952624, 1.300000000000000044 ) ) ;
#767 = ORIENTED_EDGE ( 'NONE', *, *, #2816, .F. ) ;
#768 = DIRECTION ( 'NONE',  ( 1.000000000000000000, 0.000000000000000000, 0.000000000000000000 ) ) ;
#769 = VERTEX_POINT ( 'NONE', #3713 ) ;
#770 = CARTESIAN_POINT ( 'NONE',  ( 0.9593318724051849156, 1.017099402539850095, -1.539698421452572408 ) ) ;
#771 = STYLED_ITEM ( 'NONE', ( #5544 ), #5616 ) ;
#772 = VECTOR ( 'NONE', #2742, 1000.000000000000000 ) ;
#773 = STYLED_ITEM ( 'NONE', ( #1248 ), #4670 ) ;
#774 = CARTESIAN_POINT ( 'NONE',  ( -0.9366116597313823844, 1.059053837019256372, -1.462754365426020886 ) ) ;
#775 = EDGE_LOOP ( 'NONE', ( #82, #3864, #792, #2067 ) ) ;
#776 = EDGE_LOOP ( 'NONE', ( #5647, #5457, #803, #106 ) ) ;
#777 = DIRECTION ( 'NONE',  ( -1.167602339599774233E-15, 0.000000000000000000, -1.000000000000000000 ) ) ;
#778 = PLANE ( 'NONE',  #2360 ) ;
#779 = CARTESIAN_POINT ( 'NONE',  ( 0.000000000000000000, 0.000000000000000000, 0.000000000000000000 ) ) ;
#780 = B_SPLINE_SURFACE_WITH_KNOTS ( 'NONE', 3, 3, ( 
 ( #1502, #2448, #4136, #4564, #4523, #2886, #3749, #4213, #4681, #2033, #2915, #3320 ),
 ( #5356, #3794, #5077, #1158, #309, #1576, #5152, #5186, #914, #1782, #2225, #1334 ),
 ( #2657, #3129, #4718, #3914, #2621, #5614, #4865, #2559, #3507, #5656, #4295, #1263 ),
 ( #2265, #3064, #381, #759, #4400, #345, #836, #3465, #1192, #2590, #1739, #1700 ),
 ( #3033, #1299, #2185, #793, #3959, #4362, #1226, #5113, #5560, #2694, #4822, #2994 ),
 ( #44, #3099, #422, #4789, #3834, #5225, #2114, #496, #4003, #3392, #879, #1614 ),
 ( #3422, #1, #459, #3871, #4430, #5265, #1659, #4327, #2154, #4753, #3162, #2736 ),
 ( #4150, #4997, #1964, #1442, #1921, #207, #2378, #2817, #4899, #5297, #5337, #5408 ),
 ( #121, #1871, #957, #3584, #4083, #83, #536, #4576, #3224, #4501, #1369, #604 ),
 ( #3195, #3667, #633, #2421, #2342, #2895, #164, #5030, #5372, #4538, #4935, #569 ),
 ( #4467, #1070, #1481, #2855, #2774, #3625, #1828, #992, #3258, #3715, #1034, #2303 ),
 ( #4116, #4185, #1408, #4616, #4966, #5455, #245, #4042, #666, #1104, #2006, #1517 ),
 ( #2461, #3541, #5491, #359, #2568, #286, #2086, #1236, #1203, #3847, #2534, #808 ),
 ( #4695, #1629, #3367, #320, #3765, #4653, #2200, #3008, #2499, #5092, #5197, #1672 ),
 ( #4308, #2630, #770, #1552, #5669, #3043, #2929, #393, #433, #3332, #2972, #4731 ),
 ( #4225, #3882, #3926, #739, #4377, #1173, #5058, #3805, #4269, #4799, #4342, #4764 ),
 ( #2131, #3403, #5627, #5163, #2166, #700, #1138, #5537, #2601, #2049, #849, #1591 ),
 ( #5127, #5581, #3437, #1274, #1713, #3295, #4127, #3555, #1310, #95, #1382, #3521 ),
 ( #1045, #4877, #4015, #5276, #4977, #1843, #5383, #928, #1347, #1799, #180, #1640 ),
 ( #2903, #5468, #257, #4237, #2020, #2474, #4744, #4667, #713, #1149, #3344, #4282 ),
 ( #1393, #4455, #4137, #1247, #2367, #4487, #3895, #105, #3612, #1949, #1856, #4027 ),
 ( #4887, #71, #524, #406, #2681, #3118, #5397, #3530, #1904, #589, #2801, #5324 ),
 ( #2721, #942, #4776, #5173, #2577, #4524, #3149, #555, #197, #1019, #978, #4954 ),
 ( #5357, #820, #5638, #3214, #149, #1127, #5339, #2, #1829, #3163, #3586, #2591 ),
 ( #123, #1300, #994, #1409, #3034, #2155, #3915, #4363, #4790, #5188, #5657, #1106 ),
 ( #4655, #1519, #5059, #3197, #2819, #3670, #3333, #3226, #3807, #5411, #4270, #5094 ),
 ( #321, #1527, #1112, #1145, #4279, #2015, #2507, #3726, #3265, #5036, #4159, #1081 ),
 ( #2390, #3232, #1560, #709, #1975, #3303, #5420, #4662, #3776, #4585, #330, #3818 ) ),
 .UNSPECIFIED., .F., .F., .F.,
 ( 4, 2, 2, 2, 2, 2, 2, 2, 2, 2, 2, 2, 2, 4 ),
 ( 4, 2, 1, 2, 1, 2, 4 ),
 ( 0.000000000000000000, 0.1158159856474693106, 0.1737239784712039659, 0.2316319712949386211, 0.3598040221043747322, 0.4238900475090927600, 0.4879760729138108433, 0.5537782781887408134, 0.6195804834636706726, 0.6853826887386005318, 0.7511848940135303909, 0.8133886705101478487, 0.8755924470067651955, 1.000000000000000000 ),
 ( 0.000000000000000000, 0.1250000000000000000, 0.2500000000000000000, 0.5000000000000000000, 0.7500000000000000000, 0.8750000000000000000, 1.000000000000000000 ),
 .UNSPECIFIED. ) ;
#781 = CARTESIAN_POINT ( 'NONE',  ( 0.9796904132857651160, 1.053510477786041122, 1.417302992310303322 ) ) ;
#782 = MECHANICAL_DESIGN_GEOMETRIC_PRESENTATION_REPRESENTATION (  '', ( #2723 ), #1377 ) ;
#783 = EDGE_LOOP ( 'NONE', ( #4366, #3964, #4209, #4344 ) ) ;
#784 = ORIENTED_EDGE ( 'NONE', *, *, #4013, .T. ) ;
#785 = DIRECTION ( 'NONE',  ( 0.000000000000000000, -1.000000000000000000, 0.000000000000000000 ) ) ;
#786 = DIRECTION ( 'NONE',  ( -0.000000000000000000, -1.000000000000000000, -0.000000000000000000 ) ) ;
#787 = EDGE_CURVE ( 'NONE', #208, #88, #1470, .T. ) ;
#788 = CARTESIAN_POINT ( 'NONE',  ( -0.9999999999999978906, 0.7957007868728831479, -1.655593655949627152 ) ) ;
#789 = FILL_AREA_STYLE ('',( #1610 ) ) ;
#790 = DIRECTION ( 'NONE',  ( -1.167602339599774431E-15, 0.000000000000000000, -1.000000000000000000 ) ) ;
#791 = CARTESIAN_POINT ( 'NONE',  ( 0.3249999999999998446, 0.1000000000000000056, -1.200000000000000178 ) ) ;
#792 = ORIENTED_EDGE ( 'NONE', *, *, #3235, .F. ) ;
#793 = CARTESIAN_POINT ( 'NONE',  ( 1.031481060246532744, 0.8758027052821539815, -1.635388511727190020 ) ) ;
#794 = AXIS2_PLACEMENT_3D ( 'NONE', #1381, #178, #927 ) ;
#795 = CARTESIAN_POINT ( 'NONE',  ( -1.145438373727801995, 0.8587594498998004644, 1.496481602237174080 ) ) ;
#796 = VERTEX_POINT ( 'NONE', #3540 ) ;
#797 = CARTESIAN_POINT ( 'NONE',  ( 0.9421851872769971825, 1.032013872168056734, 1.519200754747311199 ) ) ;
#798 = VECTOR ( 'NONE', #2178, 1000.000000000000000 ) ;
#799 = EDGE_CURVE ( 'NONE', #2317, #655, #3429, .T. ) ;
#800 = CARTESIAN_POINT ( 'NONE',  ( -1.350000000000003197, 1.019238815542514276, 0.3250000000000000111 ) ) ;
#801 = LINE ( 'NONE', #2756, #4632 ) ;
#802 = DIRECTION ( 'NONE',  ( 1.000000000000000000, -0.000000000000000000, -0.000000000000000000 ) ) ;
#803 = ORIENTED_EDGE ( 'NONE', *, *, #2608, .F. ) ;
#804 = DIRECTION ( 'NONE',  ( 0.000000000000000000, 0.000000000000000000, 1.000000000000000000 ) ) ;
#805 = DIRECTION ( 'NONE',  ( 1.000000000000000000, 0.000000000000000000, 0.000000000000000000 ) ) ;
#806 = EDGE_LOOP ( 'NONE', ( #4167, #4004, #222, #1000 ) ) ;
#807 =( NAMED_UNIT ( * ) PLANE_ANGLE_UNIT ( ) SI_UNIT ( $, .RADIAN. ) );
#808 = CARTESIAN_POINT ( 'NONE',  ( 1.067889381068051424, 0.9926071408507473048, -1.460441190235738373 ) ) ;
#809 = CARTESIAN_POINT ( 'NONE',  ( 1.000000444858698323, 0.8325926460681964958, 1.653660235535578948 ) ) ;
#810 = CARTESIAN_POINT ( 'NONE',  ( -1.004454596512564413, 0.8704586716668482049, 1.642056434842732004 ) ) ;
#811 = EDGE_CURVE ( 'NONE', #2113, #206, #3481, .T. ) ;
#812 = CARTESIAN_POINT ( 'NONE',  ( -0.9127280446496178756, 1.066241813378408398, -1.445232213544088262 ) ) ;
#813 = ORIENTED_EDGE ( 'NONE', *, *, #999, .T. ) ;
#814 = EDGE_LOOP ( 'NONE', ( #251, #379, #4058, #4194 ) ) ;
#815 = CARTESIAN_POINT ( 'NONE',  ( -0.9127280726317980042, 1.066241819420688630, 1.445232187330548479 ) ) ;
#816 = CARTESIAN_POINT ( 'NONE',  ( 1.349999999999995648, 1.019238815542514276, 0.3249999999999999001 ) ) ;
#817 = FACE_OUTER_BOUND ( 'NONE', #1982, .T. ) ;
#818 = PLANE ( 'NONE',  #4444 ) ;
#819 = CARTESIAN_POINT ( 'NONE',  ( -0.6999999999999972911, 0.000000000000000000, -0.8250000000000060618 ) ) ;
#820 = CARTESIAN_POINT ( 'NONE',  ( 0.8925622659347807186, 1.072012352205839347, -1.425018172935750504 ) ) ;
#821 = VECTOR ( 'NONE', #2361, 1000.000000000000000 ) ;
#822 = CARTESIAN_POINT ( 'NONE',  ( 0.9252218191324053098, 1.067972913752146757, 1.433328334664593307 ) ) ;
#823 = ORIENTED_EDGE ( 'NONE', *, *, #4076, .T. ) ;
#824 = ORIENTED_EDGE ( 'NONE', *, *, #1401, .F. ) ;
#825 = DIRECTION ( 'NONE',  ( 0.000000000000000000, 0.000000000000000000, 1.000000000000000000 ) ) ;
#826 = CARTESIAN_POINT ( 'NONE',  ( -0.6749999999999992673, 4.902741699796952624, 1.300000000000000044 ) ) ;
#827 = VECTOR ( 'NONE', #3872, 1000.000000000000000 ) ;
#828 = CARTESIAN_POINT ( 'NONE',  ( -1.069138610966641201, 0.8157903231157940249, -1.640589816668794665 ) ) ;
#829 = CARTESIAN_POINT ( 'NONE',  ( 1.085454586562624835, 0.9735411675334723069, -1.468817765785525697 ) ) ;
#830 = DIRECTION ( 'NONE',  ( 0.000000000000000000, -1.000000000000000000, 0.000000000000000000 ) ) ;
#831 = SURFACE_STYLE_FILL_AREA ( #4535 ) ;
#832 = FACE_OUTER_BOUND ( 'NONE', #4041, .T. ) ;
#833 = CARTESIAN_POINT ( 'NONE',  ( 0.6999999999999921840, 0.1000000000000000472, 0.8249999999999999556 ) ) ;
#834 = CARTESIAN_POINT ( 'NONE',  ( -1.047295011717914504, 1.010961029266212563, 1.463520202320432562 ) ) ;
#835 = EDGE_LOOP ( 'NONE', ( #419, #1593, #5052, #1445 ) ) ;
#836 = CARTESIAN_POINT ( 'NONE',  ( 1.111747720321325961, 0.8711313494080761277, -1.584345635300610677 ) ) ;
#837 = ORIENTED_EDGE ( 'NONE', *, *, #1434, .F. ) ;
#838 = ADVANCED_FACE ( 'NONE', ( #1488 ), #3582, .T. ) ;
#839 = AXIS2_PLACEMENT_3D ( 'NONE', #5207, #442, #3017 ) ;
#840 = CARTESIAN_POINT ( 'NONE',  ( 1.033229320658949790, 1.020660044998754623, 1.468716975039655148 ) ) ;
#841 = CARTESIAN_POINT ( 'NONE',  ( 0.6999999999999929612, 0.000000000000000000, 1.474999999999999645 ) ) ;
#842 = LINE ( 'NONE', #5434, #1823 ) ;
#843 = CARTESIAN_POINT ( 'NONE',  ( -0.9699745062171294396, 0.9708480168051749626, -1.587732609982513088 ) ) ;
#844 = ORIENTED_EDGE ( 'NONE', *, *, #5079, .T. ) ;
#845 = DIRECTION ( 'NONE',  ( 1.000000000000000000, 0.000000000000000000, 0.000000000000000000 ) ) ;
#846 = PLANE ( 'NONE',  #1264 ) ;
#847 = ORIENTED_EDGE ( 'NONE', *, *, #1376, .F. ) ;
#848 = DIRECTION ( 'NONE',  ( -1.000000000000000000, 0.000000000000000000, -4.818676322157851609E-16 ) ) ;
#849 = CARTESIAN_POINT ( 'NONE',  ( 1.019200754747523918, 1.032013872167917512, -1.442185187276822100 ) ) ;
#850 = CARTESIAN_POINT ( 'NONE',  ( 0.9849955017837176419, 0.9238620626125317870, 1.619993018117731109 ) ) ;
#851 = STYLED_ITEM ( 'NONE', ( #1790 ), #3106 ) ;
#852 = ADVANCED_FACE ( 'NONE', ( #5330 ), #205, .T. ) ;
#853 = EDGE_CURVE ( 'NONE', #4867, #4647, #5303, .T. ) ;
#854 = PRESENTATION_STYLE_ASSIGNMENT (( #1102 ) ) ;
#855 = CARTESIAN_POINT ( 'NONE',  ( -0.9231727302978589567, 1.060432150648636496, -1.461774416969404244 ) ) ;
#856 = VERTEX_POINT ( 'NONE', #2376 ) ;
#857 = VERTEX_POINT ( 'NONE', #955 ) ;
#858 = CARTESIAN_POINT ( 'NONE',  ( -0.9393239111567762700, 1.067478312175735855, 1.419057700608720163 ) ) ;
#859 = CARTESIAN_POINT ( 'NONE',  ( 1.000000000000000222, 0.3300000000000000155, 1.500000000000000000 ) ) ;
#860 = DIRECTION ( 'NONE',  ( 0.000000000000000000, 0.000000000000000000, -1.000000000000000000 ) ) ;
#861 = DIRECTION ( 'NONE',  ( -1.000000000000000000, 0.000000000000000000, 0.000000000000000000 ) ) ;
#862 = AXIS2_PLACEMENT_3D ( 'NONE', #3879, #2530, #3364 ) ;
#863 = LINE ( 'NONE', #5389, #2739 ) ;
#864 = EDGE_CURVE ( 'NONE', #3937, #796, #1534, .T. ) ;
#865 = CARTESIAN_POINT ( 'NONE',  ( 0.8721848614337487371, 1.080000000000000071, 1.365115995001237259 ) ) ;
#866 = ORIENTED_EDGE ( 'NONE', *, *, #2558, .F. ) ;
#867 = CARTESIAN_POINT ( 'NONE',  ( 1.118101588284247105, 0.9010269862676583141, 1.552758457977514883 ) ) ;
#868 = EDGE_LOOP ( 'NONE', ( #1454, #4424 ) ) ;
#869 = CARTESIAN_POINT ( 'NONE',  ( 0.8865430585341679270, 1.073658406475170635, -1.417538672235177044 ) ) ;
#870 = SURFACE_STYLE_USAGE ( .BOTH. , #5643 ) ;
#871 = PLANE ( 'NONE',  #1059 ) ;
#872 = CARTESIAN_POINT ( 'NONE',  ( -1.095498502216584180, 0.7990653471991325807, -1.624294789212310297 ) ) ;
#873 = CARTESIAN_POINT ( 'NONE',  ( -1.154692366964407579, 0.8128984051949993406, 1.500000207376618988 ) ) ;
#874 = CARTESIAN_POINT ( 'NONE',  ( 1.349999999999995648, 1.019238815542514276, 0.3249999999999999001 ) ) ;
#875 = DIRECTION ( 'NONE',  ( -3.169206350342249222E-15, 0.000000000000000000, 1.000000000000000000 ) ) ;
#876 = CARTESIAN_POINT ( 'NONE',  ( -1.018432064597251774, 1.021395854440739770, 1.501467854731681095 ) ) ;
#877 = ORIENTED_EDGE ( 'NONE', *, *, #4190, .F. ) ;
#878 = EDGE_CURVE ( 'NONE', #5415, #1972, #1577, .T. ) ;
#879 = CARTESIAN_POINT ( 'NONE',  ( 1.135726891420744566, 0.8887363024803927036, -1.501573036607435352 ) ) ;
#880 = VERTEX_POINT ( 'NONE', #4182 ) ;
#881 = CARTESIAN_POINT ( 'NONE',  ( 0.9584899957624465339, 1.008747581346939315, 1.550398159380573571 ) ) ;
#882 = DIRECTION ( 'NONE',  ( -4.336808689942017736E-15, -0.000000000000000000, 1.000000000000000000 ) ) ;
#883 = DIRECTION ( 'NONE',  ( -0.000000000000000000, -1.000000000000000000, -0.000000000000000000 ) ) ;
#884 = FACE_OUTER_BOUND ( 'NONE', #868, .T. ) ;
#885 = ORIENTED_EDGE ( 'NONE', *, *, #2546, .T. ) ;
#886 =( LENGTH_UNIT ( ) NAMED_UNIT ( * ) SI_UNIT ( .MILLI., .METRE. ) );
#887 = VERTEX_POINT ( 'NONE', #242 ) ;
#888 = ADVANCED_FACE ( 'NONE', ( #5400 ), #4574, .F. ) ;
#889 = EDGE_CURVE ( 'NONE', #4503, #2777, #2707, .T. ) ;
#890 = CARTESIAN_POINT ( 'NONE',  ( 0.3250000000000000666, 0.000000000000000000, -1.850000000000000089 ) ) ;
#891 = CARTESIAN_POINT ( 'NONE',  ( -1.000000207376616768, 0.8128984051950012280, 1.654692366964408023 ) ) ;
#892 = CARTESIAN_POINT ( 'NONE',  ( -0.9162656378623880160, 1.073508056721183213, -1.401713174264823891 ) ) ;
#893 = ORIENTED_EDGE ( 'NONE', *, *, #481, .T. ) ;
#894 = VERTEX_POINT ( 'NONE', #2301 ) ;
#895 = AXIS2_PLACEMENT_3D ( 'NONE', #4080, #4039, #5335 ) ;
#896 = PLANE ( 'NONE',  #3744 ) ;
#897 = DIRECTION ( 'NONE',  ( -1.000802005371234635E-15, 0.000000000000000000, -1.000000000000000000 ) ) ;
#898 = PRESENTATION_STYLE_ASSIGNMENT (( #3785 ) ) ;
#899 = ADVANCED_FACE ( 'NONE', ( #4536 ), #4613, .F. ) ;
#900 = LINE ( 'NONE', #1670, #1008 ) ;
#901 = CARTESIAN_POINT ( 'NONE',  ( 0.9235488768337367649, 1.072320291610717735, 1.394113579975923445 ) ) ;
#902 = VERTEX_POINT ( 'NONE', #4114 ) ;
#903 = UNCERTAINTY_MEASURE_WITH_UNIT (LENGTH_MEASURE( 1.000000000000000082E-05 ), #5257, 'distance_accuracy_value', 'NONE');
#904 = CARTESIAN_POINT ( 'NONE',  ( 1.135726890582903659, 0.8887363047234859703, 1.501573042476366249 ) ) ;
#905 = ORIENTED_EDGE ( 'NONE', *, *, #3059, .T. ) ;
#906 = CARTESIAN_POINT ( 'NONE',  ( -0.7000000000000037303, 0.000000000000000000, -0.3250000000000001776 ) ) ;
#907 = CARTESIAN_POINT ( 'NONE',  ( 0.3249999999999998446, 0.1000000000000000056, 1.849999999999999867 ) ) ;
#908 = CARTESIAN_POINT ( 'NONE',  ( -1.084345635300896449, 0.8711313494079145903, -1.611747720320783728 ) ) ;
#909 = EDGE_CURVE ( 'NONE', #2032, #2188, #2786, .T. ) ;
#910 = PRESENTATION_LAYER_ASSIGNMENT (  '', '', ( #5563 ) ) ;
#911 = CARTESIAN_POINT ( 'NONE',  ( -0.6999999999999972911, 1.019238815542514276, -0.8250000000000060618 ) ) ;
#912 = CARTESIAN_POINT ( 'NONE',  ( -1.053305534392109166, 1.006217926523324424, 1.453380267653286095 ) ) ;
#913 = ORIENTED_EDGE ( 'NONE', *, *, #3476, .T. ) ;
#914 = CARTESIAN_POINT ( 'NONE',  ( 1.149551563567863255, 0.8147318162307876088, -1.540019965841063376 ) ) ;
#915 = ORIENTED_EDGE ( 'NONE', *, *, #1892, .T. ) ;
#916 = CARTESIAN_POINT ( 'NONE',  ( 0.9420549398183722944, 1.024612214387045750, 1.530062142762588007 ) ) ;
#917 = VECTOR ( 'NONE', #2664, 1000.000000000000000 ) ;
#918 = CARTESIAN_POINT ( 'NONE',  ( 0.3249999999999998446, 0.1000000000000000056, -1.200000000000000178 ) ) ;
#919 = CARTESIAN_POINT ( 'NONE',  ( -0.6999999999999945155, 0.1000000000000000056, -1.475000000000006084 ) ) ;
#920 = CIRCLE ( 'NONE', #4665, 0.1249999999999998890 ) ;
#921 = CARTESIAN_POINT ( 'NONE',  ( -0.9715532516879102909, 0.9978717158090465444, -1.561980102890098809 ) ) ;
#922 = AXIS2_PLACEMENT_3D ( 'NONE', #5593, #403, #440 ) ;
#923 = ORIENTED_EDGE ( 'NONE', *, *, #3788, .F. ) ;
#924 = CARTESIAN_POINT ( 'NONE',  ( 1.349999999999995648, 0.000000000000000000, 0.3249999999999999001 ) ) ;
#925 = DIRECTION ( 'NONE',  ( 0.000000000000000000, 1.000000000000000000, 0.000000000000000000 ) ) ;
#926 = ORIENTED_EDGE ( 'NONE', *, *, #1095, .T. ) ;
#927 = DIRECTION ( 'NONE',  ( 0.000000000000000000, 0.000000000000000000, -1.000000000000000000 ) ) ;
#928 = CARTESIAN_POINT ( 'NONE',  ( 0.9782457600006728704, 1.052147932179351431, -1.448273320811639842 ) ) ;
#929 = SURFACE_STYLE_FILL_AREA ( #464 ) ;
#930 = CARTESIAN_POINT ( 'NONE',  ( -0.8892214427399846022, 1.078556136277748267, -1.374699299382039053 ) ) ;
#931 = EDGE_LOOP ( 'NONE', ( #3945, #4756, #1873, #4782 ) ) ;
#932 = ORIENTED_EDGE ( 'NONE', *, *, #2257, .T. ) ;
#933 = ADVANCED_FACE ( 'NONE', ( #2728 ), #5295, .F. ) ;
#934 = CARTESIAN_POINT ( 'NONE',  ( 0.7000000000000038414, 0.000000000000000000, -0.8250000000000011768 ) ) ;
#935 = DIRECTION ( 'NONE',  ( -1.000000000000000000, 0.000000000000000000, -3.169206350342249222E-15 ) ) ;
#936 = VECTOR ( 'NONE', #785, 1000.000000000000000 ) ;
#937 = EDGE_CURVE ( 'NONE', #3948, #460, #2793, .T. ) ;
#938 = CARTESIAN_POINT ( 'NONE',  ( -0.9937646118764471570, 0.9251486421778898350, 1.619406829348714938 ) ) ;
#939 = DIRECTION ( 'NONE',  ( -1.000000000000000000, 0.000000000000000000, -3.502807018799328025E-15 ) ) ;
#940 = VECTOR ( 'NONE', #4870, 1000.000000000000000 ) ;
#941 = VECTOR ( 'NONE', #2163, 1000.000000000000000 ) ;
#942 = CARTESIAN_POINT ( 'NONE',  ( 0.9017644251033265501, 1.067387405522778998, -1.442457785152179151 ) ) ;
#943 = CARTESIAN_POINT ( 'NONE',  ( 0.9162339929775163982, 1.073925533953751232, 1.387907320755592089 ) ) ;
#944 = ORIENTED_EDGE ( 'NONE', *, *, #5201, .T. ) ;
#945 = CARTESIAN_POINT ( 'NONE',  ( 1.150590991303927391, 0.8333633414096719427, 1.518837728905810813 ) ) ;
#946 = ORIENTED_EDGE ( 'NONE', *, *, #1275, .F. ) ;
#947 = CARTESIAN_POINT ( 'NONE',  ( -0.6750000000000001554, 4.902741699796952624, 1.175000000000000044 ) ) ;
#948 = VECTOR ( 'NONE', #447, 1000.000000000000000 ) ;
#949 = ADVANCED_FACE ( 'NONE', ( #884 ), #3293, .T. ) ;
#950 = EDGE_CURVE ( 'NONE', #1937, #1682, #2807, .T. ) ;
#951 = CARTESIAN_POINT ( 'NONE',  ( -1.108542191517667419, 0.8821666905056811947, -1.581498032890306549 ) ) ;
#952 = CARTESIAN_POINT ( 'NONE',  ( -0.6749999999999992673, 1.080000000000000071, 1.300000000000000044 ) ) ;
#953 = FACE_OUTER_BOUND ( 'NONE', #1916, .T. ) ;
#954 = CARTESIAN_POINT ( 'NONE',  ( -1.350000000000003197, 0.1000000000000000472, 0.3250000000000000111 ) ) ;
#955 = CARTESIAN_POINT ( 'NONE',  ( -1.500000000000000222, 0.2300000000000000100, -2.000000000000000000 ) ) ;
#956 = ORIENTED_EDGE ( 'NONE', *, *, #3406, .F. ) ;
#957 = CARTESIAN_POINT ( 'NONE',  ( 0.9958158125491980428, 0.9454882498396590673, -1.606377505954179608 ) ) ;
#958 = ORIENTED_EDGE ( 'NONE', *, *, #3526, .T. ) ;
#959 = CARTESIAN_POINT ( 'NONE',  ( 1.019200752812146282, 1.032013873492327649, 1.442185189760381014 ) ) ;
#960 = CARTESIAN_POINT ( 'NONE',  ( -0.9999999999999976685, 0.3300000000000000155, -1.800000000000000044 ) ) ;
#961 = LINE ( 'NONE', #3426, #2918 ) ;
#962 = FILL_AREA_STYLE ('',( #89 ) ) ;
#963 = AXIS2_PLACEMENT_3D ( 'NONE', #2543, #1148, #1563 ) ;
#964 = ORIENTED_EDGE ( 'NONE', *, *, #4606, .T. ) ;
#965 = CARTESIAN_POINT ( 'NONE',  ( 0.000000000000000000, 0.1000000000000000056, 0.000000000000000000 ) ) ;
#966 = ORIENTED_EDGE ( 'NONE', *, *, #5148, .F. ) ;
#967 = CARTESIAN_POINT ( 'NONE',  ( -0.6999999999999945155, 1.019238815542514276, -1.475000000000006084 ) ) ;
#968 = FACE_OUTER_BOUND ( 'NONE', #835, .T. ) ;
#969 = LINE ( 'NONE', #2229, #2910 ) ;
#970 = CARTESIAN_POINT ( 'NONE',  ( -0.8679381736989667528, 1.080000000000000071, -1.369339883880259734 ) ) ;
#971 = ORIENTED_EDGE ( 'NONE', *, *, #3573, .F. ) ;
#972 = ORIENTED_EDGE ( 'NONE', *, *, #5541, .T. ) ;
#973 = DIRECTION ( 'NONE',  ( -8.340016711426957261E-16, -0.000000000000000000, 1.000000000000000000 ) ) ;
#974 = PLANE ( 'NONE',  #2695 ) ;
#975 = VECTOR ( 'NONE', #5320, 1000.000000000000000 ) ;
#976 = CARTESIAN_POINT ( 'NONE',  ( -1.130096845304506825, 0.9003771610283554105, 1.508512743618602103 ) ) ;
#977 = VECTOR ( 'NONE', #1874, 1000.000000000000000 ) ;
#978 = CARTESIAN_POINT ( 'NONE',  ( 0.9424577925772340548, 1.067387403260726009, -1.401764417349008252 ) ) ;
#979 = ORIENTED_EDGE ( 'NONE', *, *, #4335, .T. ) ;
#980 = CARTESIAN_POINT ( 'NONE',  ( 1.015080377634187903, 0.8625374357279699256, 1.643294780560546231 ) ) ;
#981 = ADVANCED_FACE ( 'NONE', ( #4507 ), #2969, .T. ) ;
#982 = EDGE_CURVE ( 'NONE', #2263, #3937, #4517, .T. ) ;
#983 = PRESENTATION_LAYER_ASSIGNMENT (  '', '', ( #1435 ) ) ;
#984 = LINE ( 'NONE', #3462, #4786 ) ;
#985 = CARTESIAN_POINT ( 'NONE',  ( -1.060222507401249903, 0.8694969734345175949, -1.628630499435874457 ) ) ;
#986 = CARTESIAN_POINT ( 'NONE',  ( -0.9999999999999997780, 0.4531526981014599720, 1.500000000000000000 ) ) ;
#987 = VECTOR ( 'NONE', #1710, 1000.000000000000000 ) ;
#988 = CARTESIAN_POINT ( 'NONE',  ( -1.349999999999995870, 0.000000000000000000, -1.275000000000003020 ) ) ;
#989 = CARTESIAN_POINT ( 'NONE',  ( -0.9752690757144789613, 0.9910486080906716344, 1.568936715633115320 ) ) ;
#990 = LINE ( 'NONE', #515, #4806 ) ;
#991 = ORIENTED_EDGE ( 'NONE', *, *, #2351, .T. ) ;
#992 = CARTESIAN_POINT ( 'NONE',  ( 1.064378897820092540, 0.9872788506213605597, -1.512778158647804849 ) ) ;
#993 = CARTESIAN_POINT ( 'NONE',  ( -0.8560047955232547023, 1.080000000000000071, 1.356004795523254591 ) ) ;
#994 = CARTESIAN_POINT ( 'NONE',  ( 0.8892517396676405950, 1.074159270356888074, -1.414941709281431592 ) ) ;
#995 = VECTOR ( 'NONE', #2151, 1000.000000000000000 ) ;
#996 = PLANE ( 'NONE',  #660 ) ;
#997 = AXIS2_PLACEMENT_3D ( 'NONE', #2137, #1763, #3485 ) ;
#998 = CARTESIAN_POINT ( 'NONE',  ( -0.9370137204461764791, 1.043204592282964249, -1.500120629260735639 ) ) ;
#999 = EDGE_CURVE ( 'NONE', #4131, #3993, #4525, .T. ) ;
#1000 = ORIENTED_EDGE ( 'NONE', *, *, #327, .F. ) ;
#1001 = CARTESIAN_POINT ( 'NONE',  ( -0.8560047955232542582, 1.080000000000000071, -1.356004795523255479 ) ) ;
#1002 = DIRECTION ( 'NONE',  ( 1.000000000000000000, -0.000000000000000000, -0.000000000000000000 ) ) ;
#1003 = CARTESIAN_POINT ( 'NONE',  ( -0.9637448844459830521, 0.9855708825233261416, -1.574742497494147297 ) ) ;
#1004 = CARTESIAN_POINT ( 'NONE',  ( -1.154692366964407579, 0.8128984051949993406, 1.500000207376618988 ) ) ;
#1005 = FACE_OUTER_BOUND ( 'NONE', #4317, .T. ) ;
#1006 = LINE ( 'NONE', #2661, #3035 ) ;
#1007 = AXIS2_PLACEMENT_3D ( 'NONE', #967, #1978, #2313 ) ;
#1008 = VECTOR ( 'NONE', #1627, 1000.000000000000000 ) ;
#1009 = CARTESIAN_POINT ( 'NONE',  ( -0.8651159941599428915, 1.080000000000000071, -1.372184863504100072 ) ) ;
#1010 = EDGE_LOOP ( 'NONE', ( #103, #184, #5688, #4766 ) ) ;
#1011 = EDGE_CURVE ( 'NONE', #5355, #2098, #4547, .T. ) ;
#1012 = CARTESIAN_POINT ( 'NONE',  ( -0.7000000000000082823, 0.1000000000000000472, 1.474999999999999645 ) ) ;
#1013 = CARTESIAN_POINT ( 'NONE',  ( 0.9175386722350623581, 1.073658406475193949, 1.386543058534235984 ) ) ;
#1014 = CARTESIAN_POINT ( 'NONE',  ( -1.114110589444882837, 0.9109700836168833638, 1.550033561701608997 ) ) ;
#1015 =( LENGTH_UNIT ( ) NAMED_UNIT ( * ) SI_UNIT ( .MILLI., .METRE. ) );
#1016 = CARTESIAN_POINT ( 'NONE',  ( -0.8996796470868373419, 1.075261168535009304, 1.404759583916775911 ) ) ;
#1017 = FACE_OUTER_BOUND ( 'NONE', #5459, .T. ) ;
#1018 = DIRECTION ( 'NONE',  ( 0.000000000000000000, -0.000000000000000000, 1.000000000000000000 ) ) ;
#1019 = CARTESIAN_POINT ( 'NONE',  ( 0.9406582169501972457, 1.067867013964911571, -1.403717520422878229 ) ) ;
#1020 = ORIENTED_EDGE ( 'NONE', *, *, #4556, .T. ) ;
#1021 = CARTESIAN_POINT ( 'NONE',  ( 1.128630500145887838, 0.8694969752442507360, 1.560222510941974727 ) ) ;
#1022 = EDGE_CURVE ( 'NONE', #3908, #3309, #2830, .T. ) ;
#1023 = CARTESIAN_POINT ( 'NONE',  ( -0.9506728725466064844, 1.028444942186958810, 1.524187057294336789 ) ) ;
#1024 = CARTESIAN_POINT ( 'NONE',  ( 0.6999999999999969580, 0.1000000000000000056, 0.3249999999999999001 ) ) ;
#1025 = VECTOR ( 'NONE', #830, 1000.000000000000000 ) ;
#1026 = FACE_OUTER_BOUND ( 'NONE', #3860, .T. ) ;
#1027 = CARTESIAN_POINT ( 'NONE',  ( -1.010339343547485447, 0.8911812248793917757, -1.633810575381362318 ) ) ;
#1028 = CARTESIAN_POINT ( 'NONE',  ( -1.350000000000003864, 0.000000000000000000, -0.3250000000000001776 ) ) ;
#1029 = TOROIDAL_SURFACE ( 'NONE', #414, 0.3033676800978821753, 0.1300000000000000044 ) ;
#1030 = DIRECTION ( 'NONE',  ( 0.000000000000000000, -0.000000000000000000, -1.000000000000000000 ) ) ;
#1031 =( LENGTH_UNIT ( ) NAMED_UNIT ( * ) SI_UNIT ( .MILLI., .METRE. ) );
#1032 = DIRECTION ( 'NONE',  ( 0.000000000000000000, 0.000000000000000000, -1.000000000000000000 ) ) ;
#1033 = ORIENTED_EDGE ( 'NONE', *, *, #4466, .F. ) ;
#1034 = CARTESIAN_POINT ( 'NONE',  ( 1.085168763700805172, 0.9739639341265438066, -1.476212497932538614 ) ) ;
#1035 = CARTESIAN_POINT ( 'NONE',  ( -0.8892214477342508250, 1.078556135937798865, 1.374699297220902672 ) ) ;
#1036 = ADVANCED_FACE ( 'NONE', ( #4813 ), #4692, .F. ) ;
#1037 = VECTOR ( 'NONE', #1807, 1000.000000000000000 ) ;
#1038 = VECTOR ( 'NONE', #882, 1000.000000000000000 ) ;
#1039 = CARTESIAN_POINT ( 'NONE',  ( -0.9545482528878371786, 1.015022361180575539, -1.542781040288464967 ) ) ;
#1040 = ORIENTED_EDGE ( 'NONE', *, *, #5600, .T. ) ;
#1041 = CARTESIAN_POINT ( 'NONE',  ( -0.8000000000000001554, 4.902741699796952624, 1.174999999999998934 ) ) ;
#1042 = CARTESIAN_POINT ( 'NONE',  ( 0.6999999999999961808, 0.1000000000000000472, -0.3250000000000000111 ) ) ;
#1043 = FILL_AREA_STYLE_COLOUR ( '', #3903 ) ;
#1044 = CARTESIAN_POINT ( 'NONE',  ( 0.3250000000000000666, 0.000000000000000000, -1.850000000000000089 ) ) ;
#1045 = CARTESIAN_POINT ( 'NONE',  ( 0.9258613262386101717, 1.045011609023339672, -1.497056737032331108 ) ) ;
#1046 = FACE_OUTER_BOUND ( 'NONE', #1212, .T. ) ;
#1047 = CARTESIAN_POINT ( 'NONE',  ( -0.9945035112551492418, 1.045492383892102417, 1.443898419244793230 ) ) ;
#1048 =( GEOMETRIC_REPRESENTATION_CONTEXT ( 3 ) GLOBAL_UNCERTAINTY_ASSIGNED_CONTEXT ( ( #3631 ) ) GLOBAL_UNIT_ASSIGNED_CONTEXT ( ( #1015, #2758, #4599 ) ) REPRESENTATION_CONTEXT ( 'NONE', 'WORKASPACE' ) );
#1049 = CARTESIAN_POINT ( 'NONE',  ( 1.300000000000000266, 0.3300000000000000155, 1.499999999999997780 ) ) ;
#1050 = EDGE_LOOP ( 'NONE', ( #915, #4605, #2799, #3843 ) ) ;
#1051 = CARTESIAN_POINT ( 'NONE',  ( -1.349999999999995870, 0.1000000000000000472, -1.275000000000003020 ) ) ;
#1052 = DIRECTION ( 'NONE',  ( 0.000000000000000000, -1.000000000000000000, 0.000000000000000000 ) ) ;
#1053 = LINE ( 'NONE', #2797, #1318 ) ;
#1054 = CARTESIAN_POINT ( 'NONE',  ( -0.9180966335175541060, 1.053355153960591650, 1.481283034342553595 ) ) ;
#1055 = CARTESIAN_POINT ( 'NONE',  ( -0.9884792651646725492, 0.9425015193662217294, 1.609045746409654143 ) ) ;
#1056 = DIRECTION ( 'NONE',  ( 0.000000000000000000, 1.000000000000000000, 0.000000000000000000 ) ) ;
#1057 = CARTESIAN_POINT ( 'NONE',  ( -0.9264999619787996910, 1.071660421240631988, 1.390986742180165381 ) ) ;
#1058 = EDGE_CURVE ( 'NONE', #4503, #2309, #2982, .T. ) ;
#1059 = AXIS2_PLACEMENT_3D ( 'NONE', #2853, #2377, #3222 ) ;
#1060 = ORIENTED_EDGE ( 'NONE', *, *, #3573, .T. ) ;
#1061 = CARTESIAN_POINT ( 'NONE',  ( -0.6999999999999972911, 0.1000000000000000472, -0.8250000000000060618 ) ) ;
#1062 = CARTESIAN_POINT ( 'NONE',  ( 1.018808417679455625, 1.003122731748610441, 1.538029291087894546 ) ) ;
#1063 = CARTESIAN_POINT ( 'NONE',  ( 0.7999999999999999334, 1.080000000000000071, 1.174999999999998934 ) ) ;
#1064 = CIRCLE ( 'NONE', #1800, 0.1299999999999998934 ) ;
#1065 = CIRCLE ( 'NONE', #2478, 0.2999999999999999334 ) ;
#1066 = CARTESIAN_POINT ( 'NONE',  ( -1.072214560744569223, 0.9134396964093072224, -1.597861021487657407 ) ) ;
#1067 = LINE ( 'NONE', #2311, #987 ) ;
#1068 = DIRECTION ( 'NONE',  ( -0.000000000000000000, -1.000000000000000000, -0.000000000000000000 ) ) ;
#1069 = LINE ( 'NONE', #4445, #2871 ) ;
#1070 = CARTESIAN_POINT ( 'NONE',  ( 0.9762124987225199169, 0.9739639340871006912, -1.585168763718369345 ) ) ;
#1071 = CARTESIAN_POINT ( 'NONE',  ( -0.8855402752681041934, 1.078771928507118449, 1.378324935661025430 ) ) ;
#1072 = AXIS2_PLACEMENT_3D ( 'NONE', #911, #4038, #3220 ) ;
#1073 = PRODUCT ( 'STCC4-D-R3', 'STCC4-D-R3', '', ( #1093 ) ) ;
#1074 = LINE ( 'NONE', #3048, #4794 ) ;
#1075 = EDGE_CURVE ( 'NONE', #1862, #3981, #4823, .T. ) ;
#1076 = DIRECTION ( 'NONE',  ( 1.000000000000000000, -0.000000000000000000, 8.340016711426959233E-16 ) ) ;
#1077 = VECTOR ( 'NONE', #1229, 1000.000000000000000 ) ;
#1078 = CARTESIAN_POINT ( 'NONE',  ( -0.9421851872767268432, 1.032013872167857338, -1.519200754747624948 ) ) ;
#1079 = LINE ( 'NONE', #356, #4747 ) ;
#1080 = VECTOR ( 'NONE', #3969, 1000.000000000000000 ) ;
#1081 = CARTESIAN_POINT ( 'NONE',  ( 0.8729143626763808950, 1.080000000000000071, -1.364396857940621155 ) ) ;
#1082 = DIRECTION ( 'NONE',  ( 1.000000000000000000, 0.000000000000000000, -3.336006684570788525E-16 ) ) ;
#1083 = DIRECTION ( 'NONE',  ( -1.000000000000000000, 0.000000000000000000, 0.000000000000000000 ) ) ;
#1084 = AXIS2_PLACEMENT_3D ( 'NONE', #4439, #1752, #3970 ) ;
#1085 = CYLINDRICAL_SURFACE ( 'NONE', #4176, 0.1299999999999998934 ) ;
#1086 = EDGE_CURVE ( 'NONE', #4647, #150, #900, .T. ) ;
#1087 = VECTOR ( 'NONE', #5274, 1000.000000000000000 ) ;
#1088 = CARTESIAN_POINT ( 'NONE',  ( -0.8560047955232543693, 1.080000000000000071, -1.356004795523255479 ) ) ;
#1089 = LINE ( 'NONE', #4672, #3608 ) ;
#1090 = CARTESIAN_POINT ( 'NONE',  ( -1.349999999999995870, 0.1000000000000000056, -1.275000000000003020 ) ) ;
#1091 = CARTESIAN_POINT ( 'NONE',  ( -1.138675522626383607, 0.7988942090804054263, -1.581130452819937471 ) ) ;
#1092 = CARTESIAN_POINT ( 'NONE',  ( 1.030062142762587118, 1.024612214387046860, 1.442054939818374848 ) ) ;
#1093 = PRODUCT_CONTEXT ( 'NONE', #3213, 'mechanical' ) ;
#1094 = CARTESIAN_POINT ( 'NONE',  ( -0.9162339984911198609, 1.073925532829134388, 1.387907316222563692 ) ) ;
#1095 = EDGE_CURVE ( 'NONE', #3432, #5505, #4874, .T. ) ;
#1096 = CARTESIAN_POINT ( 'NONE',  ( 0.9999289321870011849, 0.8976693910943284171, 1.632146279683622359 ) ) ;
#1097 = CARTESIAN_POINT ( 'NONE',  ( 0.9037175204229518366, 1.067867013964947542, 1.440658216950054582 ) ) ;
#1098 = LINE ( 'NONE', #5610, #3026 ) ;
#1099 = CARTESIAN_POINT ( 'NONE',  ( -0.9180742549466962554, 1.059059017460157515, 1.466318854988974518 ) ) ;
#1100 = CARTESIAN_POINT ( 'NONE',  ( -0.9496837075454509502, 1.012648599492148138, -1.545701584146263352 ) ) ;
#1101 = CARTESIAN_POINT ( 'NONE',  ( -0.3249999999999998446, 1.019238815542514276, -1.200000000000000178 ) ) ;
#1102 = SURFACE_STYLE_USAGE ( .BOTH. , #4963 ) ;
#1103 =( LENGTH_UNIT ( ) NAMED_UNIT ( * ) SI_UNIT ( .MILLI., .METRE. ) );
#1104 = CARTESIAN_POINT ( 'NONE',  ( 1.068936714633433649, 0.9910486089803609566, -1.475269077017683728 ) ) ;
#1105 = CARTESIAN_POINT ( 'NONE',  ( -0.8729143626763645747, 1.080000000000000071, 1.364396857940635588 ) ) ;
#1106 = CARTESIAN_POINT ( 'NONE',  ( 0.9175386722351769331, 1.073658406475169969, -1.386543058534169814 ) ) ;
#1107 = CARTESIAN_POINT ( 'NONE',  ( 1.124294789343871503, 0.7990653471970627919, 1.595498502045529010 ) ) ;
#1108 = LINE ( 'NONE', #4471, #1130 ) ;
#1109 = CARTESIAN_POINT ( 'NONE',  ( -0.9695112225651079108, 1.053167411977159018, -1.457522292062449765 ) ) ;
#1110 = SURFACE_STYLE_FILL_AREA ( #789 ) ;
#1111 = SURFACE_SIDE_STYLE ('',( #1984 ) ) ;
#1112 = CARTESIAN_POINT ( 'NONE',  ( 0.8651159950012266009, 1.080000000000000071, -1.372184861433777048 ) ) ;
#1113 = SURFACE_SIDE_STYLE ('',( #5646 ) ) ;
#1114 = PLANE ( 'NONE',  #963 ) ;
#1115 = VECTOR ( 'NONE', #277, 1000.000000000000000 ) ;
#1116 = CARTESIAN_POINT ( 'NONE',  ( 0.9127280446496843780, 1.066241813378472125, 1.445232213543895083 ) ) ;
#1117 = UNCERTAINTY_MEASURE_WITH_UNIT (LENGTH_MEASURE( 1.000000000000000082E-05 ), #2639, 'distance_accuracy_value', 'NONE');
#1118 = CARTESIAN_POINT ( 'NONE',  ( 0.9381227321984186851, 1.030145156312498811, -1.522026651625578264 ) ) ;
#1119 = ADVANCED_FACE ( 'NONE', ( #4854 ), #1029, .F. ) ;
#1120 = CARTESIAN_POINT ( 'NONE',  ( -0.8000000000000001554, 4.902741699796952624, -0.1749999999999991562 ) ) ;
#1121 = PLANE ( 'NONE',  #5664 ) ;
#1122 = DIRECTION ( 'NONE',  ( 6.672013369141567189E-16, 0.000000000000000000, -1.000000000000000000 ) ) ;
#1123 = DIRECTION ( 'NONE',  ( 0.000000000000000000, 0.000000000000000000, 1.000000000000000000 ) ) ;
#1124 = CARTESIAN_POINT ( 'NONE',  ( -0.9858820679112388907, 0.9691775058179439295, 1.588493158647852121 ) ) ;
#1125 = AXIS2_PLACEMENT_3D ( 'NONE', #859, #3934, #4883 ) ;
#1126 = CARTESIAN_POINT ( 'NONE',  ( -0.9123738914923819054, 1.074559958517214087, 1.391908934568252487 ) ) ;
#1127 = CARTESIAN_POINT ( 'NONE',  ( 0.9061140760607370170, 1.073772003237681627, -1.411935037699454609 ) ) ;
#1128 = CARTESIAN_POINT ( 'NONE',  ( 1.025330806713873111, 0.9050562191268316514, 1.624563205555445755 ) ) ;
#1129 = VECTOR ( 'NONE', #790, 1000.000000000000000 ) ;
#1130 = VECTOR ( 'NONE', #3588, 1000.000000000000000 ) ;
#1131 =( GEOMETRIC_REPRESENTATION_CONTEXT ( 3 ) GLOBAL_UNCERTAINTY_ASSIGNED_CONTEXT ( ( #903 ) ) GLOBAL_UNIT_ASSIGNED_CONTEXT ( ( #5257, #3495, #5604 ) ) REPRESENTATION_CONTEXT ( 'NONE', 'WORKASPACE' ) );
#1132 = PLANE ( 'NONE',  #2336 ) ;
#1133 = VECTOR ( 'NONE', #2924, 1000.000000000000000 ) ;
#1134 = DIRECTION ( 'NONE',  ( 0.000000000000000000, -1.000000000000000000, 0.000000000000000000 ) ) ;
#1135 = DIRECTION ( 'NONE',  ( -0.000000000000000000, -1.000000000000000000, -0.000000000000000000 ) ) ;
#1136 = VECTOR ( 'NONE', #1452, 1000.000000000000000 ) ;
#1137 = CARTESIAN_POINT ( 'NONE',  ( -0.6750000000000001554, 1.080000000000000071, -0.1750000000000000444 ) ) ;
#1138 = CARTESIAN_POINT ( 'NONE',  ( 0.9908281866716740494, 1.041357454755687861, -1.476740547724977537 ) ) ;
#1139 = FACE_OUTER_BOUND ( 'NONE', #2318, .T. ) ;
#1140 = CARTESIAN_POINT ( 'NONE',  ( -0.9766606287629616689, 1.049496024274090056, -1.463959570800891674 ) ) ;
#1141 = PRESENTATION_STYLE_ASSIGNMENT (( #1294 ) ) ;
#1142 = PRESENTATION_LAYER_ASSIGNMENT (  '', '', ( #3029 ) ) ;
#1143 = FACE_OUTER_BOUND ( 'NONE', #3247, .T. ) ;
#1144 = DIRECTION ( 'NONE',  ( 0.000000000000000000, 1.000000000000000000, 0.000000000000000000 ) ) ;
#1145 = CARTESIAN_POINT ( 'NONE',  ( 0.8658277878565765473, 1.080000000000000071, -1.371464777464453277 ) ) ;
#1146 = EDGE_CURVE ( 'NONE', #1862, #3523, #2836, .T. ) ;
#1147 = PLANE ( 'NONE',  #5652 ) ;
#1148 = DIRECTION ( 'NONE',  ( -0.000000000000000000, 1.000000000000000000, 0.000000000000000000 ) ) ;
#1149 = CARTESIAN_POINT ( 'NONE',  ( 0.9749632204708140737, 1.055490247842450158, -1.422877548705704154 ) ) ;
#1150 = CARTESIAN_POINT ( 'NONE',  ( 0.9231727302979723104, 1.060432150648730198, 1.461774416969161106 ) ) ;
#1151 = SURFACE_STYLE_FILL_AREA ( #2979 ) ;
#1152 = CARTESIAN_POINT ( 'NONE',  ( -1.155593655949626930, 0.7957007868728830369, 1.499999999999998002 ) ) ;
#1153 = ADVANCED_FACE ( 'NONE', ( #2904 ), #3845, .F. ) ;
#1154 = EDGE_CURVE ( 'NONE', #887, #1940, #1079, .T. ) ;
#1155 = CARTESIAN_POINT ( 'NONE',  ( -1.120095858777992115, 0.8381249222306729196, -1.591840219740146667 ) ) ;
#1156 = LINE ( 'NONE', #1194, #3217 ) ;
#1157 = CARTESIAN_POINT ( 'NONE',  ( -0.9999999999999997780, 0.2300000000000000100, 1.800000000000000044 ) ) ;
#1158 = CARTESIAN_POINT ( 'NONE',  ( 1.040019966370555160, 0.8147318162605843295, -1.649551563599285009 ) ) ;
#1159 = CARTESIAN_POINT ( 'NONE',  ( -0.9999999999999997780, 0.7957007868728832589, 1.655593655949627374 ) ) ;
#1160 = CARTESIAN_POINT ( 'NONE',  ( -0.6999999999999972911, 0.000000000000000000, -0.8250000000000060618 ) ) ;
#1161 = CARTESIAN_POINT ( 'NONE',  ( 1.017525914290047684, 0.9800845278247873882, 1.570712173608235895 ) ) ;
#1162 = ADVANCED_FACE ( 'NONE', ( #1017 ), #846, .T. ) ;
#1163 = CARTESIAN_POINT ( 'NONE',  ( 0.8560047955232548134, 1.080000000000000071, 1.356004795523255479 ) ) ;
#1164 = CYLINDRICAL_SURFACE ( 'NONE', #5080, 0.2999999999999999334 ) ;
#1165 = CARTESIAN_POINT ( 'NONE',  ( -1.091405377238798158, 0.9663642128024844125, -1.479407908338634225 ) ) ;
#1166 =( NAMED_UNIT ( * ) SI_UNIT ( $, .STERADIAN. ) SOLID_ANGLE_UNIT ( ) );
#1167 = VECTOR ( 'NONE', #1328, 1000.000000000000000 ) ;
#1168 = PLANE ( 'NONE',  #1387 ) ;
#1169 = DIRECTION ( 'NONE',  ( -1.000000000000000000, 0.000000000000000000, 0.000000000000000000 ) ) ;
#1170 = PRESENTATION_STYLE_ASSIGNMENT (( #4124 ) ) ;
#1171 =( LENGTH_UNIT ( ) NAMED_UNIT ( * ) SI_UNIT ( .MILLI., .METRE. ) );
#1172 = LINE ( 'NONE', #10, #3001 ) ;
#1173 = CARTESIAN_POINT ( 'NONE',  ( 0.9830593662847777470, 1.036876941676772468, -1.497834827177167760 ) ) ;
#1174 = FACE_OUTER_BOUND ( 'NONE', #3731, .T. ) ;
#1175 = CARTESIAN_POINT ( 'NONE',  ( -0.9511104167945180210, 1.064675585585806106, -1.406316128050782988 ) ) ;
#1176 = FACE_OUTER_BOUND ( 'NONE', #1839, .T. ) ;
#1177 = EDGE_CURVE ( 'NONE', #1665, #5249, #920, .T. ) ;
#1178 = CARTESIAN_POINT ( 'NONE',  ( -1.350000000000006972, 1.019238815542514276, 1.474999999999999867 ) ) ;
#1179 = CARTESIAN_POINT ( 'NONE',  ( -1.299999999999999822, 0.3300000000000000155, 1.499999999999997780 ) ) ;
#1180 = CARTESIAN_POINT ( 'NONE',  ( -1.500000000000000222, 0.2300000000000000100, 2.000000000000000000 ) ) ;
#1181 = VECTOR ( 'NONE', #623, 1000.000000000000000 ) ;
#1182 = LINE ( 'NONE', #3734, #1261 ) ;
#1183 = CARTESIAN_POINT ( 'NONE',  ( -0.9695112553167007929, 1.053167409352822714, 1.457522257891172179 ) ) ;
#1184 = CARTESIAN_POINT ( 'NONE',  ( 0.9511104167942976417, 1.064675585585831641, 1.406316128050979941 ) ) ;
#1185 =( NAMED_UNIT ( * ) PLANE_ANGLE_UNIT ( ) SI_UNIT ( $, .RADIAN. ) );
#1186 = CARTESIAN_POINT ( 'NONE',  ( -0.7000000000000037303, 0.1000000000000000056, -0.3250000000000001776 ) ) ;
#1187 = AXIS2_PLACEMENT_3D ( 'NONE', #2149, #5110, #4750 ) ;
#1188 = CARTESIAN_POINT ( 'NONE',  ( -1.137070424145824710, 0.8372100367711889923, -1.566584642306291242 ) ) ;
#1189 = CARTESIAN_POINT ( 'NONE',  ( -1.045701584146030205, 1.012648599492335766, 1.449683707545664557 ) ) ;
#1190 = LINE ( 'NONE', #5081, #3188 ) ;
#1191 = EDGE_CURVE ( 'NONE', #2065, #1787, #1067, .T. ) ;
#1192 = CARTESIAN_POINT ( 'NONE',  ( 1.138468772633526083, 0.8656085796381356445, -1.533333020925149892 ) ) ;
#1193 = ADVANCED_FACE ( 'NONE', ( #4804 ), #4054, .T. ) ;
#1194 = CARTESIAN_POINT ( 'NONE',  ( -1.149999999999995914, 0.1000000000000000056, -1.475000000000000977 ) ) ;
#1195 = DIRECTION ( 'NONE',  ( -1.000000000000000000, 0.000000000000000000, -0.000000000000000000 ) ) ;
#1196 = CARTESIAN_POINT ( 'NONE',  ( 1.082194099096203121, 0.9766975884417454790, 1.482418108622358677 ) ) ;
#1197 = CARTESIAN_POINT ( 'NONE',  ( 0.000000000000000000, 0.1000000000000000056, 0.000000000000000000 ) ) ;
#1198 = AXIS2_PLACEMENT_3D ( 'NONE', #302, #2358, #2791 ) ;
#1199 = LINE ( 'NONE', #1950, #1286 ) ;
#1200 = FACE_OUTER_BOUND ( 'NONE', #931, .T. ) ;
#1201 = CARTESIAN_POINT ( 'NONE',  ( -0.6749999999999992673, 1.080000000000000071, -0.3000000000000000444 ) ) ;
#1202 = CARTESIAN_POINT ( 'NONE',  ( 0.7000000000000053957, 0.1000000000000000472, -1.475000000000000977 ) ) ;
#1203 = CARTESIAN_POINT ( 'NONE',  ( 1.055294769403087862, 1.002083375575016033, -1.482400811647656802 ) ) ;
#1204 = CARTESIAN_POINT ( 'NONE',  ( -1.013606596710494578, 0.8722597856524361148, 1.640408405087867783 ) ) ;
#1205 = ADVANCED_FACE ( 'NONE', ( #2943 ), #1307, .F. ) ;
#1206 = FACE_OUTER_BOUND ( 'NONE', #176, .T. ) ;
#1207 = LINE ( 'NONE', #2514, #4996 ) ;
#1208 = CARTESIAN_POINT ( 'NONE',  ( -0.9155027378732750742, 1.058258015718648304, -1.468567180272187800 ) ) ;
#1209 = EDGE_CURVE ( 'NONE', #337, #4530, #4840, .T. ) ;
#1210 = CARTESIAN_POINT ( 'NONE',  ( 0.3249999999999998446, 0.1000000000000000056, 1.849999999999999867 ) ) ;
#1211 = CARTESIAN_POINT ( 'NONE',  ( 0.7000000000000038414, 0.1000000000000000056, -0.8250000000000011768 ) ) ;
#1212 = EDGE_LOOP ( 'NONE', ( #2914, #4844, #2134, #3870 ) ) ;
#1213 = CARTESIAN_POINT ( 'NONE',  ( 1.350000000000002753, 0.1000000000000000472, -0.8249999999999989564 ) ) ;
#1214 = CARTESIAN_POINT ( 'NONE',  ( 0.9701235343662580890, 1.057074071744330990, 1.428395129599281388 ) ) ;
#1215 = CARTESIAN_POINT ( 'NONE',  ( -1.155593655949626930, 0.7957007868728830369, 1.499999999999998002 ) ) ;
#1216 = AXIS2_PLACEMENT_3D ( 'NONE', #5136, #3342, #3305 ) ;
#1217 = PLANE ( 'NONE',  #2190 ) ;
#1218 = EDGE_LOOP ( 'NONE', ( #2117, #1040, #3973, #2109 ) ) ;
#1219 = CARTESIAN_POINT ( 'NONE',  ( -1.018837727815131711, 0.8333633408801194298, -1.650590991272882668 ) ) ;
#1220 = CARTESIAN_POINT ( 'NONE',  ( -1.030062142762707467, 1.024612214386960929, 1.442054939818280479 ) ) ;
#1221 = LINE ( 'NONE', #348, #5122 ) ;
#1222 = DIRECTION ( 'NONE',  ( -0.000000000000000000, -0.9986295347545739443, -0.05233595624294395260 ) ) ;
#1223 = FACE_OUTER_BOUND ( 'NONE', #4775, .T. ) ;
#1224 = DIRECTION ( 'NONE',  ( 1.000000000000000000, 0.000000000000000000, -0.000000000000000000 ) ) ;
#1225 = CARTESIAN_POINT ( 'NONE',  ( -1.067889381067938626, 0.9926071408508593263, 1.460441190235855835 ) ) ;
#1226 = CARTESIAN_POINT ( 'NONE',  ( 1.108542189841655645, 0.8821666906021367049, -1.581498034680795861 ) ) ;
#1227 = CARTESIAN_POINT ( 'NONE',  ( 1.013262896313357864, 1.009453779338320256, 1.531716580464020483 ) ) ;
#1228 = CARTESIAN_POINT ( 'NONE',  ( 0.9489948749661002436, 1.014172621091195658, 1.544258902479703544 ) ) ;
#1229 = DIRECTION ( 'NONE',  ( 0.000000000000000000, -1.000000000000000000, 0.000000000000000000 ) ) ;
#1230 = CARTESIAN_POINT ( 'NONE',  ( -1.073863568457176232, 0.9597915450702658724, -1.550833273150533653 ) ) ;
#1231 = CARTESIAN_POINT ( 'NONE',  ( -0.8997863920714718189, 1.066839277064781877, -1.444260357962602104 ) ) ;
#1232 = DIRECTION ( 'NONE',  ( 2.335204679199548467E-15, 0.000000000000000000, -1.000000000000000000 ) ) ;
#1233 = DIRECTION ( 'NONE',  ( -0.000000000000000000, -1.000000000000000000, -0.000000000000000000 ) ) ;
#1234 = ADVANCED_FACE ( 'NONE', ( #953 ), #4890, .T. ) ;
#1235 = DIRECTION ( 'NONE',  ( 0.000000000000000000, -1.000000000000000000, 0.000000000000000000 ) ) ;
#1236 = CARTESIAN_POINT ( 'NONE',  ( 1.044516291582965772, 1.007347950061446618, -1.498382072398327658 ) ) ;
#1237 = VERTEX_POINT ( 'NONE', #2235 ) ;
#1238 = EDGE_CURVE ( 'NONE', #3363, #1992, #4881, .T. ) ;
#1239 = AXIS2_PLACEMENT_3D ( 'NONE', #4513, #4092, #509 ) ;
#1240 = CARTESIAN_POINT ( 'NONE',  ( -0.9316563044744551325, 1.069716948358817810, -1.413311611269540080 ) ) ;
#1241 = PRESENTATION_STYLE_ASSIGNMENT (( #1509 ) ) ;
#1242 = DIRECTION ( 'NONE',  ( 3.336006684570784088E-15, 0.000000000000000000, -1.000000000000000000 ) ) ;
#1243 = CARTESIAN_POINT ( 'NONE',  ( -1.350000000000006972, 0.1000000000000000472, 1.474999999999999867 ) ) ;
#1244 = ADVANCED_FACE ( 'NONE', ( #3000 ), #5309, .T. ) ;
#1245 = CARTESIAN_POINT ( 'NONE',  ( 0.000000000000000000, 0.1000000000000000056, 0.000000000000000000 ) ) ;
#1246 =( NAMED_UNIT ( * ) PLANE_ANGLE_UNIT ( ) SI_UNIT ( $, .RADIAN. ) );
#1247 = CARTESIAN_POINT ( 'NONE',  ( 0.9231727585492541799, 1.060432157584904500, -1.461774391862830536 ) ) ;
#1248 = PRESENTATION_STYLE_ASSIGNMENT (( #2450 ) ) ;
#1249 = EDGE_CURVE ( 'NONE', #4477, #147, #2857, .T. ) ;
#1250 = CARTESIAN_POINT ( 'NONE',  ( -0.9420549398182801459, 1.024612214386959819, 1.530062142762711019 ) ) ;
#1251 = CARTESIAN_POINT ( 'NONE',  ( 0.9084671394847159132, 1.065252615042887374, 1.449156036056820751 ) ) ;
#1252 =( GEOMETRIC_REPRESENTATION_CONTEXT ( 3 ) GLOBAL_UNCERTAINTY_ASSIGNED_CONTEXT ( ( #4318 ) ) GLOBAL_UNIT_ASSIGNED_CONTEXT ( ( #4939, #4406, #3107 ) ) REPRESENTATION_CONTEXT ( 'NONE', 'WORKASPACE' ) );
#1253 = CARTESIAN_POINT ( 'NONE',  ( -0.6749999999999992673, 1.320000000000000062, -0.3000000000000000444 ) ) ;
#1254 = CARTESIAN_POINT ( 'NONE',  ( 1.349999999999991873, 0.000000000000000000, 1.474999999999999645 ) ) ;
#1255 = EDGE_LOOP ( 'NONE', ( #1348, #1565, #692, #4341 ) ) ;
#1256 = CARTESIAN_POINT ( 'NONE',  ( -0.9970567370322217515, 1.045011609023397625, 1.425861326238694327 ) ) ;
#1257 = PLANE ( 'NONE',  #1187 ) ;
#1258 = CARTESIAN_POINT ( 'NONE',  ( 1.062801466382342186, 0.9974953866988280904, -1.457979317747149395 ) ) ;
#1259 = SURFACE_STYLE_FILL_AREA ( #2958 ) ;
#1260 = DIRECTION ( 'NONE',  ( 0.000000000000000000, 0.000000000000000000, -1.000000000000000000 ) ) ;
#1261 = VECTOR ( 'NONE', #4557, 1000.000000000000000 ) ;
#1262 = DIRECTION ( 'NONE',  ( -0.000000000000000000, -1.000000000000000000, -0.000000000000000000 ) ) ;
#1263 = CARTESIAN_POINT ( 'NONE',  ( 1.151995817079910278, 0.8312873317204950707, -1.499108563112619974 ) ) ;
#1264 = AXIS2_PLACEMENT_3D ( 'NONE', #1514, #2277, #508 ) ;
#1265 = CARTESIAN_POINT ( 'NONE',  ( 1.030062142762587118, 1.024612214387046860, 1.442054939818374848 ) ) ;
#1266 = EDGE_CURVE ( 'NONE', #1727, #3995, #2870, .T. ) ;
#1267 = CARTESIAN_POINT ( 'NONE',  ( -1.149999999999995914, 0.1000000000000000056, -1.475000000000000977 ) ) ;
#1268 = VECTOR ( 'NONE', #3417, 1000.000000000000000 ) ;
#1269 = CARTESIAN_POINT ( 'NONE',  ( -1.055294771899250028, 1.002083374055860565, -1.482400808046208995 ) ) ;
#1270 = MANIFOLD_SOLID_BREP ( 'Cut-Extrude1', #4519 ) ;
#1271 = DIRECTION ( 'NONE',  ( 0.000000000000000000, -1.000000000000000000, 0.000000000000000000 ) ) ;
#1272 = CARTESIAN_POINT ( 'NONE',  ( -0.9442603579624370136, 1.066839277064833169, 1.399786392071568519 ) ) ;
#1273 = CARTESIAN_POINT ( 'NONE',  ( -0.3249999999999998446, 1.019238815542514276, -1.200000000000000178 ) ) ;
#1274 = CARTESIAN_POINT ( 'NONE',  ( 0.9438984355638941892, 1.045492389081056128, -1.494503497676552106 ) ) ;
#1275 = EDGE_CURVE ( 'NONE', #2650, #477, #3019, .T. ) ;
#1276 = SURFACE_STYLE_FILL_AREA ( #1730 ) ;
#1277 = PRESENTATION_STYLE_ASSIGNMENT (( #870 ) ) ;
#1278 = CARTESIAN_POINT ( 'NONE',  ( -0.9749632079871120016, 1.055490252717617983, -1.422877563624917130 ) ) ;
#1279 = LINE ( 'NONE', #5025, #1415 ) ;
#1280 = ADVANCED_FACE ( 'NONE', ( #3050 ), #1132, .F. ) ;
#1281 = CARTESIAN_POINT ( 'NONE',  ( -0.9041423583170109524, 1.064016118123586319, 1.453059464202390183 ) ) ;
#1282 = DIRECTION ( 'NONE',  ( -1.000000000000000000, 0.000000000000000000, 0.000000000000000000 ) ) ;
#1283 = DIRECTION ( 'NONE',  ( 0.000000000000000000, 0.000000000000000000, 1.000000000000000000 ) ) ;
#1284 = DIRECTION ( 'NONE',  ( 0.000000000000000000, 0.000000000000000000, 1.000000000000000000 ) ) ;
#1285 = SURFACE_SIDE_STYLE ('',( #139 ) ) ;
#1286 = VECTOR ( 'NONE', #2368, 1000.000000000000000 ) ;
#1287 = CARTESIAN_POINT ( 'NONE',  ( 0.9264999619787378515, 1.071660421240645311, 1.390986742180203573 ) ) ;
#1288 = LINE ( 'NONE', #1180, #5384 ) ;
#1289 = CARTESIAN_POINT ( 'NONE',  ( 1.040019965837603699, 0.8147318162308102574, 1.649551563568580681 ) ) ;
#1290 = CARTESIAN_POINT ( 'NONE',  ( 0.3249999999999998446, 0.1000000000000000056, 1.849999999999999867 ) ) ;
#1291 = ADVANCED_FACE ( 'NONE', ( #5067 ), #3362, .F. ) ;
#1292 = DIRECTION ( 'NONE',  ( 1.000000000000000000, -0.000000000000000000, -0.000000000000000000 ) ) ;
#1293 = CARTESIAN_POINT ( 'NONE',  ( 1.349999999999991873, 0.1000000000000000472, 1.474999999999999645 ) ) ;
#1294 = SURFACE_STYLE_USAGE ( .BOTH. , #3420 ) ;
#1295 = LINE ( 'NONE', #2521, #1181 ) ;
#1296 = DIRECTION ( 'NONE',  ( -0.000000000000000000, -1.000000000000000000, -0.000000000000000000 ) ) ;
#1297 = CARTESIAN_POINT ( 'NONE',  ( -1.349999999999996092, 0.1000000000000000056, -0.8250000000000081712 ) ) ;
#1298 = CARTESIAN_POINT ( 'NONE',  ( -1.040726233912364407, 1.014755511335131422, 1.473392509560816022 ) ) ;
#1299 = CARTESIAN_POINT ( 'NONE',  ( 1.004454596512477593, 0.8704586716668016866, -1.642056434842748214 ) ) ;
#1300 = CARTESIAN_POINT ( 'NONE',  ( 0.8879073207555364666, 1.073925533953726585, -1.416233992977627310 ) ) ;
#1301 = CARTESIAN_POINT ( 'NONE',  ( 0.8976070793742562115, 1.069035523242058083, 1.439840234946672792 ) ) ;
#1302 = CARTESIAN_POINT ( 'NONE',  ( 1.023069875148855168, 1.025110848094878735, 1.482521422969398595 ) ) ;
#1303 = CARTESIAN_POINT ( 'NONE',  ( -0.5500000000000002665, 1.080000000000000071, -1.050000000000000044 ) ) ;
#1304 = COLOUR_RGB ( '',1.000000000000000000, 1.000000000000000000, 0.7529411764705882248 ) ;
#1305 = CARTESIAN_POINT ( 'NONE',  ( -1.031716585645103823, 1.009453778681560276, -1.513262890654202053 ) ) ;
#1306 = DIRECTION ( 'NONE',  ( 0.000000000000000000, 0.000000000000000000, 1.000000000000000000 ) ) ;
#1307 = PLANE ( 'NONE',  #4345 ) ;
#1308 = CARTESIAN_POINT ( 'NONE',  ( 1.000000000000000222, 0.3300000000000000155, -1.500000000000000000 ) ) ;
#1309 = EDGE_CURVE ( 'NONE', #4696, #3806, #4942, .T. ) ;
#1310 = CARTESIAN_POINT ( 'NONE',  ( 0.9945035112552773615, 1.045492383892076438, -1.443898419244766362 ) ) ;
#1311 = AXIS2_PLACEMENT_3D ( 'NONE', #4719, #4255, #2077 ) ;
#1312 = CARTESIAN_POINT ( 'NONE',  ( -0.9017644173489631765, 1.067387403260704248, -1.442457792577306330 ) ) ;
#1313 = CARTESIAN_POINT ( 'NONE',  ( 0.7000000000000038414, 0.1000000000000000472, -0.8250000000000011768 ) ) ;
#1314 = DIRECTION ( 'NONE',  ( -1.000000000000000000, 0.000000000000000000, 6.672013369141559498E-15 ) ) ;
#1315 = ORIENTED_EDGE ( 'NONE', *, *, #472, .T. ) ;
#1316 = PLANE ( 'NONE',  #518 ) ;
#1317 = AXIS2_PLACEMENT_3D ( 'NONE', #947, #374, #2647 ) ;
#1318 = VECTOR ( 'NONE', #2913, 1000.000000000000000 ) ;
#1319 = CARTESIAN_POINT ( 'NONE',  ( 0.8746992972209393091, 1.078556135937793981, 1.389221447734250825 ) ) ;
#1320 = CARTESIAN_POINT ( 'NONE',  ( -1.020360688092320389, 0.7967102921167452667, 1.654495475402415039 ) ) ;
#1321 = LINE ( 'NONE', #4861, #5118 ) ;
#1322 = CARTESIAN_POINT ( 'NONE',  ( 1.000000207376647410, 0.8128984051950012280, 1.654692366964408023 ) ) ;
#1323 = ADVANCED_FACE ( 'NONE', ( #1176 ), #4727, .T. ) ;
#1324 = DIRECTION ( 'NONE',  ( -0.000000000000000000, 1.000000000000000000, 0.000000000000000000 ) ) ;
#1325 = VERTEX_POINT ( 'NONE', #240 ) ;
#1326 = CARTESIAN_POINT ( 'NONE',  ( -0.9200988544407354697, 1.054566357949584310, 1.477346479797068568 ) ) ;
#1327 = CARTESIAN_POINT ( 'NONE',  ( -1.005710983904851252, 0.8611158099979586700, -1.644805314365313409 ) ) ;
#1328 = DIRECTION ( 'NONE',  ( -0.000000000000000000, -0.000000000000000000, 1.000000000000000000 ) ) ;
#1329 = VECTOR ( 'NONE', #5142, 1000.000000000000000 ) ;
#1330 = CARTESIAN_POINT ( 'NONE',  ( 1.180000000000000160, 0.3300000000000000155, -1.499999999999997780 ) ) ;
#1331 = CARTESIAN_POINT ( 'NONE',  ( -0.9533802676532866505, 1.006217926523323536, 1.553305534392110498 ) ) ;
#1332 = EDGE_CURVE ( 'NONE', #4334, #3309, #4905, .T. ) ;
#1333 = LINE ( 'NONE', #952, #3244 ) ;
#1334 = CARTESIAN_POINT ( 'NONE',  ( 1.154692366964408246, 0.8128984051949970091, -1.500000207376590122 ) ) ;
#1335 = LINE ( 'NONE', #2093, #5191 ) ;
#1336 = CARTESIAN_POINT ( 'NONE',  ( 1.067889381067830490, 0.9926071408509673510, 1.460441190235969300 ) ) ;
#1337 = CARTESIAN_POINT ( 'NONE',  ( -0.3249999999999998446, 0.1000000000000000472, -1.200000000000000178 ) ) ;
#1338 = CARTESIAN_POINT ( 'NONE',  ( -0.8560047955232547023, 0.7800000000000001377, -1.499999999999998668 ) ) ;
#1339 = VECTOR ( 'NONE', #3764, 1000.000000000000000 ) ;
#1340 = CARTESIAN_POINT ( 'NONE',  ( -0.9660327786449922627, 0.9954149142055749300, -1.565072610436915479 ) ) ;
#1341 = LINE ( 'NONE', #2337, #5156 ) ;
#1342 = CARTESIAN_POINT ( 'NONE',  ( -0.9999999999999997780, 0.4531526981014634137, 1.673545840579787614 ) ) ;
#1343 = CARTESIAN_POINT ( 'NONE',  ( 0.9109965250869763720, 1.058752859006908853, 1.466924706985375249 ) ) ;
#1344 = EDGE_CURVE ( 'NONE', #2665, #5137, #4926, .T. ) ;
#1345 = CARTESIAN_POINT ( 'NONE',  ( 1.040734323873040434, 0.7978297350112313335, -1.655482082505487673 ) ) ;
#1346 = CARTESIAN_POINT ( 'NONE',  ( -0.9563366779923685446, 1.062729621373798228, -1.405756955958682664 ) ) ;
#1347 = CARTESIAN_POINT ( 'NONE',  ( 0.9864906049465416160, 1.049599244412369181, -1.438742397671754158 ) ) ;
#1348 = ORIENTED_EDGE ( 'NONE', *, *, #1146, .T. ) ;
#1349 = LINE ( 'NONE', #2129, #1494 ) ;
#1350 = FACE_OUTER_BOUND ( 'NONE', #325, .T. ) ;
#1351 = CARTESIAN_POINT ( 'NONE',  ( -0.8879073162224968563, 1.073925532829115292, -1.416233998491225332 ) ) ;
#1352 = FACE_OUTER_BOUND ( 'NONE', #514, .T. ) ;
#1353 = AXIS2_PLACEMENT_3D ( 'NONE', #1530, #2902, #3779 ) ;
#1354 = DIRECTION ( 'NONE',  ( -0.000000000000000000, -0.000000000000000000, -1.000000000000000000 ) ) ;
#1355 = CARTESIAN_POINT ( 'NONE',  ( -0.7000000000000041744, 0.1000000000000000056, 0.3249999999999997891 ) ) ;
#1356 = CLOSED_SHELL ( 'NONE', ( #5678, #36, #2294, #1755 ) ) ;
#1357 = DIRECTION ( 'NONE',  ( 0.000000000000000000, 1.000000000000000000, 0.000000000000000000 ) ) ;
#1358 = CARTESIAN_POINT ( 'NONE',  ( 0.8739697158190115056, 1.078500189757766625, 1.389965426499522705 ) ) ;
#1359 = EDGE_LOOP ( 'NONE', ( #4402, #2449, #4348, #4230 ) ) ;
#1360 = VECTOR ( 'NONE', #4611, 1000.000000000000000 ) ;
#1361 = CARTESIAN_POINT ( 'NONE',  ( 1.108542191518230302, 0.8821666905048897167, 1.581498032890234606 ) ) ;
#1362 = CARTESIAN_POINT ( 'NONE',  ( -0.9446239753060876598, 1.059845751267223246, 1.455080998393281755 ) ) ;
#1363 = CARTESIAN_POINT ( 'NONE',  ( -1.033333020922275303, 0.8656085796380568187, -1.638468772633852488 ) ) ;
#1364 = PLANE ( 'NONE',  #3862 ) ;
#1365 = LINE ( 'NONE', #391, #3378 ) ;
#1366 = CARTESIAN_POINT ( 'NONE',  ( -1.350000000000007638, 0.000000000000000000, 0.8249999999999997335 ) ) ;
#1367 = CARTESIAN_POINT ( 'NONE',  ( -0.9824181086222818493, 0.9766975884416346787, 1.582194099096311035 ) ) ;
#1368 = CIRCLE ( 'NONE', #2566, 0.1250000000000000000 ) ;
#1369 = CARTESIAN_POINT ( 'NONE',  ( 1.109045747394875159, 0.9425015178978944919, -1.488479260762923362 ) ) ;
#1370 = ADVANCED_FACE ( 'NONE', ( #4915 ), #388, .F. ) ;
#1371 = CARTESIAN_POINT ( 'NONE',  ( 1.016278136846003655, 1.033649000859008904, 1.446189794562999342 ) ) ;
#1372 = CARTESIAN_POINT ( 'NONE',  ( 0.7000000000000053957, 0.000000000000000000, -1.475000000000000977 ) ) ;
#1373 = SURFACE_STYLE_USAGE ( .BOTH. , #349 ) ;
#1374 = UNCERTAINTY_MEASURE_WITH_UNIT (LENGTH_MEASURE( 1.000000000000000082E-05 ), #886, 'distance_accuracy_value', 'NONE');
#1375 = CIRCLE ( 'NONE', #2062, 0.2999999999999999334 ) ;
#1376 = EDGE_CURVE ( 'NONE', #556, #4031, #5486, .T. ) ;
#1377 =( GEOMETRIC_REPRESENTATION_CONTEXT ( 3 ) GLOBAL_UNCERTAINTY_ASSIGNED_CONTEXT ( ( #1511 ) ) GLOBAL_UNIT_ASSIGNED_CONTEXT ( ( #5305, #2231, #542 ) ) REPRESENTATION_CONTEXT ( 'NONE', 'WORKASPACE' ) );
#1378 = CARTESIAN_POINT ( 'NONE',  ( 1.349999999999991873, 1.019238815542514276, 1.474999999999999645 ) ) ;
#1379 = DIRECTION ( 'NONE',  ( 0.000000000000000000, -0.000000000000000000, 1.000000000000000000 ) ) ;
#1380 = CARTESIAN_POINT ( 'NONE',  ( 0.7000000000000038414, 1.019238815542514276, -0.8250000000000011768 ) ) ;
#1381 = CARTESIAN_POINT ( 'NONE',  ( 1.000000000000000222, 0.2300000000000000100, 1.500000000000000000 ) ) ;
#1382 = CARTESIAN_POINT ( 'NONE',  ( 1.002859767095577448, 1.041870047429035662, -1.433535160614581194 ) ) ;
#1383 = VERTEX_POINT ( 'NONE', #3431 ) ;
#1384 = CARTESIAN_POINT ( 'NONE',  ( 0.9541168361454892555, 1.048352124157273524, 1.485869570743976187 ) ) ;
#1385 = LINE ( 'NONE', #3294, #1339 ) ;
#1386 = CARTESIAN_POINT ( 'NONE',  ( -0.8729143626764004349, 1.080000000000000071, -1.364396857940611607 ) ) ;
#1387 = AXIS2_PLACEMENT_3D ( 'NONE', #389, #2968, #3003 ) ;
#1388 = CARTESIAN_POINT ( 'NONE',  ( -0.3249999999999999001, 0.000000000000000000, 1.199999999999999956 ) ) ;
#1389 = CARTESIAN_POINT ( 'NONE',  ( 1.053305534391991927, 1.006217926523426787, 1.453380267653393565 ) ) ;
#1390 = ORIENTED_EDGE ( 'NONE', *, *, #2666, .F. ) ;
#1391 = CARTESIAN_POINT ( 'NONE',  ( -1.084715230922850049, 0.9425429518091800185, 1.560627220511634050 ) ) ;
#1392 = FACE_OUTER_BOUND ( 'NONE', #353, .T. ) ;
#1393 = CARTESIAN_POINT ( 'NONE',  ( 0.9129092575517495645, 1.057342591155940426, -1.470791301267625917 ) ) ;
#1394 = CARTESIAN_POINT ( 'NONE',  ( 0.8996796174373985489, 1.075261167410415553, 1.404759614546642998 ) ) ;
#1395 = FACE_OUTER_BOUND ( 'NONE', #2041, .T. ) ;
#1396 = CARTESIAN_POINT ( 'NONE',  ( 1.144805313924925239, 0.8611158116470211121, 1.505710987811574197 ) ) ;
#1397 = LINE ( 'NONE', #3264, #3051 ) ;
#1398 = STYLED_ITEM ( 'NONE', ( #854 ), #933 ) ;
#1399 = FACE_OUTER_BOUND ( 'NONE', #1936, .T. ) ;
#1400 = CARTESIAN_POINT ( 'NONE',  ( -0.9773464863551725168, 1.054566354949455498, 1.420098846383877733 ) ) ;
#1401 = EDGE_CURVE ( 'NONE', #5366, #3993, #3610, .T. ) ;
#1402 = CARTESIAN_POINT ( 'NONE',  ( -0.9999289321867251834, 0.8976693910942951105, -1.632146279683708068 ) ) ;
#1403 = DIRECTION ( 'NONE',  ( 1.000000000000000000, -0.000000000000000000, 4.336808689942017736E-15 ) ) ;
#1404 = LINE ( 'NONE', #4798, #5266 ) ;
#1405 = CARTESIAN_POINT ( 'NONE',  ( 1.000000000000000222, 0.2300000000000000100, 1.500000000000000000 ) ) ;
#1406 = CARTESIAN_POINT ( 'NONE',  ( 0.000000000000000000, 0.1000000000000000056, 0.000000000000000000 ) ) ;
#1407 = CIRCLE ( 'NONE', #1622, 0.1735458405797876136 ) ;
#1408 = CARTESIAN_POINT ( 'NONE',  ( 0.9752690757143868128, 0.9910486080905697159, -1.568936715633219015 ) ) ;
#1409 = CARTESIAN_POINT ( 'NONE',  ( 0.8919089503880347491, 1.074559961117852680, -1.412373873405108782 ) ) ;
#1410 = LINE ( 'NONE', #4623, #3319 ) ;
#1411 = CARTESIAN_POINT ( 'NONE',  ( -1.349999999999996092, 1.019238815542514276, -0.8250000000000081712 ) ) ;
#1412 = CARTESIAN_POINT ( 'NONE',  ( -1.022026651625694615, 1.030145156312422206, -1.438122732198326093 ) ) ;
#1413 = EDGE_CURVE ( 'NONE', #2615, #5151, #1596, .T. ) ;
#1414 = LINE ( 'NONE', #4855, #3327 ) ;
#1415 = VECTOR ( 'NONE', #40, 1000.000000000000000 ) ;
#1416 = CARTESIAN_POINT ( 'NONE',  ( 1.000000000000000222, 0.4531526981014599720, 1.500000000000000000 ) ) ;
#1417 = CARTESIAN_POINT ( 'NONE',  ( -0.9264999619787996910, 1.071660421240631988, 1.390986742180165381 ) ) ;
#1418 = CARTESIAN_POINT ( 'NONE',  ( -1.043840086084224961, 1.014083849563972795, -1.448773066602788040 ) ) ;
#1419 = ORIENTED_EDGE ( 'NONE', *, *, #472, .F. ) ;
#1420 = LINE ( 'NONE', #162, #3334 ) ;
#1421 = FACE_OUTER_BOUND ( 'NONE', #2811, .T. ) ;
#1422 = CARTESIAN_POINT ( 'NONE',  ( 1.350000000000002753, 0.1000000000000000056, -0.8249999999999989564 ) ) ;
#1423 = FACE_OUTER_BOUND ( 'NONE', #2841, .T. ) ;
#1424 = VECTOR ( 'NONE', #2704, 1000.000000000000000 ) ;
#1425 = CARTESIAN_POINT ( 'NONE',  ( 0.8907155160572571839, 1.078436251296193360, 1.373236080141744697 ) ) ;
#1426 = COLOUR_RGB ( '',1.000000000000000000, 0.8117647058823529438, 0.5019607843137254832 ) ;
#1427 = CARTESIAN_POINT ( 'NONE',  ( -0.9188808314287212342, 1.070128042157538761, 1.426218679110867749 ) ) ;
#1428 = DIRECTION ( 'NONE',  ( 0.000000000000000000, 0.000000000000000000, 1.000000000000000000 ) ) ;
#1429 = FACE_OUTER_BOUND ( 'NONE', #806, .T. ) ;
#1430 = VECTOR ( 'NONE', #2942, 1000.000000000000000 ) ;
#1431 = CARTESIAN_POINT ( 'NONE',  ( 1.084345635300732358, 0.8711313494082031372, 1.611747720321000665 ) ) ;
#1432 = CARTESIAN_POINT ( 'NONE',  ( -1.024187059335134320, 1.028444940894569060, 1.450672870234345879 ) ) ;
#1433 = DIRECTION ( 'NONE',  ( 0.000000000000000000, 1.000000000000000000, 0.000000000000000000 ) ) ;
#1434 = EDGE_CURVE ( 'NONE', #328, #2650, #1626, .T. ) ;
#1435 = STYLED_ITEM ( 'NONE', ( #3270 ), #4946 ) ;
#1436 = CARTESIAN_POINT ( 'NONE',  ( -0.9749632204707147087, 1.055490247842501672, 1.422877548705749673 ) ) ;
#1437 = CARTESIAN_POINT ( 'NONE',  ( -1.027506863400222903, 0.8955293642493534767, -1.628440684315180409 ) ) ;
#1438 = PLANE ( 'NONE',  #1484 ) ;
#1439 = FACE_OUTER_BOUND ( 'NONE', #4518, .T. ) ;
#1440 = DIRECTION ( 'NONE',  ( -1.000000000000000000, 0.000000000000000000, -0.000000000000000000 ) ) ;
#1441 = CARTESIAN_POINT ( 'NONE',  ( 0.3249999999999998446, 1.019238815542514276, -1.200000000000000178 ) ) ;
#1442 = CARTESIAN_POINT ( 'NONE',  ( 1.017237043221347115, 0.9333068753250147731, -1.610984259090896042 ) ) ;
#1443 = CARTESIAN_POINT ( 'NONE',  ( -0.8651159950012293764, 1.080000000000000071, 1.372184861433768388 ) ) ;
#1444 = UNCERTAINTY_MEASURE_WITH_UNIT (LENGTH_MEASURE( 1.000000000000000082E-05 ), #3760, 'distance_accuracy_value', 'NONE');
#1445 = ORIENTED_EDGE ( 'NONE', *, *, #950, .F. ) ;
#1446 = EDGE_CURVE ( 'NONE', #1682, #112, #3708, .T. ) ;
#1447 = CARTESIAN_POINT ( 'NONE',  ( -0.6999999999999945155, 0.000000000000000000, -1.475000000000006084 ) ) ;
#1448 = PRESENTATION_LAYER_ASSIGNMENT (  '', '', ( #851 ) ) ;
#1449 = CARTESIAN_POINT ( 'NONE',  ( -0.9714291892911717241, 1.035343849423416840, -1.508367865028750865 ) ) ;
#1450 = VECTOR ( 'NONE', #2686, 1000.000000000000000 ) ;
#1451 = VECTOR ( 'NONE', #2061, 1000.000000000000000 ) ;
#1452 = DIRECTION ( 'NONE',  ( -6.672013369141567189E-16, -0.000000000000000000, 1.000000000000000000 ) ) ;
#1453 = CARTESIAN_POINT ( 'NONE',  ( 0.9999999999999981126, 0.3300000000000000155, -1.800000000000000044 ) ) ;
#1454 = ORIENTED_EDGE ( 'NONE', *, *, #4394, .T. ) ;
#1455 = CARTESIAN_POINT ( 'NONE',  ( 0.3250000000000000666, 0.1000000000000000056, -1.850000000000000089 ) ) ;
#1456 = CARTESIAN_POINT ( 'NONE',  ( -1.038162836379865173, 0.8350579182371359321, 1.646305281191090986 ) ) ;
#1457 = CARTESIAN_POINT ( 'NONE',  ( -0.8560047955232543693, 1.079999999999999849, -1.356004795523255035 ) ) ;
#1458 = DIRECTION ( 'NONE',  ( -1.000000000000000000, 0.000000000000000000, 8.031127203596339230E-17 ) ) ;
#1459 = EDGE_CURVE ( 'NONE', #4567, #796, #3479, .T. ) ;
#1460 = LINE ( 'NONE', #2096, #3372 ) ;
#1461 = VERTEX_POINT ( 'NONE', #4093 ) ;
#1462 = CARTESIAN_POINT ( 'NONE',  ( 0.6749999999999990452, 4.902741699796952624, -0.3000000000000001554 ) ) ;
#1463 = DIRECTION ( 'NONE',  ( 0.000000000000000000, -0.000000000000000000, -1.000000000000000000 ) ) ;
#1464 = CARTESIAN_POINT ( 'NONE',  ( -0.8915862862937106170, 1.071412711348552538, 1.427840755231900793 ) ) ;
#1465 = CARTESIAN_POINT ( 'NONE',  ( -1.031450577010381009, 0.9571199931308372877, 1.588996963380472582 ) ) ;
#1466 = FILL_AREA_STYLE_COLOUR ( '', #344 ) ;
#1467 = FACE_OUTER_BOUND ( 'NONE', #3929, .T. ) ;
#1468 = CARTESIAN_POINT ( 'NONE',  ( -0.8919089503880600622, 1.074559961117866891, 1.412373873405077918 ) ) ;
#1469 = DIRECTION ( 'NONE',  ( 1.000000000000000000, 0.000000000000000000, 0.000000000000000000 ) ) ;
#1470 = LINE ( 'NONE', #5452, #1516 ) ;
#1471 = CARTESIAN_POINT ( 'NONE',  ( 1.003239052283107169, 1.000921524276105812, 1.551288798284190973 ) ) ;
#1472 = EDGE_CURVE ( 'NONE', #3595, #1826, #5327, .T. ) ;
#1473 = CARTESIAN_POINT ( 'NONE',  ( -0.7000000000000077272, 0.1000000000000000472, 0.8249999999999997335 ) ) ;
#1474 = VERTEX_POINT ( 'NONE', #511 ) ;
#1475 = CARTESIAN_POINT ( 'NONE',  ( -0.9857512517499861238, 0.9217622814952255439, -1.621191648480132974 ) ) ;
#1476 = CARTESIAN_POINT ( 'NONE',  ( 0.3249999999999998446, 0.1000000000000000056, 1.199999999999999956 ) ) ;
#1477 = VECTOR ( 'NONE', #38, 1000.000000000000000 ) ;
#1478 = CARTESIAN_POINT ( 'NONE',  ( 1.349999999999996092, 0.1000000000000000056, -0.3250000000000000111 ) ) ;
#1479 = DIRECTION ( 'NONE',  ( 0.000000000000000000, -0.000000000000000000, 1.000000000000000000 ) ) ;
#1480 = FILL_AREA_STYLE_COLOUR ( '', #1426 ) ;
#1481 = CARTESIAN_POINT ( 'NONE',  ( 0.9824181086221797088, 0.9766975884415302067, -1.582194099096396522 ) ) ;
#1482 = CARTESIAN_POINT ( 'NONE',  ( -0.8679381779793289287, 1.080000000000000071, 1.369339878843558012 ) ) ;
#1483 = ORIENTED_EDGE ( 'NONE', *, *, #614, .F. ) ;
#1484 = AXIS2_PLACEMENT_3D ( 'NONE', #4146, #4112, #4960 ) ;
#1485 = CARTESIAN_POINT ( 'NONE',  ( -0.8560047955232547023, 1.080000000000000071, 0.000000000000000000 ) ) ;
#1486 = CARTESIAN_POINT ( 'NONE',  ( -0.9541168361455235614, 1.048352124157094112, -1.485869570744269508 ) ) ;
#1487 = SURFACE_STYLE_FILL_AREA ( #243 ) ;
#1488 = FACE_OUTER_BOUND ( 'NONE', #1660, .T. ) ;
#1489 = CARTESIAN_POINT ( 'NONE',  ( -0.6749999999999992673, 1.080000000000000071, -0.3000000000000000444 ) ) ;
#1490 = SURFACE_SIDE_STYLE ('',( #599 ) ) ;
#1491 = DIRECTION ( 'NONE',  ( 0.000000000000000000, 0.000000000000000000, -1.000000000000000000 ) ) ;
#1492 = ORIENTED_EDGE ( 'NONE', *, *, #4497, .T. ) ;
#1493 = PLANE ( 'NONE',  #1007 ) ;
#1494 = VECTOR ( 'NONE', #2567, 1000.000000000000000 ) ;
#1495 = CARTESIAN_POINT ( 'NONE',  ( -0.8560047955232543693, 1.080000000000000071, -1.356004795523255479 ) ) ;
#1496 = LINE ( 'NONE', #1313, #3359 ) ;
#1497 = EDGE_LOOP ( 'NONE', ( #2320, #590, #4205, #4309 ) ) ;
#1498 = CARTESIAN_POINT ( 'NONE',  ( 1.350000000000002753, 0.1000000000000000056, -0.8249999999999989564 ) ) ;
#1499 = DIRECTION ( 'NONE',  ( 0.000000000000000000, -1.000000000000000000, 0.000000000000000000 ) ) ;
#1500 = CARTESIAN_POINT ( 'NONE',  ( 0.9707913012674214137, 1.057342591156024580, 1.412909257551874020 ) ) ;
#1501 = CARTESIAN_POINT ( 'NONE',  ( -0.8783249434993687377, 1.078771929030114096, 1.385540263071068035 ) ) ;
#1502 = CARTESIAN_POINT ( 'NONE',  ( 0.9999999999999988898, 0.7957007868728833699, -1.655593655949627374 ) ) ;
#1503 = AXIS2_PLACEMENT_3D ( 'NONE', #3925, #1235, #1551 ) ;
#1504 = FACE_OUTER_BOUND ( 'NONE', #4410, .T. ) ;
#1505 = CARTESIAN_POINT ( 'NONE',  ( 1.119406829348701171, 0.9251486421782766367, 1.493764611876558845 ) ) ;
#1506 = CARTESIAN_POINT ( 'NONE',  ( -0.9540735825081059218, 1.036452076090491836, 1.510249186801143173 ) ) ;
#1507 = CARTESIAN_POINT ( 'NONE',  ( 0.9123738734050115262, 1.074559961117877993, 1.391908950388057065 ) ) ;
#1508 = ORIENTED_EDGE ( 'NONE', *, *, #5679, .T. ) ;
#1509 = SURFACE_STYLE_USAGE ( .BOTH. , #317 ) ;
#1510 = VECTOR ( 'NONE', #3005, 1000.000000000000000 ) ;
#1511 = UNCERTAINTY_MEASURE_WITH_UNIT (LENGTH_MEASURE( 1.000000000000000082E-05 ), #5305, 'distance_accuracy_value', 'NONE');
#1512 = CYLINDRICAL_SURFACE ( 'NONE', #2488, 0.1299999999999998934 ) ;
#1513 = PLANE ( 'NONE',  #731 ) ;
#1514 = CARTESIAN_POINT ( 'NONE',  ( 0.000000000000000000, 0.1000000000000000056, 0.000000000000000000 ) ) ;
#1515 = LINE ( 'NONE', #67, #5329 ) ;
#1516 = VECTOR ( 'NONE', #2852, 1000.000000000000000 ) ;
#1517 = CARTESIAN_POINT ( 'NONE',  ( 1.074742497494045601, 0.9855708825234337223, -1.463744884446102290 ) ) ;
#1518 = MECHANICAL_DESIGN_GEOMETRIC_PRESENTATION_REPRESENTATION (  '', ( #5158 ), #4919 ) ;
#1519 = CARTESIAN_POINT ( 'NONE',  ( 0.8739697168553639539, 1.078500189966967060, -1.389965423719707660 ) ) ;
#1520 = ORIENTED_EDGE ( 'NONE', *, *, #2944, .T. ) ;
#1521 = EDGE_CURVE ( 'NONE', #147, #399, #3427, .T. ) ;
#1522 = CARTESIAN_POINT ( 'NONE',  ( -1.350000000000003197, 1.019238815542514276, 0.3250000000000000111 ) ) ;
#1523 = CARTESIAN_POINT ( 'NONE',  ( -0.9575222578911760651, 1.053167409352807393, -1.469511255316780618 ) ) ;
#1524 = VECTOR ( 'NONE', #3331, 1000.000000000000000 ) ;
#1525 = FACE_OUTER_BOUND ( 'NONE', #487, .T. ) ;
#1526 = CARTESIAN_POINT ( 'NONE',  ( -0.9999999999999997780, 0.7800000000000001377, 1.356004795523255479 ) ) ;
#1527 = CARTESIAN_POINT ( 'NONE',  ( 0.8647579298523465630, 1.080000000000000071, -1.372547763150501421 ) ) ;
#1528 = SURFACE_STYLE_USAGE ( .BOTH. , #1113 ) ;
#1529 = VERTEX_POINT ( 'NONE', #1044 ) ;
#1530 = CARTESIAN_POINT ( 'NONE',  ( 0.000000000000000000, 0.1000000000000000056, 0.000000000000000000 ) ) ;
#1531 = EDGE_CURVE ( 'NONE', #1682, #769, #3473, .T. ) ;
#1532 = CARTESIAN_POINT ( 'NONE',  ( 0.9446239307117800799, 1.059845748267116639, 1.455081041488732962 ) ) ;
#1533 = FACE_OUTER_BOUND ( 'NONE', #5184, .T. ) ;
#1534 = LINE ( 'NONE', #2813, #5348 ) ;
#1535 = VERTEX_POINT ( 'NONE', #2829 ) ;
#1536 = CARTESIAN_POINT ( 'NONE',  ( -0.6999999999999972911, 1.019238815542514276, -0.8250000000000060618 ) ) ;
#1537 = CARTESIAN_POINT ( 'NONE',  ( 0.8560047955232551464, 1.080000000000000071, 1.356004795523255479 ) ) ;
#1538 = CARTESIAN_POINT ( 'NONE',  ( 1.093869606044638676, 0.9631614094146674354, 1.472900433778294937 ) ) ;
#1539 = CARTESIAN_POINT ( 'NONE',  ( -1.017525915218274291, 0.9800845277765134478, 1.570712174341432954 ) ) ;
#1540 = LINE ( 'NONE', #4281, #3457 ) ;
#1541 = CARTESIAN_POINT ( 'NONE',  ( -0.8909867421801617171, 1.071660421240632433, 1.426499961978801689 ) ) ;
#1542 = EDGE_CURVE ( 'NONE', #5137, #1383, #3620, .T. ) ;
#1543 = DIRECTION ( 'NONE',  ( -8.340016711426957261E-16, -0.000000000000000000, 1.000000000000000000 ) ) ;
#1544 = CARTESIAN_POINT ( 'NONE',  ( 1.116987393982498578, 0.9281406144065688091, 1.501698289667388497 ) ) ;
#1545 = ORIENTED_EDGE ( 'NONE', *, *, #539, .F. ) ;
#1546 = CARTESIAN_POINT ( 'NONE',  ( -0.9986486468707631570, 0.9740142306879456813, -1.581863748691795468 ) ) ;
#1547 = CARTESIAN_POINT ( 'NONE',  ( -0.9604411902356236874, 0.9926071408506406124, -1.567889381068159560 ) ) ;
#1548 = LINE ( 'NONE', #4704, #5419 ) ;
#1549 = CARTESIAN_POINT ( 'NONE',  ( 0.9999999999999981126, 0.3300000000000000155, 1.680000000000000160 ) ) ;
#1550 = MECHANICAL_DESIGN_GEOMETRIC_PRESENTATION_REPRESENTATION (  '', ( #1852 ), #2439 ) ;
#1551 = DIRECTION ( 'NONE',  ( 0.000000000000000000, -0.000000000000000000, -1.000000000000000000 ) ) ;
#1552 = CARTESIAN_POINT ( 'NONE',  ( 0.9687169750395288048, 1.020660044998622951, -1.533229320659133421 ) ) ;
#1553 = ADVANCED_FACE ( 'NONE', ( #3449 ), #1512, .F. ) ;
#1554 = EDGE_LOOP ( 'NONE', ( #905, #4649, #3640, #4619 ) ) ;
#1555 = B_SPLINE_CURVE_WITH_KNOTS ( 'NONE', 3,
 ( #3643, #3692, #1091, #4132, #5012, #583 ),
 .UNSPECIFIED., .F., .F.,
 ( 4, 2, 4 ),
 ( 0.000000000000000000, 0.5000000000000000000, 1.000000000000000000 ),
 .UNSPECIFIED. ) ;
#1556 = PLANE ( 'NONE',  #1820 ) ;
#1557 = CARTESIAN_POINT ( 'NONE',  ( -0.9733925095607078859, 1.014755511334954674, -1.540726233912583343 ) ) ;
#1558 = VECTOR ( 'NONE', #2060, 1000.000000000000000 ) ;
#1559 = PLANE ( 'NONE',  #3515 ) ;
#1560 = CARTESIAN_POINT ( 'NONE',  ( 0.8560047955232550354, 1.080000000000000071, -1.356004795523254591 ) ) ;
#1561 =( NAMED_UNIT ( * ) SI_UNIT ( $, .STERADIAN. ) SOLID_ANGLE_UNIT ( ) );
#1562 = ORIENTED_EDGE ( 'NONE', *, *, #1677, .F. ) ;
#1563 = DIRECTION ( 'NONE',  ( 0.000000000000000000, -0.000000000000000000, 1.000000000000000000 ) ) ;
#1564 = LINE ( 'NONE', #648, #3706 ) ;
#1565 = ORIENTED_EDGE ( 'NONE', *, *, #4036, .F. ) ;
#1566 = CARTESIAN_POINT ( 'NONE',  ( 0.9782457324963005352, 1.052147938740282784, 1.448273351865004832 ) ) ;
#1567 = VECTOR ( 'NONE', #5579, 1000.000000000000000 ) ;
#1568 = CARTESIAN_POINT ( 'NONE',  ( 0.9953910328653130524, 0.8678982773580197208, -1.642833789522890608 ) ) ;
#1569 = CLOSED_SHELL ( 'NONE', ( #5090, #899, #2896, #3634, #5665, #5177 ) ) ;
#1570 = CARTESIAN_POINT ( 'NONE',  ( -1.155565732378240007, 0.7962336003553267538, -1.510194610458956976 ) ) ;
#1571 = EDGE_CURVE ( 'NONE', #2113, #1607, #5374, .T. ) ;
#1572 = VECTOR ( 'NONE', #5653, 1000.000000000000000 ) ;
#1573 = CARTESIAN_POINT ( 'NONE',  ( -0.8560047955232547023, 1.080000000000000071, 1.356004795523254591 ) ) ;
#1574 = CARTESIAN_POINT ( 'NONE',  ( -1.056347750597534718, 0.9825516713680868541, 1.535067379642721441 ) ) ;
#1575 = STYLED_ITEM ( 'NONE', ( #1781 ), #5531 ) ;
#1576 = CARTESIAN_POINT ( 'NONE',  ( 1.094931797918789140, 0.8162511797680817027, -1.623587751874391527 ) ) ;
#1577 = LINE ( 'NONE', #4995, #5391 ) ;
#1578 =( LENGTH_UNIT ( ) NAMED_UNIT ( * ) SI_UNIT ( .MILLI., .METRE. ) );
#1579 = CARTESIAN_POINT ( 'NONE',  ( 1.050833273590572325, 0.9597915453478690351, 1.573863568481585151 ) ) ;
#1580 = CARTESIAN_POINT ( 'NONE',  ( -0.3249999999999999001, 0.000000000000000000, -1.850000000000000089 ) ) ;
#1581 = EDGE_LOOP ( 'NONE', ( #5559, #5475 ) ) ;
#1582 = LINE ( 'NONE', #1498, #1642 ) ;
#1583 = AXIS2_PLACEMENT_3D ( 'NONE', #2127, #4652, #2599 ) ;
#1584 = FILL_AREA_STYLE_COLOUR ( '', #4949 ) ;
#1585 = LINE ( 'NONE', #5381, #1668 ) ;
#1586 = CARTESIAN_POINT ( 'NONE',  ( -0.5500000000000002665, 1.030000000000000027, -1.050000000000000044 ) ) ;
#1587 = DIRECTION ( 'NONE',  ( 1.000000000000000000, 0.000000000000000000, -8.031127203596339230E-17 ) ) ;
#1588 = ADVANCED_FACE ( 'NONE', ( #3782 ), #1493, .T. ) ;
#1589 = DIRECTION ( 'NONE',  ( -0.000000000000000000, -1.000000000000000000, -0.000000000000000000 ) ) ;
#1590 = EDGE_CURVE ( 'NONE', #5277, #2334, #1740, .T. ) ;
#1591 = CARTESIAN_POINT ( 'NONE',  ( 1.022026651625577820, 1.030145156312499255, -1.438122732198417353 ) ) ;
#1592 = CARTESIAN_POINT ( 'NONE',  ( -1.027506874083156996, 0.8955293683235350244, 1.628440682941030948 ) ) ;
#1593 = ORIENTED_EDGE ( 'NONE', *, *, #1757, .F. ) ;
#1594 = CARTESIAN_POINT ( 'NONE',  ( -0.9491560216243178916, 1.065252619288695080, -1.408467155160455953 ) ) ;
#1595 = LINE ( 'NONE', #4409, #3489 ) ;
#1596 = LINE ( 'NONE', #3802, #3499 ) ;
#1597 = CARTESIAN_POINT ( 'NONE',  ( 0.7000000000000038414, 0.1000000000000000056, -0.8250000000000011768 ) ) ;
#1598 = CARTESIAN_POINT ( 'NONE',  ( 0.3249999999999998446, 0.000000000000000000, 1.849999999999999867 ) ) ;
#1599 = ADVANCED_FACE ( 'NONE', ( #1883 ), #577, .T. ) ;
#1600 = EDGE_CURVE ( 'NONE', #3993, #2246, #3746, .T. ) ;
#1601 = DIRECTION ( 'NONE',  ( 3.336006684570788525E-16, 0.000000000000000000, 1.000000000000000000 ) ) ;
#1602 = EDGE_LOOP ( 'NONE', ( #474, #2363, #2356, #2295 ) ) ;
#1603 = CARTESIAN_POINT ( 'NONE',  ( -0.9999999999999997780, 0.4531526981014599720, -1.500000000000000000 ) ) ;
#1604 = CARTESIAN_POINT ( 'NONE',  ( 0.9491560216241364811, 1.065252619288671987, 1.408467155160675333 ) ) ;
#1605 = CARTESIAN_POINT ( 'NONE',  ( 0.9999999999999988898, 0.7957007868728832589, -1.655593655949627374 ) ) ;
#1606 = B_SPLINE_CURVE_WITH_KNOTS ( 'NONE', 3,
 ( #2838, #4951, #4171, #3242, #3607, #5477, #3278, #1941, #145, #1538, #584, #267, #2401, #1389, #3693, #1092, #2322, #5435, #1895, #3180, #1500, #3211, #4133, #4101, #1013, #1425, #3314, #2362 ),
 .UNSPECIFIED., .F., .F.,
 ( 4, 2, 2, 2, 2, 2, 2, 2, 2, 2, 2, 2, 2, 4 ),
 ( 0.000000000000000000, 0.1158159856476201899, 0.1737239784714302848, 0.2316319712952403798, 0.3598040221047854592, 0.4238900475095579989, 0.4879760729143305387, 0.5537782781892151007, 0.6195804834640997738, 0.6853826887389844469, 0.7511848940138690089, 0.8133886705104017567, 0.8755924470069345045, 1.000000000000000000 ),
 .UNSPECIFIED. ) ;
#1607 = VERTEX_POINT ( 'NONE', #3810 ) ;
#1608 = EDGE_CURVE ( 'NONE', #337, #1665, #1838, .T. ) ;
#1609 = CARTESIAN_POINT ( 'NONE',  ( -1.038162835693720032, 0.8350579176367280976, -1.646305280689157158 ) ) ;
#1610 = FILL_AREA_STYLE_COLOUR ( '', #4982 ) ;
#1611 = CARTESIAN_POINT ( 'NONE',  ( 0.6999999999999929612, 0.1000000000000000056, 1.474999999999999645 ) ) ;
#1612 = CARTESIAN_POINT ( 'NONE',  ( -1.030329343483992410, 1.019498613783733632, 1.487918811607737979 ) ) ;
#1613 = LINE ( 'NONE', #1273, #5431 ) ;
#1614 = CARTESIAN_POINT ( 'NONE',  ( 1.136817127075184120, 0.8858224694192029514, -1.492788109792122953 ) ) ;
#1615 = CARTESIAN_POINT ( 'NONE',  ( -0.7000000000000041744, 0.1000000000000000472, 0.3249999999999997891 ) ) ;
#1616 = FACE_OUTER_BOUND ( 'NONE', #347, .T. ) ;
#1617 = CARTESIAN_POINT ( 'NONE',  ( 1.349999999999992317, 0.1000000000000000056, 0.8249999999999999556 ) ) ;
#1618 = CARTESIAN_POINT ( 'NONE',  ( 0.9699745062175013643, 0.9708480168055075854, 1.587732609982240861 ) ) ;
#1619 = CARTESIAN_POINT ( 'NONE',  ( -0.5500000000000002665, 1.030000000000000027, -1.050000000000000044 ) ) ;
#1620 = ORIENTED_EDGE ( 'NONE', *, *, #1600, .F. ) ;
#1621 = LINE ( 'NONE', #684, #5562 ) ;
#1622 = AXIS2_PLACEMENT_3D ( 'NONE', #986, #2262, #2416 ) ;
#1623 = LINE ( 'NONE', #2990, #3528 ) ;
#1624 = ORIENTED_EDGE ( 'NONE', *, *, #3379, .F. ) ;
#1625 = DIRECTION ( 'NONE',  ( -1.000000000000000000, 0.000000000000000000, -0.000000000000000000 ) ) ;
#1626 = LINE ( 'NONE', #4220, #1708 ) ;
#1627 = DIRECTION ( 'NONE',  ( 0.7071067811865513475, -0.000000000000000000, -0.7071067811865436870 ) ) ;
#1628 = CARTESIAN_POINT ( 'NONE',  ( 1.349999999999991873, 0.1000000000000000056, 1.474999999999999645 ) ) ;
#1629 = CARTESIAN_POINT ( 'NONE',  ( 0.9584899947621314809, 1.008747580937186861, -1.550398159860104874 ) ) ;
#1630 = VERTEX_POINT ( 'NONE', #248 ) ;
#1631 = VECTOR ( 'NONE', #4360, 1000.000000000000000 ) ;
#1632 = CARTESIAN_POINT ( 'NONE',  ( -0.9707913012677281683, 1.057342591155897793, -1.412909257551688613 ) ) ;
#1633 = VECTOR ( 'NONE', #3866, 1000.000000000000000 ) ;
#1634 = ORIENTED_EDGE ( 'NONE', *, *, #2710, .F. ) ;
#1635 = VECTOR ( 'NONE', #2828, 1000.000000000000000 ) ;
#1636 = EDGE_CURVE ( 'NONE', #2615, #5241, #5527, .T. ) ;
#1637 = FACE_OUTER_BOUND ( 'NONE', #2617, .T. ) ;
#1638 = DIRECTION ( 'NONE',  ( 0.000000000000000000, -1.000000000000000000, 0.000000000000000000 ) ) ;
#1639 = EDGE_LOOP ( 'NONE', ( #1773, #3482 ) ) ;
#1640 = CARTESIAN_POINT ( 'NONE',  ( 0.9970567370323304424, 1.045011609023340560, -1.425861326238609506 ) ) ;
#1641 = FACE_OUTER_BOUND ( 'NONE', #2333, .T. ) ;
#1642 = VECTOR ( 'NONE', #3737, 1000.000000000000000 ) ;
#1643 = CARTESIAN_POINT ( 'NONE',  ( 0.9707913012674214137, 1.057342591156024580, 1.412909257551874020 ) ) ;
#1644 = COLOUR_RGB ( '',1.000000000000000000, 0.8117647058823529438, 0.5019607843137254832 ) ;
#1645 = ORIENTED_EDGE ( 'NONE', *, *, #1095, .F. ) ;
#1646 = SURFACE_SIDE_STYLE ('',( #4660 ) ) ;
#1647 = DIRECTION ( 'NONE',  ( 6.672013369141567189E-16, 0.000000000000000000, -1.000000000000000000 ) ) ;
#1648 =( GEOMETRIC_REPRESENTATION_CONTEXT ( 3 ) GLOBAL_UNCERTAINTY_ASSIGNED_CONTEXT ( ( #4388 ) ) GLOBAL_UNIT_ASSIGNED_CONTEXT ( ( #2986, #1185, #5176 ) ) REPRESENTATION_CONTEXT ( 'NONE', 'WORKASPACE' ) );
#1649 = ADVANCED_FACE ( 'NONE', ( #3676 ), #1556, .F. ) ;
#1650 = CARTESIAN_POINT ( 'NONE',  ( -0.9918668179571322741, 1.047560294904112066, 1.432337322487463149 ) ) ;
#1651 = ORIENTED_EDGE ( 'NONE', *, *, #3155, .T. ) ;
#1652 = PLANE ( 'NONE',  #3310 ) ;
#1653 = CARTESIAN_POINT ( 'NONE',  ( 0.3249999999999998446, 0.1000000000000000472, 1.849999999999999867 ) ) ;
#1654 = EDGE_CURVE ( 'NONE', #3784, #4011, #3812, .T. ) ;
#1655 = CARTESIAN_POINT ( 'NONE',  ( -0.3249999999999999001, 0.1000000000000000056, 1.199999999999999956 ) ) ;
#1656 = DIRECTION ( 'NONE',  ( -1.000802005371234635E-15, 0.000000000000000000, -1.000000000000000000 ) ) ;
#1657 = CARTESIAN_POINT ( 'NONE',  ( -0.9584899947621764449, 1.008747580937385591, 1.550398159859946112 ) ) ;
#1658 = LINE ( 'NONE', #5238, #3448 ) ;
#1659 = CARTESIAN_POINT ( 'NONE',  ( 1.097861021487501976, 0.9134396964086193282, -1.572214560744254364 ) ) ;
#1660 = EDGE_LOOP ( 'NONE', ( #2355, #4277, #2328, #4138, #2346, #225, #2494, #2345 ) ) ;
#1661 = CARTESIAN_POINT ( 'NONE',  ( 1.010249186801015719, 1.036452076090535135, 1.454073582508138118 ) ) ;
#1662 = CARTESIAN_POINT ( 'NONE',  ( -0.7000000000000082823, 1.019238815542514276, 1.474999999999999645 ) ) ;
#1663 = VERTEX_POINT ( 'NONE', #670 ) ;
#1664 = PRESENTATION_LAYER_ASSIGNMENT (  '', '', ( #4063 ) ) ;
#1665 = VERTEX_POINT ( 'NONE', #3261 ) ;
#1666 = CARTESIAN_POINT ( 'NONE',  ( -0.9884792607628211103, 0.9425015178977693697, -1.609045747394947989 ) ) ;
#1667 = DIRECTION ( 'NONE',  ( -1.000802005371234635E-15, 0.000000000000000000, -1.000000000000000000 ) ) ;
#1668 = VECTOR ( 'NONE', #3518, 1000.000000000000000 ) ;
#1669 = CARTESIAN_POINT ( 'NONE',  ( -0.9999999999999997780, 0.2300000000000000100, -1.500000000000000000 ) ) ;
#1670 = CARTESIAN_POINT ( 'NONE',  ( -1.149999999999995914, 0.000000000000000000, -1.475000000000000977 ) ) ;
#1671 = ORIENTED_EDGE ( 'NONE', *, *, #2533, .F. ) ;
#1672 = CARTESIAN_POINT ( 'NONE',  ( 1.053305534392225518, 1.006217926523223172, -1.453380267653174407 ) ) ;
#1673 = CARTESIAN_POINT ( 'NONE',  ( -1.001573042476292974, 0.8887363047233487467, 1.635726890582945625 ) ) ;
#1674 = ORIENTED_EDGE ( 'NONE', *, *, #2463, .F. ) ;
#1675 = CARTESIAN_POINT ( 'NONE',  ( -0.9190577006088036516, 1.067478312175675459, -1.439323911156932034 ) ) ;
#1676 = FACE_OUTER_BOUND ( 'NONE', #528, .T. ) ;
#1677 = EDGE_CURVE ( 'NONE', #1682, #1727, #15, .T. ) ;
#1678 = EDGE_LOOP ( 'NONE', ( #3967, #3933, #944, #131 ) ) ;
#1679 = CARTESIAN_POINT ( 'NONE',  ( 1.349999999999991873, 0.000000000000000000, 1.474999999999999645 ) ) ;
#1680 = DIRECTION ( 'NONE',  ( -0.000000000000000000, -1.000000000000000000, -0.000000000000000000 ) ) ;
#1681 = DIRECTION ( 'NONE',  ( 0.000000000000000000, -1.000000000000000000, 0.000000000000000000 ) ) ;
#1682 = VERTEX_POINT ( 'NONE', #703 ) ;
#1683 = VERTEX_POINT ( 'NONE', #2053 ) ;
#1684 = LINE ( 'NONE', #576, #5462 ) ;
#1685 = ORIENTED_EDGE ( 'NONE', *, *, #2257, .F. ) ;
#1686 = CARTESIAN_POINT ( 'NONE',  ( 1.000000000000000222, 0.3300000000000000155, -1.500000000000000000 ) ) ;
#1687 = ADVANCED_FACE ( 'NONE', ( #5571 ), #2594, .T. ) ;
#1688 = EDGE_CURVE ( 'NONE', #483, #1461, #1783, .T. ) ;
#1689 = DIRECTION ( 'NONE',  ( 0.000000000000000000, 1.000000000000000000, 0.000000000000000000 ) ) ;
#1690 = ORIENTED_EDGE ( 'NONE', *, *, #4442, .T. ) ;
#1691 =( NAMED_UNIT ( * ) PLANE_ANGLE_UNIT ( ) SI_UNIT ( $, .RADIAN. ) );
#1692 = DIRECTION ( 'NONE',  ( 0.000000000000000000, 0.000000000000000000, -1.000000000000000000 ) ) ;
#1693 = CARTESIAN_POINT ( 'NONE',  ( 0.9669247069853948995, 1.058752859006900637, -1.410996525086785081 ) ) ;
#1694 = DIRECTION ( 'NONE',  ( -1.000000000000000000, 1.733708044759523524E-16, 6.690255658841881158E-15 ) ) ;
#1695 = DIRECTION ( 'NONE',  ( -1.000000000000000000, 0.000000000000000000, 0.000000000000000000 ) ) ;
#1696 = VECTOR ( 'NONE', #1134, 1000.000000000000000 ) ;
#1697 = CARTESIAN_POINT ( 'NONE',  ( -0.9715532496060206302, 0.9978717147417692779, 1.561980104195348495 ) ) ;
#1698 = ORIENTED_EDGE ( 'NONE', *, *, #559, .F. ) ;
#1699 = LINE ( 'NONE', #890, #5410 ) ;
#1700 = CARTESIAN_POINT ( 'NONE',  ( 1.145438373727812653, 0.8587594498997622727, -1.496481602237089703 ) ) ;
#1701 = CLOSED_SHELL ( 'NONE', ( #1244, #744, #1193, #2168, #2977, #981 ) ) ;
#1702 = CARTESIAN_POINT ( 'NONE',  ( 1.031716585645122919, 1.009453778681463243, 1.513262890654300863 ) ) ;
#1703 = ADVANCED_FACE ( 'NONE', ( #3722 ), #5119, .F. ) ;
#1704 = CARTESIAN_POINT ( 'NONE',  ( 0.8560047955232548134, 1.080000000000000071, 1.356004795523255479 ) ) ;
#1705 = LINE ( 'NONE', #1120, #5522 ) ;
#1706 = CARTESIAN_POINT ( 'NONE',  ( -1.003239052282939303, 1.000921524275958152, -1.551288798284317316 ) ) ;
#1707 = LINE ( 'NONE', #368, #1558 ) ;
#1708 = VECTOR ( 'NONE', #2598, 1000.000000000000000 ) ;
#1709 = CARTESIAN_POINT ( 'NONE',  ( 1.000000000000000222, 0.2300000000000000100, -1.500000000000000000 ) ) ;
#1710 = DIRECTION ( 'NONE',  ( -0.000000000000000000, -0.000000000000000000, 1.000000000000000000 ) ) ;
#1711 = ORIENTED_EDGE ( 'NONE', *, *, #4280, .T. ) ;
#1712 = CARTESIAN_POINT ( 'NONE',  ( -1.350000000000003197, 0.000000000000000000, 0.3250000000000000111 ) ) ;
#1713 = CARTESIAN_POINT ( 'NONE',  ( 0.9541168608806808171, 1.048352129766884522, -1.485869548971572529 ) ) ;
#1714 = CARTESIAN_POINT ( 'NONE',  ( 1.349999999999996092, 1.019238815542514276, -0.3250000000000000111 ) ) ;
#1715 = EDGE_CURVE ( 'NONE', #4008, #2753, #1814, .T. ) ;
#1716 =( GEOMETRIC_REPRESENTATION_CONTEXT ( 3 ) GLOBAL_UNCERTAINTY_ASSIGNED_CONTEXT ( ( #2343 ) ) GLOBAL_UNIT_ASSIGNED_CONTEXT ( ( #2843, #3835, #3248 ) ) REPRESENTATION_CONTEXT ( 'NONE', 'WORKASPACE' ) );
#1717 = LINE ( 'NONE', #1549, #1748 ) ;
#1718 = CARTESIAN_POINT ( 'NONE',  ( -0.9452321873308734412, 1.066241819420643111, -1.412728072631861398 ) ) ;
#1719 = LINE ( 'NONE', #2941, #5539 ) ;
#1720 = ORIENTED_EDGE ( 'NONE', *, *, #5148, .T. ) ;
#1721 = CARTESIAN_POINT ( 'NONE',  ( -0.9452322135439324979, 1.066241813378471459, 1.412728044649631087 ) ) ;
#1722 = CARTESIAN_POINT ( 'NONE',  ( 0.6749999999999999334, 4.902741699796952624, -0.1750000000000001554 ) ) ;
#1723 = VERTEX_POINT ( 'NONE', #730 ) ;
#1724 = VECTOR ( 'NONE', #1262, 1000.000000000000000 ) ;
#1725 = EDGE_CURVE ( 'NONE', #244, #2945, #961, .T. ) ;
#1726 = CARTESIAN_POINT ( 'NONE',  ( -0.9461897945629396123, 1.033649000858948064, 1.516278136846133995 ) ) ;
#1727 = VERTEX_POINT ( 'NONE', #4723 ) ;
#1728 = CARTESIAN_POINT ( 'NONE',  ( 0.8679381736989634222, 1.080000000000000071, 1.369339883880234865 ) ) ;
#1729 = AXIS2_PLACEMENT_3D ( 'NONE', #5308, #92, #429 ) ;
#1730 = FILL_AREA_STYLE ('',( #2035 ) ) ;
#1731 = CARTESIAN_POINT ( 'NONE',  ( 1.081498034681110498, 0.8821666906016438769, 1.608542189841740466 ) ) ;
#1732 = ORIENTED_EDGE ( 'NONE', *, *, #3041, .F. ) ;
#1733 = VERTEX_POINT ( 'NONE', #1580 ) ;
#1734 = CARTESIAN_POINT ( 'NONE',  ( -1.154692366964407801, 0.8128984051949932343, -1.500000207376559036 ) ) ;
#1735 = PLANE ( 'NONE',  #3252 ) ;
#1736 = LINE ( 'NONE', #4691, #3656 ) ;
#1737 = CARTESIAN_POINT ( 'NONE',  ( -0.9593318724052400936, 1.017099402539951347, 1.539698421452439403 ) ) ;
#1738 = FACE_OUTER_BOUND ( 'NONE', #193, .T. ) ;
#1739 = CARTESIAN_POINT ( 'NONE',  ( 1.144805314365285209, 0.8611158099980896763, -1.505710983904907430 ) ) ;
#1740 = LINE ( 'NONE', #1455, #3660 ) ;
#1741 = STYLED_ITEM ( 'NONE', ( #1277 ), #2198 ) ;
#1742 = VERTEX_POINT ( 'NONE', #841 ) ;
#1743 = ADVANCED_FACE ( 'NONE', ( #4827 ), #3919, .T. ) ;
#1744 = CARTESIAN_POINT ( 'NONE',  ( 0.9825214249717111326, 1.025110848263745877, 1.523069874028682547 ) ) ;
#1745 = DIRECTION ( 'NONE',  ( 1.000000000000000000, 0.000000000000000000, -0.000000000000000000 ) ) ;
#1746 = VERTEX_POINT ( 'NONE', #5528 ) ;
#1747 = CARTESIAN_POINT ( 'NONE',  ( -0.3249999999999999001, 0.1000000000000000056, 1.199999999999999956 ) ) ;
#1748 = VECTOR ( 'NONE', #3844, 1000.000000000000000 ) ;
#1749 = CARTESIAN_POINT ( 'NONE',  ( -1.061980104195434649, 0.9978717147417982547, -1.471553249605720204 ) ) ;
#1750 = VECTOR ( 'NONE', #4907, 1000.000000000000000 ) ;
#1751 = DIRECTION ( 'NONE',  ( -0.000000000000000000, -1.000000000000000000, -0.000000000000000000 ) ) ;
#1752 = DIRECTION ( 'NONE',  ( -0.000000000000000000, -1.000000000000000000, -0.000000000000000000 ) ) ;
#1753 = ORIENTED_EDGE ( 'NONE', *, *, #3905, .F. ) ;
#1754 = CARTESIAN_POINT ( 'NONE',  ( -1.020216784742130178, 0.8139038367061185442, 1.653600453583598417 ) ) ;
#1755 = ADVANCED_FACE ( 'NONE', ( #2988 ), #5619, .F. ) ;
#1756 = EDGE_LOOP ( 'NONE', ( #1946, #2205, #2291, #4090 ) ) ;
#1757 = EDGE_CURVE ( 'NONE', #112, #5395, #2978, .T. ) ;
#1758 = CARTESIAN_POINT ( 'NONE',  ( -0.9235488768339209509, 1.072320291610684651, -1.394113579975844619 ) ) ;
#1759 = EDGE_LOOP ( 'NONE', ( #1520, #504, #4379, #2381 ) ) ;
#1760 = PRESENTATION_STYLE_ASSIGNMENT (( #1528 ) ) ;
#1761 = VECTOR ( 'NONE', #2933, 1000.000000000000000 ) ;
#1762 = ORIENTED_EDGE ( 'NONE', *, *, #1459, .T. ) ;
#1763 = DIRECTION ( 'NONE',  ( 0.000000000000000000, 0.000000000000000000, -1.000000000000000000 ) ) ;
#1764 = DIRECTION ( 'NONE',  ( 0.000000000000000000, 1.000000000000000000, 0.000000000000000000 ) ) ;
#1765 = ORIENTED_EDGE ( 'NONE', *, *, #656, .F. ) ;
#1766 = PRESENTATION_LAYER_ASSIGNMENT (  '', '', ( #1852 ) ) ;
#1767 = ORIENTED_EDGE ( 'NONE', *, *, #2216, .F. ) ;
#1768 = CARTESIAN_POINT ( 'NONE',  ( 0.8729143626763495867, 1.080000000000000071, 1.364396857940633812 ) ) ;
#1769 = COLOUR_RGB ( '',1.000000000000000000, 0.8117647058823529438, 0.5019607843137254832 ) ;
#1770 = CARTESIAN_POINT ( 'NONE',  ( 0.9964816022372565696, 0.8587594498998425419, 1.645438373727788894 ) ) ;
#1771 = ORIENTED_EDGE ( 'NONE', *, *, #216, .T. ) ;
#1772 = CARTESIAN_POINT ( 'NONE',  ( 0.7000000000000053957, 0.000000000000000000, -1.475000000000000977 ) ) ;
#1773 = ORIENTED_EDGE ( 'NONE', *, *, #2710, .T. ) ;
#1774 = CARTESIAN_POINT ( 'NONE',  ( 0.8560047955232551464, 1.080000000000000071, 1.356004795523255479 ) ) ;
#1775 = CARTESIAN_POINT ( 'NONE',  ( -1.128440682941090234, 0.8955293683231034807, -1.527506874083232935 ) ) ;
#1776 = CARTESIAN_POINT ( 'NONE',  ( -1.299999999999999822, 0.3300000000000000155, 1.499999999999997780 ) ) ;
#1777 =( NAMED_UNIT ( * ) SI_UNIT ( $, .STERADIAN. ) SOLID_ANGLE_UNIT ( ) );
#1778 = VECTOR ( 'NONE', #2865, 1000.000000000000000 ) ;
#1779 = EDGE_CURVE ( 'NONE', #4008, #2428, #4871, .T. ) ;
#1780 = ORIENTED_EDGE ( 'NONE', *, *, #5022, .F. ) ;
#1781 = PRESENTATION_STYLE_ASSIGNMENT (( #5171 ) ) ;
#1782 = CARTESIAN_POINT ( 'NONE',  ( 1.153600453575114315, 0.8139038366818810433, -1.520216784279773803 ) ) ;
#1783 = LINE ( 'NONE', #386, #3697 ) ;
#1784 = ORIENTED_EDGE ( 'NONE', *, *, #982, .F. ) ;
#1785 = CARTESIAN_POINT ( 'NONE',  ( 0.9695338005664561054, 0.9884913730963296175, 1.572001257553145015 ) ) ;
#1786 = CARTESIAN_POINT ( 'NONE',  ( -1.350000000000003197, 0.1000000000000000056, 0.3250000000000000111 ) ) ;
#1787 = VERTEX_POINT ( 'NONE', #4688 ) ;
#1788 = DIRECTION ( 'NONE',  ( 0.000000000000000000, 0.000000000000000000, 1.000000000000000000 ) ) ;
#1789 = LINE ( 'NONE', #532, #3718 ) ;
#1790 = PRESENTATION_STYLE_ASSIGNMENT (( #4472 ) ) ;
#1791 = CARTESIAN_POINT ( 'NONE',  ( -0.9604411902356236874, 0.9926071408506406124, -1.567889381068159560 ) ) ;
#1792 = DIRECTION ( 'NONE',  ( 0.000000000000000000, 0.000000000000000000, -1.000000000000000000 ) ) ;
#1793 = CARTESIAN_POINT ( 'NONE',  ( 0.9093358548515279027, 1.060059417114919356, 1.463563844952648241 ) ) ;
#1794 = ORIENTED_EDGE ( 'NONE', *, *, #2533, .T. ) ;
#1795 = ADVANCED_FACE ( 'NONE', ( #2960 ), #3839, .T. ) ;
#1796 = DIRECTION ( 'NONE',  ( 1.000000000000000000, 0.000000000000000000, 3.336006684570783299E-15 ) ) ;
#1797 = CARTESIAN_POINT ( 'NONE',  ( -1.155593655949626930, 0.7957007868728830369, -1.499999999999998668 ) ) ;
#1798 = EDGE_CURVE ( 'NONE', #5591, #4477, #1065, .T. ) ;
#1799 = CARTESIAN_POINT ( 'NONE',  ( 0.9918668179572207588, 1.047560294904075873, -1.432337322487384323 ) ) ;
#1800 = AXIS2_PLACEMENT_3D ( 'NONE', #2556, #1694, #3060 ) ;
#1801 = CLOSED_SHELL ( 'NONE', ( #3065, #4981, #4762, #2210, #322, #1323 ) ) ;
#1802 = EDGE_LOOP ( 'NONE', ( #5503, #3848, #5446, #1762 ) ) ;
#1803 = VECTOR ( 'NONE', #4659, 1000.000000000000000 ) ;
#1804 = DIRECTION ( 'NONE',  ( 1.000000000000000000, 0.000000000000000000, 0.000000000000000000 ) ) ;
#1805 = CARTESIAN_POINT ( 'NONE',  ( -1.349999999999995870, 1.019238815542514276, -1.275000000000003020 ) ) ;
#1806 = ADVANCED_FACE ( 'NONE', ( #1026 ), #4368, .F. ) ;
#1807 = DIRECTION ( 'NONE',  ( 1.000000000000000000, 0.000000000000000000, 0.000000000000000000 ) ) ;
#1808 = CARTESIAN_POINT ( 'NONE',  ( -0.3249999999999999001, 0.000000000000000000, -1.850000000000000089 ) ) ;
#1809 = EDGE_LOOP ( 'NONE', ( #1952, #1985, #4792, #137 ) ) ;
#1810 = AXIS2_PLACEMENT_3D ( 'NONE', #1338, #52, #501 ) ;
#1811 = VECTOR ( 'NONE', #4962, 1000.000000000000000 ) ;
#1812 = ORIENTED_EDGE ( 'NONE', *, *, #3700, .F. ) ;
#1813 = CARTESIAN_POINT ( 'NONE',  ( 0.8714647774644297407, 1.080000000000000071, 1.365827787856582987 ) ) ;
#1814 = LINE ( 'NONE', #2525, #4897 ) ;
#1815 = CARTESIAN_POINT ( 'NONE',  ( 1.031481052435109458, 0.8758027022233452197, 1.635388512362337954 ) ) ;
#1816 = ORIENTED_EDGE ( 'NONE', *, *, #4013, .F. ) ;
#1817 = CARTESIAN_POINT ( 'NONE',  ( -0.7000000000000077272, 0.1000000000000000056, 0.8249999999999997335 ) ) ;
#1818 = ORIENTED_EDGE ( 'NONE', *, *, #651, .F. ) ;
#1819 = CARTESIAN_POINT ( 'NONE',  ( -1.057816260334433212, 0.8802860065951753077, -1.625348625186712193 ) ) ;
#1820 = AXIS2_PLACEMENT_3D ( 'NONE', #3228, #1076, #210 ) ;
#1821 = SURFACE_STYLE_FILL_AREA ( #4079 ) ;
#1822 = DIRECTION ( 'NONE',  ( 0.05233595624294395260, -0.9986295347545739443, 6.304750828634021269E-16 ) ) ;
#1824 = CARTESIAN_POINT ( 'NONE',  ( -1.350000000000007638, 1.019238815542514276, 0.8249999999999997335 ) ) ;
#1823 = VECTOR ( 'NONE', #2400, 1000.000000000000000 ) ;
#1825 = CARTESIAN_POINT ( 'NONE',  ( -1.029682429299936475, 0.9896591485323549264, 1.550326641656085247 ) ) ;
#1826 = VERTEX_POINT ( 'NONE', #1267 ) ;
#1827 = FACE_OUTER_BOUND ( 'NONE', #3399, .T. ) ;
#1828 = CARTESIAN_POINT ( 'NONE',  ( 1.050326638760428422, 0.9896591491535869922, -1.529682432681758852 ) ) ;
#1829 = CARTESIAN_POINT ( 'NONE',  ( 0.9206261162270010789, 1.072848183932254562, -1.397176944098553086 ) ) ;
#1830 = ORIENTED_EDGE ( 'NONE', *, *, #4848, .T. ) ;
#1831 = CARTESIAN_POINT ( 'NONE',  ( 1.027180401684288924, 1.026656335933411768, 1.446399532779740316 ) ) ;
#1832 = PLANE ( 'NONE',  #2544 ) ;
#1833 = VERTEX_POINT ( 'NONE', #3068 ) ;
#1834 = CARTESIAN_POINT ( 'NONE',  ( 0.7999999999999999334, 4.902741699796952624, 1.174999999999998934 ) ) ;
#1835 = LINE ( 'NONE', #2458, #5658 ) ;
#1836 = VERTEX_POINT ( 'NONE', #4648 ) ;
#1837 = COLOUR_RGB ( '',0.4862745098039215619, 0.2352941176470588203, 0.01568627450980392135 ) ;
#1838 = LINE ( 'NONE', #5032, #1761 ) ;
#1839 = EDGE_LOOP ( 'NONE', ( #20, #262, #2043, #2798 ) ) ;
#1840 = EDGE_CURVE ( 'NONE', #2334, #1529, #4778, .T. ) ;
#1841 = PLANE ( 'NONE',  #2649 ) ;
#1842 = CARTESIAN_POINT ( 'NONE',  ( -0.9812830343407350497, 1.053355153961274215, -1.418096633516465754 ) ) ;
#1843 = CARTESIAN_POINT ( 'NONE',  ( 0.9575222920624353318, 1.053167411977156132, -1.469511222565054176 ) ) ;
#1844 = ORIENTED_EDGE ( 'NONE', *, *, #4247, .T. ) ;
#1845 = CARTESIAN_POINT ( 'NONE',  ( -0.8907155160573574371, 1.078436251296184922, -1.373236080141690740 ) ) ;
#1846 = CIRCLE ( 'NONE', #5093, 0.1735458405797876136 ) ;
#1847 = LINE ( 'NONE', #5378, #3769 ) ;
#1848 = FACE_OUTER_BOUND ( 'NONE', #4219, .T. ) ;
#1849 = CIRCLE ( 'NONE', #2097, 0.1250000000000000000 ) ;
#1850 = ORIENTED_EDGE ( 'NONE', *, *, #3832, .T. ) ;
#1851 = ADVANCED_FACE ( 'NONE', ( #4880 ), #2776, .T. ) ;
#1852 = STYLED_ITEM ( 'NONE', ( #4458 ), #109 ) ;
#1853 = PLANE ( 'NONE',  #4508 ) ;
#1854 = APPLICATION_PROTOCOL_DEFINITION ( 'draft international standard', 'automotive_design', 1998, #3213 ) ;
#1855 = ORIENTED_EDGE ( 'NONE', *, *, #5255, .F. ) ;
#1856 = CARTESIAN_POINT ( 'NONE',  ( 0.9685671802720775547, 1.058258015718664513, -1.415502737873333583 ) ) ;
#1857 = VERTEX_POINT ( 'NONE', #4505 ) ;
#1858 = CARTESIAN_POINT ( 'NONE',  ( 0.8693398788435459101, 1.080000000000000071, 1.367938177979327818 ) ) ;
#1859 = CARTESIAN_POINT ( 'NONE',  ( 1.010339343547619784, 0.8911812248797370550, 1.633810575381153818 ) ) ;
#1860 = ORIENTED_EDGE ( 'NONE', *, *, #643, .F. ) ;
#1861 = EDGE_CURVE ( 'NONE', #4020, #1746, #4933, .T. ) ;
#1862 = VERTEX_POINT ( 'NONE', #960 ) ;
#1863 = CARTESIAN_POINT ( 'NONE',  ( -0.9912757560905909315, 0.8946078340220486869, -1.633405048832435424 ) ) ;
#1864 = DIRECTION ( 'NONE',  ( -1.000000000000000000, 0.000000000000000000, -0.000000000000000000 ) ) ;
#1865 =( GEOMETRIC_REPRESENTATION_CONTEXT ( 3 ) GLOBAL_UNCERTAINTY_ASSIGNED_CONTEXT ( ( #5172 ) ) GLOBAL_UNIT_ASSIGNED_CONTEXT ( ( #3894, #1246, #3084 ) ) REPRESENTATION_CONTEXT ( 'NONE', 'WORKASPACE' ) );
#1866 = CARTESIAN_POINT ( 'NONE',  ( -0.9999999999999997780, 0.3300000000000000155, -1.500000000000000000 ) ) ;
#1867 = LINE ( 'NONE', #2837, #3800 ) ;
#1868 = VECTOR ( 'NONE', #735, 1000.000000000000000 ) ;
#1869 = CARTESIAN_POINT ( 'NONE',  ( -1.064378897820028813, 0.9872788506214454918, 1.512778158647843707 ) ) ;
#1870 = EDGE_LOOP ( 'NONE', ( #5306, #4296, #5271, #4553 ) ) ;
#1871 = CARTESIAN_POINT ( 'NONE',  ( 0.9884792651645925021, 0.9425015193660659651, -1.609045746409759170 ) ) ;
#1872 = CARTESIAN_POINT ( 'NONE',  ( -0.8804833732134508262, 1.078819882797847463, 1.383369493600417277 ) ) ;
#1873 = ORIENTED_EDGE ( 'NONE', *, *, #3032, .T. ) ;
#1874 = DIRECTION ( 'NONE',  ( -1.000000000000000000, 0.000000000000000000, 0.000000000000000000 ) ) ;
#1875 = VERTEX_POINT ( 'NONE', #1924 ) ;
#1876 = CARTESIAN_POINT ( 'NONE',  ( -0.9590669540226831602, 1.031511122344130449, -1.517987253188723962 ) ) ;
#1877 = LINE ( 'NONE', #226, #3767 ) ;
#1878 = LINE ( 'NONE', #3606, #3768 ) ;
#1879 = EDGE_CURVE ( 'NONE', #4157, #4528, #969, .T. ) ;
#1880 = CYLINDRICAL_SURFACE ( 'NONE', #4119, 0.1299999999999998934 ) ;
#1881 = ORIENTED_EDGE ( 'NONE', *, *, #5050, .F. ) ;
#1882 = AXIS2_PLACEMENT_3D ( 'NONE', #1178, #253, #2014 ) ;
#1883 = FACE_OUTER_BOUND ( 'NONE', #3650, .T. ) ;
#1884 = EDGE_LOOP ( 'NONE', ( #3781, #5530, #1860, #3735 ) ) ;
#1885 = DIRECTION ( 'NONE',  ( -0.000000000000000000, 1.000000000000000000, -0.000000000000000000 ) ) ;
#1886 = CARTESIAN_POINT ( 'NONE',  ( -0.9912757560905909315, 0.8946078340220486869, -1.633405048832435424 ) ) ;
#1887 = EDGE_CURVE ( 'NONE', #5620, #1723, #1108, .T. ) ;
#1888 = CARTESIAN_POINT ( 'NONE',  ( -1.149551563568963264, 0.8147318162308248013, 1.540019965833682392 ) ) ;
#1889 = ORIENTED_EDGE ( 'NONE', *, *, #937, .T. ) ;
#1890 = CARTESIAN_POINT ( 'NONE',  ( -0.9047595839168081078, 1.075261168534996870, -1.399679647086846224 ) ) ;
#1891 = VERTEX_POINT ( 'NONE', #3544 ) ;
#1892 = EDGE_CURVE ( 'NONE', #2180, #5655, #1006, .T. ) ;
#1893 = VECTOR ( 'NONE', #287, 1000.000000000000000 ) ;
#1894 = ORIENTED_EDGE ( 'NONE', *, *, #723, .T. ) ;
#1895 = CARTESIAN_POINT ( 'NONE',  ( 0.9970567370321059553, 1.045011609023458909, 1.425861326238767601 ) ) ;
#1896 = EDGE_CURVE ( 'NONE', #4156, #3677, #2930, .T. ) ;
#1897 = DIRECTION ( 'NONE',  ( 0.000000000000000000, -0.000000000000000000, 1.000000000000000000 ) ) ;
#1898 = CARTESIAN_POINT ( 'NONE',  ( -0.9857512517502378113, 0.9217622814954249399, 1.621191648480029279 ) ) ;
#1899 = ORIENTED_EDGE ( 'NONE', *, *, #2130, .T. ) ;
#1900 = CARTESIAN_POINT ( 'NONE',  ( -0.8739697168553703932, 1.078500189966967282, 1.389965423719672799 ) ) ;
#1901 = FACE_OUTER_BOUND ( 'NONE', #5605, .T. ) ;
#1902 = ORIENTED_EDGE ( 'NONE', *, *, #588, .T. ) ;
#1903 = FACE_OUTER_BOUND ( 'NONE', #437, .T. ) ;
#1904 = CARTESIAN_POINT ( 'NONE',  ( 0.9452322135440527351, 1.066241813378485892, -1.412728044649618209 ) ) ;
#1905 = LINE ( 'NONE', #2286, #34 ) ;
#1906 = CARTESIAN_POINT ( 'NONE',  ( -0.9999999999999997780, 0.7957007868728833699, 1.655593655949627374 ) ) ;
#1907 = CARTESIAN_POINT ( 'NONE',  ( 1.008858695678030104, 0.8329515561211546792, 1.651740736265123077 ) ) ;
#1908 = ORIENTED_EDGE ( 'NONE', *, *, #1472, .T. ) ;
#1909 = ADVANCED_FACE ( 'NONE', ( #2939 ), #4902, .F. ) ;
#1910 = CARTESIAN_POINT ( 'NONE',  ( -0.9999999999999997780, 0.3300000000000000155, 1.500000000000000000 ) ) ;
#1911 = AXIS2_PLACEMENT_3D ( 'NONE', #4373, #5195, #390 ) ;
#1912 = ORIENTED_EDGE ( 'NONE', *, *, #4583, .F. ) ;
#1913 = CARTESIAN_POINT ( 'NONE',  ( -1.119406829348934540, 0.9251486421779999691, -1.493764611876437387 ) ) ;
#1914 = CARTESIAN_POINT ( 'NONE',  ( 0.000000000000000000, 0.1000000000000000056, 0.000000000000000000 ) ) ;
#1915 = FACE_OUTER_BOUND ( 'NONE', #3585, .T. ) ;
#1916 = EDGE_LOOP ( 'NONE', ( #2479, #4214, #2457, #4048 ) ) ;
#1917 = DIRECTION ( 'NONE',  ( 0.000000000000000000, -1.000000000000000000, 0.000000000000000000 ) ) ;
#1918 = FACE_OUTER_BOUND ( 'NONE', #2073, .T. ) ;
#1919 = LINE ( 'NONE', #4415, #1962 ) ;
#1920 = CARTESIAN_POINT ( 'NONE',  ( 1.155482082505488561, 0.7978297350112311115, 1.540734323873041101 ) ) ;
#1921 = CARTESIAN_POINT ( 'NONE',  ( 1.040052270511208077, 0.9398297413980463144, -1.600233160514340058 ) ) ;
#1922 = CARTESIAN_POINT ( 'NONE',  ( -0.8658277878565772134, 1.080000000000000071, 1.371464777464447282 ) ) ;
#1923 = ORIENTED_EDGE ( 'NONE', *, *, #2862, .T. ) ;
#1924 = CARTESIAN_POINT ( 'NONE',  ( -1.349999999999996092, 0.1000000000000000056, -0.8250000000000081712 ) ) ;
#1925 = VERTEX_POINT ( 'NONE', #4087 ) ;
#1926 = CARTESIAN_POINT ( 'NONE',  ( -0.9540735744177449851, 1.036452073028029552, -1.510249193623650843 ) ) ;
#1927 = VECTOR ( 'NONE', #3276, 1000.000000000000000 ) ;
#1928 = EDGE_CURVE ( 'NONE', #4857, #4157, #2953, .T. ) ;
#1929 = EDGE_LOOP ( 'NONE', ( #90, #3827, #2081, #1979 ) ) ;
#1930 = CIRCLE ( 'NONE', #2662, 0.1735458405797876136 ) ;
#1931 = CARTESIAN_POINT ( 'NONE',  ( -1.500000000000000222, 0.2300000000000000100, -2.000000000000000000 ) ) ;
#1932 = DIRECTION ( 'NONE',  ( -0.000000000000000000, -1.000000000000000000, -0.000000000000000000 ) ) ;
#1933 = VERTEX_POINT ( 'NONE', #1337 ) ;
#1934 = DIRECTION ( 'NONE',  ( 0.000000000000000000, 0.000000000000000000, 1.000000000000000000 ) ) ;
#1935 = CARTESIAN_POINT ( 'NONE',  ( -1.066584642307148556, 0.8372100367732667747, 1.637070424146165104 ) ) ;
#1936 = EDGE_LOOP ( 'NONE', ( #2144, #3440, #2382, #2136 ) ) ;
#1937 = VERTEX_POINT ( 'NONE', #3199 ) ;
#1938 = CARTESIAN_POINT ( 'NONE',  ( -0.8761528928823707485, 1.078652043715129460, -1.387743170543823679 ) ) ;
#1939 = AXIS2_PLACEMENT_3D ( 'NONE', #5440, #196, #3701 ) ;
#1940 = VERTEX_POINT ( 'NONE', #3102 ) ;
#1941 = CARTESIAN_POINT ( 'NONE',  ( 1.121191648479978653, 0.9217622814955226396, 1.485751251750359492 ) ) ;
#1942 = CARTESIAN_POINT ( 'NONE',  ( -0.9266835348856269361, 1.044511810316955502, 1.498753451974591533 ) ) ;
#1943 = CARTESIAN_POINT ( 'NONE',  ( -1.050833273150584279, 0.9597915450703116136, 1.573863568457076534 ) ) ;
#1944 = CARTESIAN_POINT ( 'NONE',  ( -0.7000000000000082823, 0.1000000000000000056, 1.474999999999999645 ) ) ;
#1945 = ORIENTED_EDGE ( 'NONE', *, *, #5079, .F. ) ;
#1946 = ORIENTED_EDGE ( 'NONE', *, *, #4347, .F. ) ;
#1947 = CARTESIAN_POINT ( 'NONE',  ( 0.9999999999999981126, 0.3300000000000000155, 1.800000000000000044 ) ) ;
#1948 = LINE ( 'NONE', #3804, #220 ) ;
#1949 = CARTESIAN_POINT ( 'NONE',  ( 0.9663188687056568638, 1.059059012585983561, -1.418074239020027827 ) ) ;
#1950 = CARTESIAN_POINT ( 'NONE',  ( 0.7999999999999999334, 4.902741699796952624, -0.1749999999999992395 ) ) ;
#1951 = CARTESIAN_POINT ( 'NONE',  ( 1.091405377238553909, 0.9663642128028082645, 1.479407908338971733 ) ) ;
#1952 = ORIENTED_EDGE ( 'NONE', *, *, #4969, .F. ) ;
#1953 = CARTESIAN_POINT ( 'NONE',  ( -0.9767405612547970239, 1.041357456080017174, 1.490828173690187608 ) ) ;
#1954 = CARTESIAN_POINT ( 'NONE',  ( 0.3250000000000000666, 0.1000000000000000056, -1.850000000000000089 ) ) ;
#1955 = EDGE_CURVE ( 'NONE', #1990, #4288, #4922, .T. ) ;
#1956 = STYLED_ITEM ( 'NONE', ( #3478 ), #5120 ) ;
#1957 = ORIENTED_EDGE ( 'NONE', *, *, #2952, .T. ) ;
#1958 = CARTESIAN_POINT ( 'NONE',  ( -1.111159614939809970, 0.9391128902535154088, -1.481085276516324045 ) ) ;
#1959 = ORIENTED_EDGE ( 'NONE', *, *, #4142, .T. ) ;
#1960 = DIRECTION ( 'NONE',  ( -0.000000000000000000, -1.000000000000000000, -0.000000000000000000 ) ) ;
#1961 = LINE ( 'NONE', #1931, #1778 ) ;
#1962 = VECTOR ( 'NONE', #5677, 1000.000000000000000 ) ;
#1963 = SURFACE_SIDE_STYLE ('',( #1487 ) ) ;
#1964 = CARTESIAN_POINT ( 'NONE',  ( 1.001698289667186881, 0.9281406144058957919, -1.616987393982602494 ) ) ;
#1965 = CARTESIAN_POINT ( 'NONE',  ( -0.8703932357282635479, 1.079999999999999849, 1.366888967845187430 ) ) ;
#1966 = ORIENTED_EDGE ( 'NONE', *, *, #4934, .F. ) ;
#1967 = ADVANCED_FACE ( 'NONE', ( #4849 ), #1832, .T. ) ;
#1968 = CARTESIAN_POINT ( 'NONE',  ( 1.069579175271014870, 0.7986028572764654054, 1.641389282726772425 ) ) ;
#1969 = ORIENTED_EDGE ( 'NONE', *, *, #2130, .F. ) ;
#1970 = AXIS2_PLACEMENT_3D ( 'NONE', #3893, #4738, #4842 ) ;
#1971 = CARTESIAN_POINT ( 'NONE',  ( -0.9438984192447553712, 1.045492383891996724, -1.494503511255397266 ) ) ;
#1972 = VERTEX_POINT ( 'NONE', #4046 ) ;
#1973 = UNCERTAINTY_MEASURE_WITH_UNIT (LENGTH_MEASURE( 1.000000000000000082E-05 ), #3088, 'distance_accuracy_value', 'NONE');
#1974 = CARTESIAN_POINT ( 'NONE',  ( 1.000000000000000222, 0.4599563724130460995, -1.803367680097882175 ) ) ;
#1975 = CARTESIAN_POINT ( 'NONE',  ( 0.8560047955232551464, 1.079999999999999849, -1.356004795523254813 ) ) ;
#1976 = VERTEX_POINT ( 'NONE', #570 ) ;
#1977 = CARTESIAN_POINT ( 'NONE',  ( 0.3249999999999998446, 0.000000000000000000, 1.849999999999999867 ) ) ;
#1978 = DIRECTION ( 'NONE',  ( -1.108295554096289758E-14, 0.000000000000000000, -1.000000000000000000 ) ) ;
#1979 = ORIENTED_EDGE ( 'NONE', *, *, #2816, .T. ) ;
#1980 = AXIS2_PLACEMENT_3D ( 'NONE', #1986, #5611, #1224 ) ;
#1981 = UNCERTAINTY_MEASURE_WITH_UNIT (LENGTH_MEASURE( 1.000000000000000082E-05 ), #1171, 'distance_accuracy_value', 'NONE');
#1982 = EDGE_LOOP ( 'NONE', ( #4469, #3566, #743, #3632 ) ) ;
#1983 = CARTESIAN_POINT ( 'NONE',  ( -0.8865430585341345093, 1.073658406475159088, -1.417538672235234554 ) ) ;
#1984 = SURFACE_STYLE_FILL_AREA ( #2506 ) ;
#1985 = ORIENTED_EDGE ( 'NONE', *, *, #4203, .F. ) ;
#1986 = CARTESIAN_POINT ( 'NONE',  ( 0.3249999999999998446, 1.019238815542514276, 1.849999999999999867 ) ) ;
#1987 = CARTESIAN_POINT ( 'NONE',  ( -0.3249999999999999001, 0.1000000000000000472, 1.199999999999999956 ) ) ;
#1988 = CARTESIAN_POINT ( 'NONE',  ( -0.8680277601793515707, 1.080000000000000071, 1.380230440915386492 ) ) ;
#1989 = CARTESIAN_POINT ( 'NONE',  ( -1.118101589068619228, 0.9010269830132947577, 1.552758449699306542 ) ) ;
#1990 = VERTEX_POINT ( 'NONE', #1447 ) ;
#1991 = CARTESIAN_POINT ( 'NONE',  ( -0.9119350745816843240, 1.073772001719954572, 1.406114039711320984 ) ) ;
#1992 = VERTEX_POINT ( 'NONE', #1372 ) ;
#1993 = DIRECTION ( 'NONE',  ( 0.000000000000000000, 1.000000000000000000, 0.000000000000000000 ) ) ;
#1994 = CARTESIAN_POINT ( 'NONE',  ( 1.060627220510277136, 0.9425429518083459079, 1.584715230922332019 ) ) ;
#1995 = ORIENTED_EDGE ( 'NONE', *, *, #3131, .T. ) ;
#1996 = EDGE_CURVE ( 'NONE', #1535, #5415, #2997, .T. ) ;
#1997 = CARTESIAN_POINT ( 'NONE',  ( 0.9370580417349502200, 1.068689209408785645, 1.407580886371555096 ) ) ;
#1998 = VECTOR ( 'NONE', #939, 1000.000000000000000 ) ;
#1999 = CARTESIAN_POINT ( 'NONE',  ( -0.9231727585493808563, 1.060432157584915380, 1.461774391862854960 ) ) ;
#2000 = ORIENTED_EDGE ( 'NONE', *, *, #2740, .T. ) ;
#2001 = DIRECTION ( 'NONE',  ( -1.000000000000000000, 0.000000000000000000, 1.167602339599774233E-15 ) ) ;
#2002 = EDGE_LOOP ( 'NONE', ( #3105, #609, #444 ) ) ;
#2003 = DIRECTION ( 'NONE',  ( -4.003208021484939327E-15, -0.000000000000000000, 1.000000000000000000 ) ) ;
#2004 = DIRECTION ( 'NONE',  ( -0.000000000000000000, -1.000000000000000000, -0.000000000000000000 ) ) ;
#2005 = DIRECTION ( 'NONE',  ( 0.000000000000000000, -0.000000000000000000, 1.000000000000000000 ) ) ;
#2006 = CARTESIAN_POINT ( 'NONE',  ( 1.072001257553325537, 0.9884913730961344402, -1.469533800566228177 ) ) ;
#2007 = VERTEX_POINT ( 'NONE', #4006 ) ;
#2008 = EDGE_CURVE ( 'NONE', #5151, #2032, #2864, .T. ) ;
#2009 = CARTESIAN_POINT ( 'NONE',  ( 1.040289867663482859, 0.7975409522037502086, 1.650416234492430467 ) ) ;
#2010 = ORIENTED_EDGE ( 'NONE', *, *, #5323, .F. ) ;
#2011 = CARTESIAN_POINT ( 'NONE',  ( -0.9918668086540483042, 1.047560299168598386, -1.432337334097471659 ) ) ;
#2012 = EDGE_LOOP ( 'NONE', ( #5607, #2699, #2788, #958 ) ) ;
#2013 = VECTOR ( 'NONE', #2894, 1000.000000000000000 ) ;
#2014 = DIRECTION ( 'NONE',  ( 1.000000000000000000, 0.000000000000000000, -3.336006684570789018E-16 ) ) ;
#2015 = CARTESIAN_POINT ( 'NONE',  ( 0.8679381779793344798, 1.080000000000000071, -1.369339878843556235 ) ) ;
#2016 = ORIENTED_EDGE ( 'NONE', *, *, #2048, .F. ) ;
#2017 =( LENGTH_UNIT ( ) NAMED_UNIT ( * ) SI_UNIT ( .MILLI., .METRE. ) );
#2018 = DIRECTION ( 'NONE',  ( 0.000000000000000000, 0.000000000000000000, 1.000000000000000000 ) ) ;
#2019 = CYLINDRICAL_SURFACE ( 'NONE', #5216, 0.1249999999999998890 ) ;
#2020 = CARTESIAN_POINT ( 'NONE',  ( 0.9366116999691236344, 1.059053844519646903, -1.462754328935142123 ) ) ;
#2021 = ORIENTED_EDGE ( 'NONE', *, *, #3594, .F. ) ;
#2022 = CARTESIAN_POINT ( 'NONE',  ( -0.9258613262386933274, 1.045011609023396293, 1.497056737032224749 ) ) ;
#2023 = CARTESIAN_POINT ( 'NONE',  ( 0.9530594642023031415, 1.064016118123615184, 1.404142358317065131 ) ) ;
#2024 = VERTEX_POINT ( 'NONE', #5269 ) ;
#2025 = LINE ( 'NONE', #5451, #2013 ) ;
#2026 = CARTESIAN_POINT ( 'NONE',  ( -0.7000000000000077272, 0.000000000000000000, 0.8249999999999997335 ) ) ;
#2027 = ORIENTED_EDGE ( 'NONE', *, *, #685, .F. ) ;
#2028 = CARTESIAN_POINT ( 'NONE',  ( 1.499999999999999778, 0.000000000000000000, 2.000000000000000000 ) ) ;
#2029 = CARTESIAN_POINT ( 'NONE',  ( 1.349999999999992317, 0.000000000000000000, 0.8249999999999999556 ) ) ;
#2030 = CARTESIAN_POINT ( 'NONE',  ( -1.093869606044719500, 0.9631614094145591887, 1.472900433778170370 ) ) ;
#2031 = ORIENTED_EDGE ( 'NONE', *, *, #2107, .T. ) ;
#2032 = VERTEX_POINT ( 'NONE', #3469 ) ;
#2033 = CARTESIAN_POINT ( 'NONE',  ( 1.154495475396704052, 0.7967102920926268927, -1.520360687637825281 ) ) ;
#2034 = AXIS2_PLACEMENT_3D ( 'NONE', #482, #4294, #305 ) ;
#2035 = FILL_AREA_STYLE_COLOUR ( '', #5097 ) ;
#2036 = CARTESIAN_POINT ( 'NONE',  ( 1.084715230617392168, 0.9425429517268962831, 1.560627220570138807 ) ) ;
#2037 = ORIENTED_EDGE ( 'NONE', *, *, #3651, .T. ) ;
#2038 = CARTESIAN_POINT ( 'NONE',  ( -0.9908281866717100206, 1.041357454755751810, 1.476740547725043484 ) ) ;
#2039 = CARTESIAN_POINT ( 'NONE',  ( 0.9999999999999988898, 0.7957007868728832589, -1.655593655949627374 ) ) ;
#2040 = FACE_OUTER_BOUND ( 'NONE', #182, .T. ) ;
#2041 = EDGE_LOOP ( 'NONE', ( #1889, #734, #4783, #5585 ) ) ;
#2042 = DIRECTION ( 'NONE',  ( -6.672013369141568175E-16, -0.000000000000000000, 1.000000000000000000 ) ) ;
#2043 = ORIENTED_EDGE ( 'NONE', *, *, #1725, .T. ) ;
#2044 = DIRECTION ( 'NONE',  ( -0.000000000000000000, 1.000000000000000000, -0.000000000000000000 ) ) ;
#2045 = CARTESIAN_POINT ( 'NONE',  ( -0.3249999999999998446, 0.1000000000000000056, -1.200000000000000178 ) ) ;
#2046 = CONICAL_SURFACE ( 'NONE', #1970, 0.1800000000000000488, 0.05235987755983000091 ) ;
#2047 = PLANE ( 'NONE',  #4909 ) ;
#2048 = EDGE_CURVE ( 'NONE', #99, #4243, #5091, .T. ) ;
#2049 = CARTESIAN_POINT ( 'NONE',  ( 1.016278140543157793, 1.033648998706942157, -1.446189789975022455 ) ) ;
#2050 = AXIS2_PLACEMENT_3D ( 'NONE', #3410, #1242, #3146 ) ;
#2051 = ORIENTED_EDGE ( 'NONE', *, *, #5380, .F. ) ;
#2052 = VECTOR ( 'NONE', #3233, 1000.000000000000000 ) ;
#2053 = CARTESIAN_POINT ( 'NONE',  ( 1.350000000000002753, 0.1000000000000000056, -0.8249999999999989564 ) ) ;
#2054 = ORIENTED_EDGE ( 'NONE', *, *, #4122, .F. ) ;
#2055 = CARTESIAN_POINT ( 'NONE',  ( -1.045701584146263796, 1.012648599492147472, -1.449683707545451172 ) ) ;
#2056 = ADVANCED_FACE ( 'NONE', ( #4970 ), #3167, .T. ) ;
#2057 = CARTESIAN_POINT ( 'NONE',  ( 1.349999999999995648, 0.1000000000000000056, 0.3249999999999999001 ) ) ;
#2058 =( NAMED_UNIT ( * ) PLANE_ANGLE_UNIT ( ) SI_UNIT ( $, .RADIAN. ) );
#2059 = ORIENTED_EDGE ( 'NONE', *, *, #3956, .T. ) ;
#2060 = DIRECTION ( 'NONE',  ( -4.003208021484939327E-15, -0.000000000000000000, 1.000000000000000000 ) ) ;
#2061 = DIRECTION ( 'NONE',  ( -0.000000000000000000, -1.000000000000000000, -0.000000000000000000 ) ) ;
#2062 = AXIS2_PLACEMENT_3D ( 'NONE', #1910, #1433, #5328 ) ;
#2063 = ORIENTED_EDGE ( 'NONE', *, *, #3503, .F. ) ;
#2064 = CARTESIAN_POINT ( 'NONE',  ( 0.9200988463839269160, 1.054566354949500573, 1.477346486355060939 ) ) ;
#2065 = VERTEX_POINT ( 'NONE', #4826 ) ;
#2066 = DIRECTION ( 'NONE',  ( 0.000000000000000000, 0.000000000000000000, -1.000000000000000000 ) ) ;
#2067 = ORIENTED_EDGE ( 'NONE', *, *, #280, .T. ) ;
#2068 = ADVANCED_FACE ( 'NONE', ( #5029 ), #996, .F. ) ;
#2069 = PRESENTATION_STYLE_ASSIGNMENT (( #3317 ) ) ;
#2070 = CARTESIAN_POINT ( 'NONE',  ( -1.040019965836748161, 0.8147318162307993772, -1.649551563568146806 ) ) ;
#2071 = DIRECTION ( 'NONE',  ( -1.000000000000000000, -0.000000000000000000, 0.000000000000000000 ) ) ;
#2072 = CARTESIAN_POINT ( 'NONE',  ( -0.8955668668949205991, 1.069278588850545164, 1.435843798718157593 ) ) ;
#2073 = EDGE_LOOP ( 'NONE', ( #3516, #3474, #4224, #717 ) ) ;
#2074 = CIRCLE ( 'NONE', #3759, 0.1250000000000001110 ) ;
#2075 = EDGE_CURVE ( 'NONE', #3568, #3908, #1207, .T. ) ;
#2076 = ORIENTED_EDGE ( 'NONE', *, *, #3023, .T. ) ;
#2077 = DIRECTION ( 'NONE',  ( 0.000000000000000000, -0.000000000000000000, 1.000000000000000000 ) ) ;
#2078 = CARTESIAN_POINT ( 'NONE',  ( 0.3249999999999998446, 0.1000000000000000056, -1.200000000000000178 ) ) ;
#2079 = CARTESIAN_POINT ( 'NONE',  ( 0.9824181076639298960, 0.9766975885785902367, 1.582194098904050383 ) ) ;
#2080 = ORIENTED_EDGE ( 'NONE', *, *, #2796, .T. ) ;
#2081 = ORIENTED_EDGE ( 'NONE', *, *, #2387, .F. ) ;
#2082 = CARTESIAN_POINT ( 'NONE',  ( -1.010226906103322442, 0.9506362308860262234, -1.600031191865955771 ) ) ;
#2083 = ORIENTED_EDGE ( 'NONE', *, *, #1928, .T. ) ;
#2084 = DIRECTION ( 'NONE',  ( 0.000000000000000000, 0.000000000000000000, 1.000000000000000000 ) ) ;
#2085 =( NAMED_UNIT ( * ) SI_UNIT ( $, .STERADIAN. ) SOLID_ANGLE_UNIT ( ) );
#2086 = CARTESIAN_POINT ( 'NONE',  ( 1.031716580464006494, 1.009453779338707058, -1.513262896313124717 ) ) ;
#2087 = CARTESIAN_POINT ( 'NONE',  ( -1.052758457978128614, 0.9010269862672373176, 1.618101588284358572 ) ) ;
#2088 = ORIENTED_EDGE ( 'NONE', *, *, #1413, .T. ) ;
#2089 = ORIENTED_EDGE ( 'NONE', *, *, #4404, .F. ) ;
#2090 = CARTESIAN_POINT ( 'NONE',  ( -0.9424577851522517591, 1.067387405522754129, -1.401764425103281253 ) ) ;
#2091 = ORIENTED_EDGE ( 'NONE', *, *, #2501, .T. ) ;
#2092 = CIRCLE ( 'NONE', #2948, 0.2999999999999999334 ) ;
#2093 = CARTESIAN_POINT ( 'NONE',  ( 1.499999999999999778, 0.2300000000000000100, -2.000000000000000000 ) ) ;
#2094 = CARTESIAN_POINT ( 'NONE',  ( -0.9999999999999978906, 0.7957007868728830369, -1.655593655949627374 ) ) ;
#2095 = VERTEX_POINT ( 'NONE', #3786 ) ;
#2096 = CARTESIAN_POINT ( 'NONE',  ( 0.9999999999999981126, 0.3300000000000000155, 1.800000000000000044 ) ) ;
#2097 = AXIS2_PLACEMENT_3D ( 'NONE', #4387, #1357, #4774 ) ;
#2098 = VERTEX_POINT ( 'NONE', #4166 ) ;
#2099 = CARTESIAN_POINT ( 'NONE',  ( 0.9063161196394617924, 1.064675582973040546, 1.451110424440724245 ) ) ;
#2100 = VECTOR ( 'NONE', #5263, 1000.000000000000000 ) ;
#2101 = ORIENTED_EDGE ( 'NONE', *, *, #2414, .F. ) ;
#2102 = CARTESIAN_POINT ( 'NONE',  ( 1.349999999999996092, 0.1000000000000000056, -0.3250000000000000111 ) ) ;
#2103 = CARTESIAN_POINT ( 'NONE',  ( -0.5500000000000002665, 1.080000000000000071, -1.050000000000000044 ) ) ;
#2104 = ORIENTED_EDGE ( 'NONE', *, *, #1209, .F. ) ;
#2105 = CARTESIAN_POINT ( 'NONE',  ( -1.350000000000006972, 1.019238815542514276, 1.474999999999999867 ) ) ;
#2106 = CARTESIAN_POINT ( 'NONE',  ( 0.9398402349439229919, 1.069035523243103025, -1.397607079372633843 ) ) ;
#2107 = EDGE_CURVE ( 'NONE', #1992, #1925, #5057, .T. ) ;
#2108 = DIRECTION ( 'NONE',  ( 0.000000000000000000, -1.000000000000000000, 0.000000000000000000 ) ) ;
#2109 = ORIENTED_EDGE ( 'NONE', *, *, #4335, .F. ) ;
#2110 = AXIS2_PLACEMENT_3D ( 'NONE', #5666, #848, #3366 ) ;
#2111 = DIRECTION ( 'NONE',  ( -0.000000000000000000, -1.000000000000000000, -0.000000000000000000 ) ) ;
#2112 = CARTESIAN_POINT ( 'NONE',  ( -0.9545482524141903902, 1.015022361113228744, 1.542781040409171744 ) ) ;
#2113 = VERTEX_POINT ( 'NONE', #3350 ) ;
#2114 = CARTESIAN_POINT ( 'NONE',  ( 1.101622423793811922, 0.9033259170471046318, -1.575465578128028454 ) ) ;
#2115 = SURFACE_SIDE_STYLE ('',( #4894 ) ) ;
#2116 = CARTESIAN_POINT ( 'NONE',  ( 0.9794079066257228572, 0.9663642124729624472, 1.591405377511051045 ) ) ;
#2117 = ORIENTED_EDGE ( 'NONE', *, *, #1688, .F. ) ;
#2118 = CARTESIAN_POINT ( 'NONE',  ( 0.9244365212572519530, 1.046593750830678182, 1.494190501494625511 ) ) ;
#2119 = ADVANCED_FACE ( 'NONE', ( #1223 ), #4593, .F. ) ;
#2120 = FACE_BOUND ( 'NONE', #5676, .T. ) ;
#2121 = ORIENTED_EDGE ( 'NONE', *, *, #1715, .T. ) ;
#2122 = EDGE_CURVE ( 'NONE', #1325, #655, #1182, .T. ) ;
#2123 = CARTESIAN_POINT ( 'NONE',  ( -1.050833273590564776, 0.9597915453476453251, -1.573863568481675745 ) ) ;
#2124 = AXIS2_PLACEMENT_3D ( 'NONE', #49, #463, #127 ) ;
#2125 = CARTESIAN_POINT ( 'NONE',  ( -1.350000000000003864, 0.000000000000000000, -0.3250000000000001776 ) ) ;
#2126 = LINE ( 'NONE', #5520, #4032 ) ;
#2127 = CARTESIAN_POINT ( 'NONE',  ( 1.349999999999991873, 1.019238815542514276, 1.474999999999999645 ) ) ;
#2128 = DIRECTION ( 'NONE',  ( 0.000000000000000000, -0.000000000000000000, 1.000000000000000000 ) ) ;
#2129 = CARTESIAN_POINT ( 'NONE',  ( 0.6999999999999929612, 0.1000000000000000472, 1.474999999999999645 ) ) ;
#2130 = EDGE_CURVE ( 'NONE', #2840, #2435, #3189, .T. ) ;
#2131 = CARTESIAN_POINT ( 'NONE',  ( 0.9381227321984186851, 1.030145156312498811, -1.522026651625578264 ) ) ;
#2132 = CARTESIAN_POINT ( 'NONE',  ( -1.031481060246546733, 0.8758027052823986747, 1.635388511727282168 ) ) ;
#2133 = ORIENTED_EDGE ( 'NONE', *, *, #5380, .T. ) ;
#2134 = ORIENTED_EDGE ( 'NONE', *, *, #3396, .F. ) ;
#2135 = CARTESIAN_POINT ( 'NONE',  ( -0.9663188549890312506, 1.059059017460085350, -1.418074254946523949 ) ) ;
#2136 = ORIENTED_EDGE ( 'NONE', *, *, #2752, .T. ) ;
#2137 = CARTESIAN_POINT ( 'NONE',  ( -1.350000000000003864, 0.1000000000000000056, -0.3250000000000001776 ) ) ;
#2138 = DIRECTION ( 'NONE',  ( -1.000000000000000000, 0.000000000000000000, -2.335204679199548467E-15 ) ) ;
#2139 = ORIENTED_EDGE ( 'NONE', *, *, #2784, .T. ) ;
#2140 = EDGE_CURVE ( 'NONE', #1833, #3773, #3079, .T. ) ;
#2141 =( NAMED_UNIT ( * ) PLANE_ANGLE_UNIT ( ) SI_UNIT ( $, .RADIAN. ) );
#2142 = VERTEX_POINT ( 'NONE', #3210 ) ;
#2143 = CARTESIAN_POINT ( 'NONE',  ( 0.9685671730469299634, 1.058258018718271520, 1.415502746458199734 ) ) ;
#2144 = ORIENTED_EDGE ( 'NONE', *, *, #1798, .T. ) ;
#2145 = VECTOR ( 'NONE', #5294, 1000.000000000000000 ) ;
#2146 = DIRECTION ( 'NONE',  ( -0.000000000000000000, -1.000000000000000000, -0.000000000000000000 ) ) ;
#2147 = ORIENTED_EDGE ( 'NONE', *, *, #4546, .F. ) ;
#2148 = LINE ( 'NONE', #1944, #354 ) ;
#2149 = CARTESIAN_POINT ( 'NONE',  ( 0.3249999999999998446, 1.019238815542514276, -1.200000000000000178 ) ) ;
#2150 = CARTESIAN_POINT ( 'NONE',  ( -1.022026651625463911, 1.030145156312573640, 1.438122732198517939 ) ) ;
#2151 = DIRECTION ( 'NONE',  ( -1.000000000000000000, 0.000000000000000000, 0.000000000000000000 ) ) ;
#2152 = ORIENTED_EDGE ( 'NONE', *, *, #290, .T. ) ;
#2153 = DIRECTION ( 'NONE',  ( 1.000000000000000000, 0.000000000000000000, 3.169206350342249222E-15 ) ) ;
#2154 = CARTESIAN_POINT ( 'NONE',  ( 1.124563205555137335, 0.9050562191264104328, -1.525330806713455445 ) ) ;
#2155 = CARTESIAN_POINT ( 'NONE',  ( 0.8996796470868264617, 1.075261168535003309, -1.404759583916774135 ) ) ;
#2156 = CARTESIAN_POINT ( 'NONE',  ( 0.9381227321986052026, 1.030145156312653132, 1.522026651625343563 ) ) ;
#2157 = VERTEX_POINT ( 'NONE', #263 ) ;
#2158 = DIRECTION ( 'NONE',  ( 8.340016711426957261E-16, 0.000000000000000000, -1.000000000000000000 ) ) ;
#2159 = VERTEX_POINT ( 'NONE', #1186 ) ;
#2160 = CARTESIAN_POINT ( 'NONE',  ( -1.070712174341481804, 0.9800845277763278185, -1.517525915218176813 ) ) ;
#2161 = DIRECTION ( 'NONE',  ( 1.167602339599774233E-15, 0.000000000000000000, 1.000000000000000000 ) ) ;
#2162 = CARTESIAN_POINT ( 'NONE',  ( 1.349999999999991873, 0.000000000000000000, 1.474999999999999645 ) ) ;
#2163 = DIRECTION ( 'NONE',  ( -0.000000000000000000, -1.000000000000000000, -0.000000000000000000 ) ) ;
#2164 = LINE ( 'NONE', #4895, #2145 ) ;
#2165 = DIRECTION ( 'NONE',  ( -0.7071067811865436870, 0.000000000000000000, -0.7071067811865513475 ) ) ;
#2166 = CARTESIAN_POINT ( 'NONE',  ( 0.9657111319356151968, 1.039955919684999008, -1.500930184564578163 ) ) ;
#2167 = ORIENTED_EDGE ( 'NONE', *, *, #853, .T. ) ;
#2168 = ADVANCED_FACE ( 'NONE', ( #1200 ), #2834, .T. ) ;
#2169 = ORIENTED_EDGE ( 'NONE', *, *, #4260, .T. ) ;
#2170 = CARTESIAN_POINT ( 'NONE',  ( -0.9228775487056410931, 1.055490247842406637, -1.474963220470895120 ) ) ;
#2171 = EDGE_CURVE ( 'NONE', #1976, #887, #5064, .T. ) ;
#2172 = DIRECTION ( 'NONE',  ( 0.000000000000000000, 0.000000000000000000, -1.000000000000000000 ) ) ;
#2173 = VERTEX_POINT ( 'NONE', #4392 ) ;
#2174 = PLANE ( 'NONE',  #3175 ) ;
#2175 = ORIENTED_EDGE ( 'NONE', *, *, #4969, .T. ) ;
#2176 = CARTESIAN_POINT ( 'NONE',  ( -1.030062142762707467, 1.024612214386960929, 1.442054939818280479 ) ) ;
#2177 = CARTESIAN_POINT ( 'NONE',  ( 0.9370137204463330205, 1.043204592283156540, 1.500120629260390137 ) ) ;
#2178 = DIRECTION ( 'NONE',  ( -0.000000000000000000, -1.000000000000000000, -0.000000000000000000 ) ) ;
#2179 = AXIS2_PLACEMENT_3D ( 'NONE', #1303, #2959, #1788 ) ;
#2180 = VERTEX_POINT ( 'NONE', #1772 ) ;
#2181 = CARTESIAN_POINT ( 'NONE',  ( -1.087732609982329013, 0.9708480168053972292, 1.469974506217380350 ) ) ;
#2182 = ORIENTED_EDGE ( 'NONE', *, *, #2008, .T. ) ;
#2183 = CARTESIAN_POINT ( 'NONE',  ( -0.9999999999999976685, 0.3300000000000000155, 1.800000000000000044 ) ) ;
#2184 = CARTESIAN_POINT ( 'NONE',  ( -1.055294769403086752, 1.002083375574791102, 1.482400811647885730 ) ) ;
#2185 = CARTESIAN_POINT ( 'NONE',  ( 1.013606596710456165, 0.8722597856522882331, -1.640408405088006560 ) ) ;
#2186 = LINE ( 'NONE', #2300, #4037 ) ;
#2187 = CARTESIAN_POINT ( 'NONE',  ( 0.9715532516881727476, 0.9978717158093288742, 1.561980102889776623 ) ) ;
#2188 = VERTEX_POINT ( 'NONE', #2550 ) ;
#2189 = DIRECTION ( 'NONE',  ( 0.000000000000000000, 0.000000000000000000, 1.000000000000000000 ) ) ;
#2190 = AXIS2_PLACEMENT_3D ( 'NONE', #3384, #2255, #1647 ) ;
#2191 = ORIENTED_EDGE ( 'NONE', *, *, #3406, .T. ) ;
#2192 = EDGE_CURVE ( 'NONE', #769, #51, #5017, .T. ) ;
#2193 = CARTESIAN_POINT ( 'NONE',  ( -1.018808417679396561, 1.003122731748468999, -1.538029291087949613 ) ) ;
#2194 = UNCERTAINTY_MEASURE_WITH_UNIT (LENGTH_MEASURE( 1.000000000000000082E-05 ), #3231, 'distance_accuracy_value', 'NONE');
#2195 = CARTESIAN_POINT ( 'NONE',  ( -1.350000000000003197, 0.1000000000000000056, 0.3250000000000000111 ) ) ;
#2196 = CARTESIAN_POINT ( 'NONE',  ( -0.9530594642023905161, 1.064016118123585652, 1.404142358317010730 ) ) ;
#2197 = VECTOR ( 'NONE', #493, 1000.000000000000000 ) ;
#2198 = ADVANCED_FACE ( 'NONE', ( #3158 ), #5203, .T. ) ;
#2199 = DIRECTION ( 'NONE',  ( -1.000000000000000000, 0.000000000000000000, 1.108295554096290073E-14 ) ) ;
#2200 = CARTESIAN_POINT ( 'NONE',  ( 1.018432064597514453, 1.021395854440086515, -1.501467854731981744 ) ) ;
#2201 = CARTESIAN_POINT ( 'NONE',  ( -1.010339352180665617, 0.8911812281406346070, 1.633810574179303643 ) ) ;
#2202 = ORIENTED_EDGE ( 'NONE', *, *, #1086, .T. ) ;
#2203 = CYLINDRICAL_SURFACE ( 'NONE', #2384, 0.1249999999999999722 ) ;
#2204 = AXIS2_PLACEMENT_3D ( 'NONE', #2493, #5085, #2999 ) ;
#2205 = ORIENTED_EDGE ( 'NONE', *, *, #1996, .T. ) ;
#2206 = CARTESIAN_POINT ( 'NONE',  ( -0.9381318845195707468, 1.062835146031015476, -1.447784833655841208 ) ) ;
#2207 = EDGE_CURVE ( 'NONE', #4530, #5249, #1414, .T. ) ;
#2208 = CARTESIAN_POINT ( 'NONE',  ( 0.8560047955232551464, 1.080000000000000071, 0.000000000000000000 ) ) ;
#2209 = ORIENTED_EDGE ( 'NONE', *, *, #2207, .T. ) ;
#2210 = ADVANCED_FACE ( 'NONE', ( #1350 ), #1217, .T. ) ;
#2211 = SURFACE_SIDE_STYLE ('',( #130 ) ) ;
#2212 = ORIENTED_EDGE ( 'NONE', *, *, #4532, .F. ) ;
#2213 = CARTESIAN_POINT ( 'NONE',  ( 0.9162656378622509035, 1.073508056721198756, 1.401713174264821449 ) ) ;
#2214 = CARTESIAN_POINT ( 'NONE',  ( 1.001573036607575906, 0.8887363024806791412, 1.635726891420625329 ) ) ;
#2215 = CARTESIAN_POINT ( 'NONE',  ( 0.8732360801417082818, 1.078436251296188031, -1.390715516057323464 ) ) ;
#2216 = EDGE_CURVE ( 'NONE', #3816, #3602, #5256, .T. ) ;
#2217 = ORIENTED_EDGE ( 'NONE', *, *, #2414, .T. ) ;
#2218 = CYLINDRICAL_SURFACE ( 'NONE', #5023, 0.1250000000000001110 ) ;
#2219 = DIRECTION ( 'NONE',  ( 1.000000000000000000, -0.000000000000000000, -0.000000000000000000 ) ) ;
#2220 = CARTESIAN_POINT ( 'NONE',  ( -1.010194610148009708, 0.7962336003390753092, -1.655565732379091992 ) ) ;
#2221 = CARTESIAN_POINT ( 'NONE',  ( -1.005523948760221220, 1.040344853630791766, 1.430025925408725085 ) ) ;
#2222 = ORIENTED_EDGE ( 'NONE', *, *, #1879, .F. ) ;
#2223 = PLANE ( 'NONE',  #5104 ) ;
#2224 = CARTESIAN_POINT ( 'NONE',  ( -0.9687169750395411283, 1.020660044998724647, 1.533229320658995753 ) ) ;
#2225 = CARTESIAN_POINT ( 'NONE',  ( 1.154604415057897127, 0.8139941118252217445, -1.509991957612513147 ) ) ;
#2226 = EDGE_LOOP ( 'NONE', ( #5496, #5634, #2680, #1765 ) ) ;
#2227 = CARTESIAN_POINT ( 'NONE',  ( 1.001467854731712404, 1.021395854440753759, 1.518432064597312392 ) ) ;
#2228 = ORIENTED_EDGE ( 'NONE', *, *, #3328, .T. ) ;
#2229 = CARTESIAN_POINT ( 'NONE',  ( -0.6999999999999972911, 0.1000000000000000472, -0.8250000000000060618 ) ) ;
#2230 = FACE_OUTER_BOUND ( 'NONE', #2386, .T. ) ;
#2231 =( NAMED_UNIT ( * ) PLANE_ANGLE_UNIT ( ) SI_UNIT ( $, .RADIAN. ) );
#2232 = VERTEX_POINT ( 'NONE', #5214 ) ;
#2233 = CARTESIAN_POINT ( 'NONE',  ( -1.068936715633335810, 0.9910486080904584716, -1.475269075714309208 ) ) ;
#2234 = DIRECTION ( 'NONE',  ( -8.340016711426957754E-17, 0.000000000000000000, -1.000000000000000000 ) ) ;
#2235 = CARTESIAN_POINT ( 'NONE',  ( 0.9999999999999983347, 0.7957007868729036870, 1.655593655949626264 ) ) ;
#2236 = DIRECTION ( 'NONE',  ( 0.000000000000000000, -1.000000000000000000, 0.000000000000000000 ) ) ;
#2237 = ORIENTED_EDGE ( 'NONE', *, *, #3012, .F. ) ;
#2238 = ORIENTED_EDGE ( 'NONE', *, *, #2270, .T. ) ;
#2239 = SURFACE_STYLE_FILL_AREA ( #2446 ) ;
#2240 = EDGE_CURVE ( 'NONE', #1663, #707, #3351, .T. ) ;
#2241 = ORIENTED_EDGE ( 'NONE', *, *, #3396, .T. ) ;
#2242 = AXIS2_PLACEMENT_3D ( 'NONE', #417, #1260, #2618 ) ;
#2243 = CARTESIAN_POINT ( 'NONE',  ( -0.9119350376994954654, 1.073772003237675632, -1.406114076060759999 ) ) ;
#2244 = ORIENTED_EDGE ( 'NONE', *, *, #4290, .F. ) ;
#2245 = DIRECTION ( 'NONE',  ( 0.000000000000000000, 0.000000000000000000, -1.000000000000000000 ) ) ;
#2246 = VERTEX_POINT ( 'NONE', #1254 ) ;
#2247 = DIRECTION ( 'NONE',  ( -0.000000000000000000, -1.000000000000000000, -0.000000000000000000 ) ) ;
#2248 = FACE_BOUND ( 'NONE', #343, .T. ) ;
#2249 = EDGE_LOOP ( 'NONE', ( #2626, #3456, #525 ) ) ;
#2250 = EDGE_CURVE ( 'NONE', #4834, #3142, #5114, .T. ) ;
#2251 = CARTESIAN_POINT ( 'NONE',  ( -0.9590669581337534222, 1.031511124183391859, 1.517987249463991883 ) ) ;
#2252 = CARTESIAN_POINT ( 'NONE',  ( 0.8703932307066377660, 1.079999999999999849, 1.366888970975985496 ) ) ;
#2253 = MECHANICAL_DESIGN_GEOMETRIC_PRESENTATION_REPRESENTATION (  '', ( #4781 ), #1252 ) ;
#2254 = CARTESIAN_POINT ( 'NONE',  ( 1.133810574179356934, 0.8911812281407844871, 1.510339352180193995 ) ) ;
#2255 = DIRECTION ( 'NONE',  ( 1.000000000000000000, 0.000000000000000000, 6.672013369141567189E-16 ) ) ;
#2256 = ORIENTED_EDGE ( 'NONE', *, *, #1332, .F. ) ;
#2257 = EDGE_CURVE ( 'NONE', #4569, #3630, #5213, .T. ) ;
#2258 = ORIENTED_EDGE ( 'NONE', *, *, #338, .F. ) ;
#2259 = ADVANCED_FACE ( 'NONE', ( #1421 ), #2613, .T. ) ;
#2260 = DIRECTION ( 'NONE',  ( -4.336808689942017736E-15, -0.000000000000000000, 1.000000000000000000 ) ) ;
#2261 = CARTESIAN_POINT ( 'NONE',  ( -1.075465578128019128, 0.9033259170470989696, -1.601622423793685579 ) ) ;
#2262 = DIRECTION ( 'NONE',  ( 0.000000000000000000, 1.000000000000000000, 0.000000000000000000 ) ) ;
#2263 = VERTEX_POINT ( 'NONE', #1817 ) ;
#2264 = CARTESIAN_POINT ( 'NONE',  ( -1.065072610436699652, 0.9954149142057978628, 1.466032778645189660 ) ) ;
#2265 = CARTESIAN_POINT ( 'NONE',  ( 0.9964816022370854842, 0.8587594498997609405, -1.645438373727814874 ) ) ;
#2266 = AXIS2_PLACEMENT_3D ( 'NONE', #2103, #1689, #4891 ) ;
#2267 = ORIENTED_EDGE ( 'NONE', *, *, #2648, .F. ) ;
#2268 = CARTESIAN_POINT ( 'NONE',  ( 0.9635202023205116095, 1.010961029266325806, 1.547295011717831237 ) ) ;
#2269 = ORIENTED_EDGE ( 'NONE', *, *, #5580, .T. ) ;
#2270 = EDGE_CURVE ( 'NONE', #5249, #3570, #5154, .T. ) ;
#2271 = CARTESIAN_POINT ( 'NONE',  ( 1.180000000000000160, 0.3300000000000000155, 1.499999999999997780 ) ) ;
#2272 = FACE_OUTER_BOUND ( 'NONE', #3230, .T. ) ;
#2273 = DIRECTION ( 'NONE',  ( 1.000000000000000000, -0.000000000000000000, -1.108295554096289915E-14 ) ) ;
#2274 = ORIENTED_EDGE ( 'NONE', *, *, #3032, .F. ) ;
#2275 = CARTESIAN_POINT ( 'NONE',  ( -1.053305534392342313, 1.006217926523122141, -1.453380267653067159 ) ) ;
#2276 = CARTESIAN_POINT ( 'NONE',  ( 0.3249999999999998446, 0.000000000000000000, -1.200000000000000178 ) ) ;
#2277 = DIRECTION ( 'NONE',  ( -0.000000000000000000, 1.000000000000000000, 0.000000000000000000 ) ) ;
#2278 = CARTESIAN_POINT ( 'NONE',  ( 1.155482082505488339, 0.7978297350112315556, -1.540734323873045541 ) ) ;
#2279 = DIRECTION ( 'NONE',  ( -6.672013369141567189E-16, -0.000000000000000000, 1.000000000000000000 ) ) ;
#2280 = FACE_OUTER_BOUND ( 'NONE', #741, .T. ) ;
#2281 = EDGE_LOOP ( 'NONE', ( #2299, #4297, #2399, #377 ) ) ;
#2282 = EDGE_CURVE ( 'NONE', #1607, #5591, #3271, .T. ) ;
#2283 = ORIENTED_EDGE ( 'NONE', *, *, #1688, .T. ) ;
#2284 = PLANE ( 'NONE',  #3010 ) ;
#2285 = CLOSED_SHELL ( 'NONE', ( #582, #4365, #124, #4686, #5497, #1743 ) ) ;
#2286 = CARTESIAN_POINT ( 'NONE',  ( -1.349999999999995870, 0.1000000000000000472, -1.275000000000003020 ) ) ;
#2287 = CARTESIAN_POINT ( 'NONE',  ( 1.300000000000000266, 0.3300000000000000155, -1.499999999999997780 ) ) ;
#2288 = ORIENTED_EDGE ( 'NONE', *, *, #1542, .T. ) ;
#2289 = PLANE ( 'NONE',  #3424 ) ;
#2290 = AXIS2_PLACEMENT_3D ( 'NONE', #5596, #747, #2018 ) ;
#2291 = ORIENTED_EDGE ( 'NONE', *, *, #878, .T. ) ;
#2292 = CARTESIAN_POINT ( 'NONE',  ( 0.8643968579406358099, 1.080000000000000071, 1.372914362676346256 ) ) ;
#2293 = CARTESIAN_POINT ( 'NONE',  ( 1.151740736140493437, 0.8329515570374912414, 1.508858697280528904 ) ) ;
#2294 = ADVANCED_FACE ( 'NONE', ( #5168 ), #2332, .T. ) ;
#2295 = ORIENTED_EDGE ( 'NONE', *, *, #1571, .T. ) ;
#2296 = ORIENTED_EDGE ( 'NONE', *, *, #1177, .T. ) ;
#2297 = CARTESIAN_POINT ( 'NONE',  ( -1.114110588177710914, 0.9109700871670375344, -1.550033570932980886 ) ) ;
#2298 = DIRECTION ( 'NONE',  ( -1.000000000000000000, -0.000000000000000000, -0.000000000000000000 ) ) ;
#2299 = ORIENTED_EDGE ( 'NONE', *, *, #431, .T. ) ;
#2300 = CARTESIAN_POINT ( 'NONE',  ( -1.350000000000003197, 0.000000000000000000, 0.3250000000000000111 ) ) ;
#2301 = CARTESIAN_POINT ( 'NONE',  ( 0.9999999999999988898, 0.4531526981014601940, -1.673545840579787614 ) ) ;
#2302 = ADVANCED_BREP_SHAPE_REPRESENTATION ( 'STCC4-D-R3', ( #4670, #1270, #3984, #4229, #109, #5120, #2658, #4712, #3106, #3281, #5531, #4946, #5404 ), #2635 ) ;
#2303 = CARTESIAN_POINT ( 'NONE',  ( 1.087732609982424048, 0.9708480168052828763, -1.469974506217254007 ) ) ;
#2304 = ORIENTED_EDGE ( 'NONE', *, *, #3007, .T. ) ;
#2305 = CARTESIAN_POINT ( 'NONE',  ( 1.000930184564477576, 1.039955919685070951, 1.465711131935697686 ) ) ;
#2306 = ORIENTED_EDGE ( 'NONE', *, *, #4869, .T. ) ;
#2307 = CARTESIAN_POINT ( 'NONE',  ( -1.350000000000003864, 1.019238815542514276, -0.3250000000000001776 ) ) ;
#2308 = DIRECTION ( 'NONE',  ( 0.000000000000000000, 0.000000000000000000, -1.000000000000000000 ) ) ;
#2309 = VERTEX_POINT ( 'NONE', #1473 ) ;
#2310 = SURFACE_STYLE_USAGE ( .BOTH. , #3517 ) ;
#2311 = CARTESIAN_POINT ( 'NONE',  ( -0.8000000000000001554, 1.080000000000000071, 1.174999999999998934 ) ) ;
#2312 = DIRECTION ( 'NONE',  ( -1.000000000000000000, -0.000000000000000000, -3.169206350342249222E-15 ) ) ;
#2313 = DIRECTION ( 'NONE',  ( -1.000000000000000000, 0.000000000000000000, 1.108295554096289758E-14 ) ) ;
#2314 = VERTEX_POINT ( 'NONE', #3618 ) ;
#2315 = CARTESIAN_POINT ( 'NONE',  ( -1.009991958629420372, 0.8139941123857712402, 1.654604415021253772 ) ) ;
#2316 = AXIS2_PLACEMENT_3D ( 'NONE', #3268, #5037, #4160 ) ;
#2317 = VERTEX_POINT ( 'NONE', #5365 ) ;
#2318 = EDGE_LOOP ( 'NONE', ( #2139, #2821, #4018, #4052 ) ) ;
#2319 = CARTESIAN_POINT ( 'NONE',  ( 1.300000000000000266, 0.3300000000000000155, 1.499999999999997780 ) ) ;
#2320 = ORIENTED_EDGE ( 'NONE', *, *, #1677, .T. ) ;
#2321 = CARTESIAN_POINT ( 'NONE',  ( 0.7999999999999999334, 1.080000000000000071, -0.1749999999999992395 ) ) ;
#2322 = CARTESIAN_POINT ( 'NONE',  ( 1.022026651625344007, 1.030145156312653576, 1.438122732198607423 ) ) ;
#2323 = EDGE_LOOP ( 'NONE', ( #5376, #4383, #4222, #2396 ) ) ;
#2324 = CARTESIAN_POINT ( 'NONE',  ( 0.9999999999999988898, 0.7800000000000001377, -1.356004795523255479 ) ) ;
#2325 = CARTESIAN_POINT ( 'NONE',  ( -1.116987395813870521, 0.9281406110484029526, 1.501698280473070524 ) ) ;
#2326 = DIRECTION ( 'NONE',  ( -8.340016711426958247E-16, -0.000000000000000000, 1.000000000000000000 ) ) ;
#2327 = AXIS2_PLACEMENT_3D ( 'NONE', #2573, #5169, #3080 ) ;
#2328 = ORIENTED_EDGE ( 'NONE', *, *, #338, .T. ) ;
#2329 = EDGE_CURVE ( 'NONE', #206, #3773, #1375, .T. ) ;
#2330 = CARTESIAN_POINT ( 'NONE',  ( 0.8997863920716182573, 1.066839277064855152, 1.444260357962361407 ) ) ;
#2331 = CARTESIAN_POINT ( 'NONE',  ( 0.9927881097923350051, 0.8858224694193385096, 1.636817127075132605 ) ) ;
#2332 = PLANE ( 'NONE',  #3196 ) ;
#2333 = EDGE_LOOP ( 'NONE', ( #2258, #2091, #362, #410 ) ) ;
#2334 = VERTEX_POINT ( 'NONE', #1954 ) ;
#2335 = CARTESIAN_POINT ( 'NONE',  ( -1.121191648480133418, 0.9217622814952238786, -1.485751251749987123 ) ) ;
#2336 = AXIS2_PLACEMENT_3D ( 'NONE', #4651, #2456, #5622 ) ;
#2337 = CARTESIAN_POINT ( 'NONE',  ( 0.6999999999999929612, 0.000000000000000000, 1.474999999999999645 ) ) ;
#2338 = EDGE_LOOP ( 'NONE', ( #4321, #3453, #4193, #2306 ) ) ;
#2339 = DIRECTION ( 'NONE',  ( 0.000000000000000000, 1.000000000000000000, 0.000000000000000000 ) ) ;
#2340 = CARTESIAN_POINT ( 'NONE',  ( -0.9762124987226342698, 0.9739639340872104922, 1.585168763718278750 ) ) ;
#2341 = EDGE_CURVE ( 'NONE', #2665, #1535, #3289, .T. ) ;
#2342 = CARTESIAN_POINT ( 'NONE',  ( 1.017525915218201460, 0.9800845277764616004, -1.570712174341464040 ) ) ;
#2343 = UNCERTAINTY_MEASURE_WITH_UNIT (LENGTH_MEASURE( 1.000000000000000082E-05 ), #2843, 'distance_accuracy_value', 'NONE');
#2344 = ADVANCED_FACE ( 'NONE', ( #3655 ), #2411, .F. ) ;
#2345 = ORIENTED_EDGE ( 'NONE', *, *, #2937, .T. ) ;
#2346 = ORIENTED_EDGE ( 'NONE', *, *, #4050, .T. ) ;
#2347 = DIRECTION ( 'NONE',  ( -4.336808689942017736E-15, -0.000000000000000000, 1.000000000000000000 ) ) ;
#2348 = CARTESIAN_POINT ( 'NONE',  ( -1.023069875149121177, 1.025110848094685112, -1.482521422969351299 ) ) ;
#2349 = ORIENTED_EDGE ( 'NONE', *, *, #4715, .T. ) ;
#2350 = CARTESIAN_POINT ( 'NONE',  ( -0.5500000000000002665, 1.030000000000000027, -1.050000000000000044 ) ) ;
#2351 = EDGE_CURVE ( 'NONE', #3913, #1746, #5426, .T. ) ;
#2352 = DIRECTION ( 'NONE',  ( 0.000000000000000000, 0.000000000000000000, 1.000000000000000000 ) ) ;
#2353 = CARTESIAN_POINT ( 'NONE',  ( -0.9964816022370063253, 0.8587594498997221937, -1.645438373727825532 ) ) ;
#2354 = ORIENTED_EDGE ( 'NONE', *, *, #1146, .F. ) ;
#2355 = ORIENTED_EDGE ( 'NONE', *, *, #2075, .T. ) ;
#2356 = ORIENTED_EDGE ( 'NONE', *, *, #811, .F. ) ;
#2357 = CARTESIAN_POINT ( 'NONE',  ( -0.8833694936004493625, 1.078819882797846130, -1.380483373213469589 ) ) ;
#2358 = DIRECTION ( 'NONE',  ( 1.000000000000000000, 0.000000000000000000, 6.672013369141568175E-16 ) ) ;
#2359 = FACE_OUTER_BOUND ( 'NONE', #1678, .T. ) ;
#2360 = AXIS2_PLACEMENT_3D ( 'NONE', #1211, #2138, #4246 ) ;
#2361 = DIRECTION ( 'NONE',  ( -0.000000000000000000, -0.000000000000000000, -1.000000000000000000 ) ) ;
#2362 = CARTESIAN_POINT ( 'NONE',  ( 0.8560047955232551464, 1.080000000000000071, 1.356004795523255479 ) ) ;
#2363 = ORIENTED_EDGE ( 'NONE', *, *, #2752, .F. ) ;
#2364 = CARTESIAN_POINT ( 'NONE',  ( -1.350000000000003864, 0.1000000000000000472, -0.3250000000000001776 ) ) ;
#2365 = CARTESIAN_POINT ( 'NONE',  ( -1.001698289667305009, 0.9281406144060251329, 1.616987393982534771 ) ) ;
#2366 = ORIENTED_EDGE ( 'NONE', *, *, #5586, .F. ) ;
#2367 = CARTESIAN_POINT ( 'NONE',  ( 0.9307537438919545325, 1.062148581733225905, -1.454885956658888313 ) ) ;
#2368 = DIRECTION ( 'NONE',  ( -0.000000000000000000, -1.000000000000000000, -0.000000000000000000 ) ) ;
#2369 = CARTESIAN_POINT ( 'NONE',  ( 1.091840223428638401, 0.8381249224547550059, 1.620095855837998311 ) ) ;
#2370 = LINE ( 'NONE', #2800, #473 ) ;
#2371 = ORIENTED_EDGE ( 'NONE', *, *, #732, .F. ) ;
#2372 = CARTESIAN_POINT ( 'NONE',  ( -1.110984259091053916, 0.9333068753254383232, -1.517237043221800308 ) ) ;
#2373 = DIRECTION ( 'NONE',  ( -0.000000000000000000, 1.000000000000000000, 0.000000000000000000 ) ) ;
#2374 = ORIENTED_EDGE ( 'NONE', *, *, #2501, .F. ) ;
#2375 = MECHANICAL_DESIGN_GEOMETRIC_PRESENTATION_REPRESENTATION (  '', ( #27 ), #1048 ) ;
#2376 = CARTESIAN_POINT ( 'NONE',  ( 0.6999999999999929612, 0.000000000000000000, 1.474999999999999645 ) ) ;
#2377 = DIRECTION ( 'NONE',  ( 0.000000000000000000, -0.000000000000000000, 1.000000000000000000 ) ) ;
#2378 = CARTESIAN_POINT ( 'NONE',  ( 1.084715230923319895, 0.9425429518083948688, -1.560627220510956370 ) ) ;
#2379 = CARTESIAN_POINT ( 'NONE',  ( -0.8668889709759834972, 1.079999999999999849, 1.370393230706652643 ) ) ;
#2380 = B_SPLINE_SURFACE_WITH_KNOTS ( 'NONE', 3, 3, ( 
 ( #1906, #4420, #1320, #2684, #3121, #5289, #4489, #4924, #3296, #5538, #5128, #613 ),
 ( #891, #2315, #1754, #4057, #4478, #4554, #4095, #4516, #1888, #2749, #3173, #1004 ),
 ( #2785, #4908, #3637, #1456, #1935, #2394, #679, #331, #5599, #5069, #5007, #5504 ),
 ( #2510, #5105, #748, #3685, #5423, #221, #2434, #2869, #3730, #4200, #5615, #795 ),
 ( #4084, #810, #1204, #2132, #4765, #4343, #3011, #3928, #4378, #434, #5165, #3368 ),
 ( #396, #1673, #2201, #1592, #2087, #619, #2882, #1989, #146, #4068, #554, #586 ),
 ( #3279, #3694, #2445, #2717, #4172, #69, #521, #1014, #3645, #976, #230, #4485 ),
 ( #1898, #938, #2365, #4985, #3742, #4563, #1391, #4918, #102, #2325, #2757, #4102 ),
 ( #5393, #1055, #4522, #3212, #1465, #1943, #2405, #4598, #5014, #5437, #652, #688 ),
 ( #3316, #3790, #1124, #724, #1539, #4678, #1574, #5044, #5517, #4249, #306, #2030 ),
 ( #2486, #2340, #1367, #2735, #2772, #1825, #3161, #1869, #3583, #568, #4081, #119 ),
 ( #4500, #5336, #989, #3031, #2620, #5296, #380, #4429, #2993, #535, #4040, #5694 ),
 ( #4864, #3957, #1697, #420, #5264, #5224, #4361, #458, #2184, #4788, #2264, #1225 ),
 ( #1331, #1657, #5185, #4465, #42, #4399, #876, #1612, #1298, #834, #4898, #912 ),
 ( #4000, #2112, #1737, #2224, #495, #3506, #2693, #3391, #3869, #595, #3414, #5250 ),
 ( #1250, #3899, #1023, #2251, #2682, #3119, #2642, #3086, #3617, #1432, #3216, #2176 ),
 ( #3451, #5138, #1726, #1506, #4257, #1953, #2038, #3705, #3753, #2410, #4687, #2845 ),
 ( #4179, #4607, #5021, #5444, #5470, #749, #2436, #3822, #1047, #4163, #2547, #2873 ),
 ( #2022, #3239, #5070, #2476, #5008, #2907, #1183, #5506, #714, #1650, #412, #1256 ),
 ( #5219, #1326, #3946, #4531, #4958, #1362, #4494, #4609, #3657, #1436, #1400, #5447 ),
 ( #597, #237, #1099, #1999, #3290, #3756, #4829, #2668, #2922, #2964, #2824, #91 ),
 ( #1281, #5131, #3891, #815, #3046, #3441, #4805, #858, #1721, #2636, #4841, #4882 ),
 ( #5246, #478, #2675, #3113, #3649, #1427, #4212, #4135, #4987, #5046, #2885, #3698 ),
 ( #1541, #4173, #5396, #5481, #3747, #195, #1991, #271, #620, #2407, #2447, #1057 ),
 ( #3282, #690, #4641, #1468, #5015, #1016, #2842, #3245, #1126, #654, #1094, #587 ),
 ( #232, #1900, #4601, #5439, #1501, #1872, #165, #1071, #605, #1035, #2856, #246 ),
 ( #4577, #3669, #1443, #1922, #2379, #1482, #634, #1965, #4117, #4539, #2818, #1105 ),
 ( #3225, #2422, #993, #4998, #4151, #4186, #2775, #3717, #4617, #5409, #3259, #5031 ) ),
 .UNSPECIFIED., .F., .F., .F.,
 ( 4, 2, 2, 2, 2, 2, 2, 2, 2, 2, 2, 2, 2, 4 ),
 ( 4, 2, 1, 2, 1, 2, 4 ),
 ( 0.000000000000000000, 0.1158159856475423494, 0.1737239784713135171, 0.2316319712950846987, 0.3598040221045777920, 0.4238900475093243525, 0.4879760729140708575, 0.5537782781889781791, 0.6195804834638853897, 0.6853826887387926003, 0.7511848940136999220, 0.8133886705102748582, 0.8755924470068499055, 1.000000000000000000 ),
 ( 0.000000000000000000, 0.1250000000000000000, 0.2500000000000000000, 0.5000000000000000000, 0.7500000000000000000, 0.8750000000000000000, 1.000000000000000000 ),
 .UNSPECIFIED. ) ;
#2381 = ORIENTED_EDGE ( 'NONE', *, *, #1075, .T. ) ;
#2382 = ORIENTED_EDGE ( 'NONE', *, *, #2329, .F. ) ;
#2383 = DIRECTION ( 'NONE',  ( 0.000000000000000000, -1.000000000000000000, 0.000000000000000000 ) ) ;
#2384 = AXIS2_PLACEMENT_3D ( 'NONE', #1722, #3488, #4418 ) ;
#2385 = CARTESIAN_POINT ( 'NONE',  ( -0.9420549398180798617, 1.024612214386798392, -1.530062142762940169 ) ) ;
#2386 = EDGE_LOOP ( 'NONE', ( #1812, #4493, #751, #2555 ) ) ;
#2387 = EDGE_CURVE ( 'NONE', #1875, #3595, #5552, .T. ) ;
#2388 = AXIS2_PLACEMENT_3D ( 'NONE', #1714, #5164, #3139 ) ;
#2389 = CARTESIAN_POINT ( 'NONE',  ( 1.499999999999999778, 0.000000000000000000, 2.000000000000000000 ) ) ;
#2390 = CARTESIAN_POINT ( 'NONE',  ( 0.8560047955232551464, 1.080000000000000071, -1.356004795523254813 ) ) ;
#2391 = CARTESIAN_POINT ( 'NONE',  ( 0.7000000000000038414, 0.000000000000000000, -0.8250000000000011768 ) ) ;
#2392 = CARTESIAN_POINT ( 'NONE',  ( -0.9999999999999978906, 0.7957007868728830369, -1.655593655949627374 ) ) ;
#2393 = CYLINDRICAL_SURFACE ( 'NONE', #2634, 0.1250000000000001110 ) ;
#2394 = CARTESIAN_POINT ( 'NONE',  ( -1.091840219740587870, 0.8381249222323281511, 1.620095858777595543 ) ) ;
#2395 = VERTEX_POINT ( 'NONE', #791 ) ;
#2396 = ORIENTED_EDGE ( 'NONE', *, *, #4036, .T. ) ;
#2397 = CARTESIAN_POINT ( 'NONE',  ( -0.8855402630711023404, 1.078771929030121202, -1.378324943499362965 ) ) ;
#2398 = DIRECTION ( 'NONE',  ( 0.000000000000000000, 0.000000000000000000, 1.000000000000000000 ) ) ;
#2399 = ORIENTED_EDGE ( 'NONE', *, *, #3729, .F. ) ;
#2400 = DIRECTION ( 'NONE',  ( -1.000000000000000000, -0.000000000000000000, -3.169206350342249222E-15 ) ) ;
#2401 = CARTESIAN_POINT ( 'NONE',  ( 1.067889381067830490, 0.9926071408509673510, 1.460441190235969300 ) ) ;
#2402 = ORIENTED_EDGE ( 'NONE', *, *, #5679, .F. ) ;
#2403 = EDGE_CURVE ( 'NONE', #4528, #4288, #3484, .T. ) ;
#2404 = CARTESIAN_POINT ( 'NONE',  ( -0.9382681790367950470, 1.029821055745151925, 1.522363922971470940 ) ) ;
#2405 = CARTESIAN_POINT ( 'NONE',  ( -1.073863568481724817, 0.9597915453475996950, 1.550833273590644712 ) ) ;
#2406 = CARTESIAN_POINT ( 'NONE',  ( -0.5500000000000002665, 0.6764466094067260737, -1.050000000000000044 ) ) ;
#2407 = CARTESIAN_POINT ( 'NONE',  ( -0.9235488887091511945, 1.072320289144420125, 1.394113568966359296 ) ) ;
#2408 = ORIENTED_EDGE ( 'NONE', *, *, #351, .F. ) ;
#2409 = CARTESIAN_POINT ( 'NONE',  ( 0.9858820655118528675, 0.9691775053911638738, 1.588493158948549144 ) ) ;
#2410 = CARTESIAN_POINT ( 'NONE',  ( -1.016278140543081410, 1.033648998707017652, 1.446189789975115270 ) ) ;
#2411 = PLANE ( 'NONE',  #3381 ) ;
#2412 = AXIS2_PLACEMENT_3D ( 'NONE', #736, #1169, #2497 ) ;
#2413 = ORIENTED_EDGE ( 'NONE', *, *, #2827, .T. ) ;
#2414 = EDGE_CURVE ( 'NONE', #3813, #2777, #1621, .T. ) ;
#2415 = CARTESIAN_POINT ( 'NONE',  ( -1.109045746409838884, 0.9425015193659957990, -1.488479265164464715 ) ) ;
#2416 = DIRECTION ( 'NONE',  ( 0.000000000000000000, 0.000000000000000000, 1.000000000000000000 ) ) ;
#2417 = VERTEX_POINT ( 'NONE', #833 ) ;
#2418 = DIRECTION ( 'NONE',  ( 0.000000000000000000, 0.000000000000000000, 1.000000000000000000 ) ) ;
#2419 = DIRECTION ( 'NONE',  ( 0.000000000000000000, 1.000000000000000000, 0.000000000000000000 ) ) ;
#2420 = DIRECTION ( 'NONE',  ( 0.000000000000000000, -1.000000000000000000, 0.000000000000000000 ) ) ;
#2421 = CARTESIAN_POINT ( 'NONE',  ( 0.9986486494171566974, 0.9740142310689775540, -1.581863748628181909 ) ) ;
#2422 = CARTESIAN_POINT ( 'NONE',  ( -0.8560047955232547023, 1.080000000000000071, 1.356004795523254813 ) ) ;
#2423 = CARTESIAN_POINT ( 'NONE',  ( 1.005523948760103314, 1.040344853630859712, 1.430025925408803467 ) ) ;
#2424 = ORIENTED_EDGE ( 'NONE', *, *, #3023, .F. ) ;
#2425 = CARTESIAN_POINT ( 'NONE',  ( 1.155565732378240451, 0.7962336003553267538, 1.510194610458956310 ) ) ;
#2426 = CARTESIAN_POINT ( 'NONE',  ( -1.017987249464089805, 1.031511124183319250, -1.459066958133569569 ) ) ;
#2427 = EDGE_CURVE ( 'NONE', #1474, #1787, #5377, .T. ) ;
#2428 = VERTEX_POINT ( 'NONE', #378 ) ;
#2429 = DIRECTION ( 'NONE',  ( -0.000000000000000000, -1.000000000000000000, -0.000000000000000000 ) ) ;
#2430 = DIRECTION ( 'NONE',  ( 0.000000000000000000, 0.000000000000000000, -1.000000000000000000 ) ) ;
#2431 = DIRECTION ( 'NONE',  ( 0.000000000000000000, 0.000000000000000000, -1.000000000000000000 ) ) ;
#2432 = CARTESIAN_POINT ( 'NONE',  ( -0.9699745062171294396, 0.9708480168051749626, -1.587732609982513088 ) ) ;
#2433 = VECTOR ( 'NONE', #3147, 1000.000000000000000 ) ;
#2434 = CARTESIAN_POINT ( 'NONE',  ( -1.111747720320336086, 0.8711313494081500686, 1.584345635301884103 ) ) ;
#2435 = VERTEX_POINT ( 'NONE', #4428 ) ;
#2436 = CARTESIAN_POINT ( 'NONE',  ( -0.9766606547461356147, 1.049496022030284248, 1.463959543632403770 ) ) ;
#2437 = ORIENTED_EDGE ( 'NONE', *, *, #1022, .T. ) ;
#2438 = DIRECTION ( 'NONE',  ( 1.000000000000000000, -0.000000000000000000, 4.003208021484939327E-15 ) ) ;
#2439 =( GEOMETRIC_REPRESENTATION_CONTEXT ( 3 ) GLOBAL_UNCERTAINTY_ASSIGNED_CONTEXT ( ( #369 ) ) GLOBAL_UNIT_ASSIGNED_CONTEXT ( ( #5066, #2058, #2980 ) ) REPRESENTATION_CONTEXT ( 'NONE', 'WORKASPACE' ) );
#2440 = LINE ( 'NONE', #1805, #2433 ) ;
#2441 = CARTESIAN_POINT ( 'NONE',  ( 1.349999999999996092, 0.000000000000000000, -0.3250000000000000111 ) ) ;
#2442 = PLANE ( 'NONE',  #503 ) ;
#2443 = ORIENTED_EDGE ( 'NONE', *, *, #2270, .F. ) ;
#2444 = CARTESIAN_POINT ( 'NONE',  ( -0.8784260034539776996, 1.077109238426195326, 1.401316981664668893 ) ) ;
#2445 = CARTESIAN_POINT ( 'NONE',  ( -1.008512752947695379, 0.9003771645579529137, 1.630096843869060397 ) ) ;
#2446 = FILL_AREA_STYLE ('',( #1466 ) ) ;
#2447 = CARTESIAN_POINT ( 'NONE',  ( -0.9250181793047276280, 1.072012350688138271, 1.392562260098582305 ) ) ;
#2448 = CARTESIAN_POINT ( 'NONE',  ( 1.010194610458957198, 0.7962336003553269759, -1.655565732378240451 ) ) ;
#2449 = ORIENTED_EDGE ( 'NONE', *, *, #5022, .T. ) ;
#2450 = SURFACE_STYLE_USAGE ( .BOTH. , #4683 ) ;
#2451 = CARTESIAN_POINT ( 'NONE',  ( 1.040052261320659088, 0.9398297381114011362, 1.600233162554922206 ) ) ;
#2452 = CARTESIAN_POINT ( 'NONE',  ( 0.9017644173490937387, 1.067387403260767087, 1.442457792577082065 ) ) ;
#2453 = FACE_OUTER_BOUND ( 'NONE', #4628, .T. ) ;
#2454 = ORIENTED_EDGE ( 'NONE', *, *, #1266, .F. ) ;
#2455 = CARTESIAN_POINT ( 'NONE',  ( -0.9794079066253820187, 0.9663642124726491422, -1.591405377511294184 ) ) ;
#2456 = DIRECTION ( 'NONE',  ( -1.000000000000000000, 0.000000000000000000, -4.818676322157851609E-16 ) ) ;
#2457 = ORIENTED_EDGE ( 'NONE', *, *, #621, .T. ) ;
#2458 = CARTESIAN_POINT ( 'NONE',  ( -1.349999999999996092, 0.1000000000000000056, -0.8250000000000081712 ) ) ;
#2459 = CARTESIAN_POINT ( 'NONE',  ( 1.000000000000000222, 0.4599563724130428799, -1.500000000000000000 ) ) ;
#2460 = CARTESIAN_POINT ( 'NONE',  ( -0.3249999999999999001, 0.1000000000000000056, 1.849999999999999867 ) ) ;
#2461 = CARTESIAN_POINT ( 'NONE',  ( 0.9604411902357383735, 0.9926071408507474159, -1.567889381068051646 ) ) ;
#2462 = LINE ( 'NONE', #1598, #572 ) ;
#2463 = EDGE_CURVE ( 'NONE', #1630, #880, #3684, .T. ) ;
#2464 = ORIENTED_EDGE ( 'NONE', *, *, #1521, .F. ) ;
#2465 = CARTESIAN_POINT ( 'NONE',  ( 1.155593655949627374, 0.7957007868728831479, 1.499999999999997780 ) ) ;
#2466 = STYLED_ITEM ( 'NONE', ( #1170 ), #3281 ) ;
#2467 = CARTESIAN_POINT ( 'NONE',  ( -0.9767405477249494483, 1.041357454755688527, -1.490828186671684596 ) ) ;
#2468 = ORIENTED_EDGE ( 'NONE', *, *, #578, .F. ) ;
#2469 = CARTESIAN_POINT ( 'NONE',  ( 0.6999999999999921840, 0.1000000000000000056, 0.8249999999999999556 ) ) ;
#2470 = SURFACE_STYLE_USAGE ( .BOTH. , #1490 ) ;
#2471 = CARTESIAN_POINT ( 'NONE',  ( -1.350000000000006972, 0.000000000000000000, 1.474999999999999867 ) ) ;
#2472 = PLANE ( 'NONE',  #3221 ) ;
#2473 = LINE ( 'NONE', #215, #4374 ) ;
#2474 = CARTESIAN_POINT ( 'NONE',  ( 0.9446239753061080879, 1.059845751267190161, -1.455080998393340375 ) ) ;
#2475 = EDGE_LOOP ( 'NONE', ( #1711, #5529, #4674, #1794 ) ) ;
#2476 = CARTESIAN_POINT ( 'NONE',  ( -0.9387424181353224428, 1.049599250481205059, 1.486490587765824323 ) ) ;
#2477 = CARTESIAN_POINT ( 'NONE',  ( 0.9452321873307552025, 1.066241819420550296, 1.412728072632101428 ) ) ;
#2478 = AXIS2_PLACEMENT_3D ( 'NONE', #3357, #2593, #2189 ) ;
#2479 = ORIENTED_EDGE ( 'NONE', *, *, #2192, .F. ) ;
#2480 = DIRECTION ( 'NONE',  ( -1.000000000000000000, 0.000000000000000000, 0.000000000000000000 ) ) ;
#2481 = EDGE_CURVE ( 'NONE', #1683, #3272, #1582, .T. ) ;
#2482 = VECTOR ( 'NONE', #441, 1000.000000000000000 ) ;
#2483 = CARTESIAN_POINT ( 'NONE',  ( 0.000000000000000000, 0.1000000000000000056, 0.000000000000000000 ) ) ;
#2484 = CARTESIAN_POINT ( 'NONE',  ( 1.119993018118066619, 0.9238620626119149470, -1.484995501783432648 ) ) ;
#2485 = ORIENTED_EDGE ( 'NONE', *, *, #2827, .F. ) ;
#2486 = CARTESIAN_POINT ( 'NONE',  ( -0.9699745062173799059, 0.9708480168053993387, 1.587732609982328569 ) ) ;
#2487 = CARTESIAN_POINT ( 'NONE',  ( 1.350000000000002753, 1.019238815542514276, -0.8249999999999989564 ) ) ;
#2488 = AXIS2_PLACEMENT_3D ( 'NONE', #3553, #94, #1083 ) ;
#2489 = CARTESIAN_POINT ( 'NONE',  ( -0.7000000000000041744, 0.000000000000000000, 0.3249999999999997891 ) ) ;
#2490 = CARTESIAN_POINT ( 'NONE',  ( 1.114110588177747774, 0.9109700871670004529, 1.550033570933514238 ) ) ;
#2491 = ADVANCED_FACE ( 'NONE', ( #3496 ), #1735, .T. ) ;
#2492 = EDGE_CURVE ( 'NONE', #3687, #2314, #3605, .T. ) ;
#2493 = CARTESIAN_POINT ( 'NONE',  ( -1.350000000000007638, 0.1000000000000000056, 0.8249999999999997335 ) ) ;
#2494 = ORIENTED_EDGE ( 'NONE', *, *, #2518, .T. ) ;
#2495 = CARTESIAN_POINT ( 'NONE',  ( 1.349999999999996092, 1.019238815542514276, -0.3250000000000000111 ) ) ;
#2496 = CARTESIAN_POINT ( 'NONE',  ( 0.3249999999999998446, 0.000000000000000000, -1.200000000000000178 ) ) ;
#2497 = DIRECTION ( 'NONE',  ( 0.000000000000000000, 0.000000000000000000, 1.000000000000000000 ) ) ;
#2498 = CARTESIAN_POINT ( 'NONE',  ( -1.149999999999995914, 1.019238815542514276, -1.475000000000000977 ) ) ;
#2499 = CARTESIAN_POINT ( 'NONE',  ( 1.040726233912553811, 1.014755511334729077, -1.473392509560921715 ) ) ;
#2500 = LINE ( 'NONE', #3525, #2576 ) ;
#2501 = EDGE_CURVE ( 'NONE', #5549, #2065, #1705, .T. ) ;
#2502 = CARTESIAN_POINT ( 'NONE',  ( 0.9945034976763490464, 1.045492389081169149, 1.443898435563959470 ) ) ;
#2503 = VERTEX_POINT ( 'NONE', #5183 ) ;
#2504 = CARTESIAN_POINT ( 'NONE',  ( 1.095498502216584180, 0.7990653471991325807, 1.624294789212310297 ) ) ;
#2505 = CARTESIAN_POINT ( 'NONE',  ( -1.033229320659261763, 1.020660044998531912, -1.468716975039495054 ) ) ;
#2506 = FILL_AREA_STYLE ('',( #674 ) ) ;
#2507 = CARTESIAN_POINT ( 'NONE',  ( 0.8693398838802497419, 1.080000000000000071, -1.367938173698966198 ) ) ;
#2508 = DIRECTION ( 'NONE',  ( -1.000000000000000000, 0.000000000000000000, 0.000000000000000000 ) ) ;
#2509 = DIRECTION ( 'NONE',  ( 0.000000000000000000, 0.000000000000000000, 1.000000000000000000 ) ) ;
#2510 = CARTESIAN_POINT ( 'NONE',  ( -0.9964816022371718596, 0.8587594498998009085, 1.645438373727802439 ) ) ;
#2511 = VERTEX_POINT ( 'NONE', #2557 ) ;
#2512 = CARTESIAN_POINT ( 'NONE',  ( 0.9173029923103021011, 1.053510477786042010, 1.479690413285761563 ) ) ;
#2513 = DIRECTION ( 'NONE',  ( -1.000000000000000000, 0.000000000000000000, -0.000000000000000000 ) ) ;
#2514 = CARTESIAN_POINT ( 'NONE',  ( -0.6749999999999992673, 1.320000000000000062, -0.3000000000000000444 ) ) ;
#2515 = LINE ( 'NONE', #1453, #4446 ) ;
#2516 = CARTESIAN_POINT ( 'NONE',  ( -1.141389282800315152, 0.7986028572987723395, -1.569579175623120770 ) ) ;
#2517 = EDGE_LOOP ( 'NONE', ( #956, #62, #3824, #3931 ) ) ;
#2518 = EDGE_CURVE ( 'NONE', #4530, #423, #5387, .T. ) ;
#2519 = ADVANCED_FACE ( 'NONE', ( #3467 ), #2223, .F. ) ;
#2520 = AXIS2_PLACEMENT_3D ( 'NONE', #1137, #5126, #4306 ) ;
#2521 = CARTESIAN_POINT ( 'NONE',  ( -1.179999999999999716, 0.3300000000000000155, 1.499999999999997780 ) ) ;
#2522 = CARTESIAN_POINT ( 'NONE',  ( -0.6749999999999992673, 1.320000000000000062, 1.300000000000000044 ) ) ;
#2523 = CARTESIAN_POINT ( 'NONE',  ( 1.050033561702362617, 0.9109700836175942396, 1.614110589445113764 ) ) ;
#2524 = CARTESIAN_POINT ( 'NONE',  ( 0.9421385126552531686, 1.024912077892111695, 1.530251031690304186 ) ) ;
#2525 = CARTESIAN_POINT ( 'NONE',  ( -1.350000000000006972, 0.1000000000000000472, 1.474999999999999867 ) ) ;
#2526 = LINE ( 'NONE', #3081, #4422 ) ;
#2527 = ORIENTED_EDGE ( 'NONE', *, *, #3651, .F. ) ;
#2528 = CARTESIAN_POINT ( 'NONE',  ( -1.081863748628229205, 0.9740142310688415517, -1.498648649417093637 ) ) ;
#2529 = CARTESIAN_POINT ( 'NONE',  ( -1.350000000000006972, 0.1000000000000000056, 1.474999999999999867 ) ) ;
#2530 = DIRECTION ( 'NONE',  ( 0.000000000000000000, 1.000000000000000000, 0.000000000000000000 ) ) ;
#2531 = CARTESIAN_POINT ( 'NONE',  ( -0.9999999999999976685, 0.3300000000000000155, -1.800000000000000044 ) ) ;
#2532 = PLANE ( 'NONE',  #4110 ) ;
#2533 = EDGE_CURVE ( 'NONE', #4082, #2603, #5358, .T. ) ;
#2534 = CARTESIAN_POINT ( 'NONE',  ( 1.065072610436786471, 0.9954149142057839850, -1.466032778645036894 ) ) ;
#2535 = PRESENTATION_LAYER_ASSIGNMENT (  '', '', ( #3072 ) ) ;
#2536 = ADVANCED_FACE ( 'NONE', ( #5473 ), #3868, .F. ) ;
#2537 = FACE_OUTER_BOUND ( 'NONE', #1802, .T. ) ;
#2538 = ORIENTED_EDGE ( 'NONE', *, *, #4247, .F. ) ;
#2539 = CARTESIAN_POINT ( 'NONE',  ( -0.9200988463837529441, 1.054566354949360463, -1.477346486355367805 ) ) ;
#2540 = DIRECTION ( 'NONE',  ( 0.000000000000000000, 0.000000000000000000, -1.000000000000000000 ) ) ;
#2541 = CARTESIAN_POINT ( 'NONE',  ( -1.149999999999995914, 0.000000000000000000, -1.475000000000000977 ) ) ;
#2542 =( NAMED_UNIT ( * ) PLANE_ANGLE_UNIT ( ) SI_UNIT ( $, .RADIAN. ) );
#2543 = CARTESIAN_POINT ( 'NONE',  ( 0.000000000000000000, 0.1000000000000000056, 0.000000000000000000 ) ) ;
#2544 = AXIS2_PLACEMENT_3D ( 'NONE', #2271, #2820, #540 ) ;
#2545 = ORIENTED_EDGE ( 'NONE', *, *, #5526, .F. ) ;
#2546 = EDGE_CURVE ( 'NONE', #2428, #3813, #3601, .T. ) ;
#2547 = CARTESIAN_POINT ( 'NONE',  ( -1.002859767095459764, 1.041870047429086066, 1.433535160614656689 ) ) ;
#2548 = CARTESIAN_POINT ( 'NONE',  ( 0.9041423583170646872, 1.064016118123614518, 1.453059464202305584 ) ) ;
#2549 = CARTESIAN_POINT ( 'NONE',  ( 0.9964816022370854842, 0.8587594498997609405, -1.645438373727814874 ) ) ;
#2550 = CARTESIAN_POINT ( 'NONE',  ( -0.7000000000000037303, 0.000000000000000000, -0.3250000000000001776 ) ) ;
#2551 = UNCERTAINTY_MEASURE_WITH_UNIT (LENGTH_MEASURE( 1.000000000000000082E-05 ), #4534, 'distance_accuracy_value', 'NONE');
#2552 = VECTOR ( 'NONE', #935, 1000.000000000000000 ) ;
#2553 = CARTESIAN_POINT ( 'NONE',  ( -0.3249999999999998446, 0.000000000000000000, -1.200000000000000178 ) ) ;
#2554 = CARTESIAN_POINT ( 'NONE',  ( 1.091897313181220852, 0.9656262636800339028, -1.471865759537766882 ) ) ;
#2555 = ORIENTED_EDGE ( 'NONE', *, *, #2122, .F. ) ;
#2556 = CARTESIAN_POINT ( 'NONE',  ( 0.9999999999999981126, 0.4599563724130460995, -1.803367680097882175 ) ) ;
#2557 = CARTESIAN_POINT ( 'NONE',  ( -0.5500000000000002665, 1.030000000000000027, -1.175000000000000266 ) ) ;
#2558 = EDGE_CURVE ( 'NONE', #128, #1875, #1564, .T. ) ;
#2559 = CARTESIAN_POINT ( 'NONE',  ( 1.137070422586346163, 0.8372100364373328274, -1.566584643400431576 ) ) ;
#2560 = DIRECTION ( 'NONE',  ( -8.340016711426958247E-16, -0.000000000000000000, 1.000000000000000000 ) ) ;
#2561 = CARTESIAN_POINT ( 'NONE',  ( 1.074742497493837323, 0.9855708825236553228, 1.463744884446339434 ) ) ;
#2562 = FACE_OUTER_BOUND ( 'NONE', #402, .T. ) ;
#2563 = ORIENTED_EDGE ( 'NONE', *, *, #4917, .F. ) ;
#2564 = DIRECTION ( 'NONE',  ( 1.000000000000000000, 0.000000000000000000, 0.000000000000000000 ) ) ;
#2565 = CARTESIAN_POINT ( 'NONE',  ( 0.000000000000000000, 1.080000000000000071, -1.356004795523255479 ) ) ;
#2566 = AXIS2_PLACEMENT_3D ( 'NONE', #5293, #5368, #159 ) ;
#2567 = DIRECTION ( 'NONE',  ( -1.167602339599774431E-15, 0.000000000000000000, -1.000000000000000000 ) ) ;
#2568 = CARTESIAN_POINT ( 'NONE',  ( 0.9983820670584346857, 1.007347948419186068, -1.544516295728000310 ) ) ;
#2569 = VECTOR ( 'NONE', #4066, 1000.000000000000000 ) ;
#2570 = ORIENTED_EDGE ( 'NONE', *, *, #3988, .F. ) ;
#2571 = CARTESIAN_POINT ( 'NONE',  ( -0.9180742390199694292, 1.059059012585985782, -1.466318868705769995 ) ) ;
#2572 = EDGE_CURVE ( 'NONE', #2024, #2428, #1877, .T. ) ;
#2573 = CARTESIAN_POINT ( 'NONE',  ( 0.9999999999999981126, 0.4599563724130460995, 1.803367680097882175 ) ) ;
#2574 = CARTESIAN_POINT ( 'NONE',  ( -1.500000000000000222, 0.2300000000000000100, -2.000000000000000000 ) ) ;
#2575 = ADVANCED_FACE ( 'NONE', ( #1901 ), #4326, .T. ) ;
#2576 = VECTOR ( 'NONE', #5283, 1000.000000000000000 ) ;
#2577 = CARTESIAN_POINT ( 'NONE',  ( 0.9133116112695636168, 1.069716948358834685, -1.431656304474427044 ) ) ;
#2578 = MECHANICAL_DESIGN_GEOMETRIC_PRESENTATION_REPRESENTATION (  '', ( #1575 ), #4432 ) ;
#2579 = ORIENTED_EDGE ( 'NONE', *, *, #5352, .F. ) ;
#2580 = CARTESIAN_POINT ( 'NONE',  ( 0.9663188549887031797, 1.059059017460297625, 1.418074254946560364 ) ) ;
#2581 = DIRECTION ( 'NONE',  ( -0.000000000000000000, -1.000000000000000000, -0.000000000000000000 ) ) ;
#2582 = CARTESIAN_POINT ( 'NONE',  ( 1.499999999999999778, 0.2300000000000000100, 2.000000000000000000 ) ) ;
#2583 = VECTOR ( 'NONE', #2071, 1000.000000000000000 ) ;
#2584 = CARTESIAN_POINT ( 'NONE',  ( 1.499999999999999778, 0.2300000000000000100, 2.000000000000000000 ) ) ;
#2585 = EDGE_CURVE ( 'NONE', #3773, #8, #64, .T. ) ;
#2586 = EDGE_LOOP ( 'NONE', ( #2709, #2751, #4608, #844 ) ) ;
#2587 = DIRECTION ( 'NONE',  ( 0.000000000000000000, 0.000000000000000000, 1.000000000000000000 ) ) ;
#2588 = AXIS2_PLACEMENT_3D ( 'NONE', #5344, #4551, #2199 ) ;
#2589 = CARTESIAN_POINT ( 'NONE',  ( 0.6999999999999929612, 0.1000000000000000056, 1.474999999999999645 ) ) ;
#2590 = CARTESIAN_POINT ( 'NONE',  ( 1.143294780560949908, 0.8625374357278892123, -1.515080377631830455 ) ) ;
#2591 = CARTESIAN_POINT ( 'NONE',  ( 0.9264999619788689689, 1.071660421240614891, -1.390986742180126301 ) ) ;
#2592 = CARTESIAN_POINT ( 'NONE',  ( 1.055294771899112805, 1.002083374055871223, 1.482400808046515861 ) ) ;
#2593 = DIRECTION ( 'NONE',  ( 0.000000000000000000, 1.000000000000000000, 0.000000000000000000 ) ) ;
#2594 = B_SPLINE_SURFACE_WITH_KNOTS ( 'NONE', 3, 3, ( 
 ( #2465, #2425, #4999, #5062, #635, #1107, #2504, #1968, #2009, #3672, #4154, #4580 ),
 ( #2858, #3719, #4191, #4073, #74, #2685, #594, #3991, #1289, #152, #4852, #1322 ),
 ( #4107, #2293, #945, #4566, #2725, #4421, #2369, #5362, #5252, #2765, #1907, #29 ),
 ( #527, #1396, #446, #558, #1021, #3122, #1431, #4030, #3533, #980, #4956, #1770 ),
 ( #3654, #485, #2805, #4889, #5290, #1361, #1731, #4490, #1815, #4990, #3154, #5684 ),
 ( #3571, #904, #2254, #4925, #867, #110, #3186, #3615, #5326, #1859, #2214, #2331 ),
 ( #4527, #2645, #3089, #3493, #2490, #2844, #4721, #2523, #1128, #4178, #1096, #4684 ),
 ( #3798, #1505, #1544, #3874, #4604, #2036, #1994, #2451, #3286, #3249, #5019, #5442 ),
 ( #235, #5117, #3355, #5569, #2919, #3838, #1579, #3323, #4217, #5083, #5525, #729 ),
 ( #658, #1951, #4256, #4646, #350, #5049, #313, #1161, #5483, #2409, #2116, #3751 ),
 ( #4300, #763, #1196, #4755, #2888, #3704, #275, #3395, #695, #2079, #2961, #1618 ),
 ( #2561, #2998, #4331, #5398, #200, #624, #1062, #1471, #5, #3468, #1785, #3587 ),
 ( #1336, #86, #4434, #2592, #424, #1702, #1227, #3067, #3961, #2187, #48, #5268 ),
 ( #4367, #4791, #2623, #3166, #3917, #3101, #2227, #3036, #4470, #2268, #881, #5189 ),
 ( #4866, #3130, #3509, #840, #1302, #4086, #5660, #1744, #4403, #4824, #5228, #3425 ),
 ( #1265, #1831, #461, #4901, #3543, #5300, #2659, #4045, #2696, #4005, #499, #916 ),
 ( #538, #959, #1371, #1661, #2305, #2738, #4504, #5155, #5618, #385, #797, #2156 ),
 ( #2423, #168, #701, #2502, #4272, #669, #435, #1384, #4284, #2177, #2908, #5139 ),
 ( #5602, #5471, #4671, #5641, #1566, #335, #680, #3859, #3307, #371, #2612, #5107 ),
 ( #781, #3053, #5507, #1214, #5174, #3380, #1532, #5071, #715, #260, #2064, #2512 ),
 ( #1643, #2143, #2580, #3783, #4239, #2947, #3452, #3346, #1150, #3024, #3900, #298 ),
 ( #2023, #1184, #1604, #2477, #4351, #409, #822, #3823, #1116, #1251, #2099, #2548 ),
 ( #4204, #4630, #2889, #1997, #591, #4028, #3087, #5251, #5287, #1097, #2452, #2330 ),
 ( #1287, #4457, #901, #4526, #2213, #5210, #4105, #3491, #28, #151, #2762, #526 ),
 ( #3287, #943, #2643, #1507, #3613, #3989, #1394, #3940, #4419, #3531, #4888, #5325 ),
 ( #73, #4810, #4850, #4923, #3120, #107, #5683, #484, #5360, #1319, #1358, #445 ),
 ( #1768, #557, #865, #1813, #2252, #1858, #1728, #2683, #3183, #4955, #3151, #2292 ),
 ( #2722, #3569, #4070, #4488, #314, #4332, #3875, #4757, #2920, #3324, #1163, #1704 ) ),
 .UNSPECIFIED., .F., .F., .F.,
 ( 4, 2, 2, 2, 2, 2, 2, 2, 2, 2, 2, 2, 2, 4 ),
 ( 4, 2, 1, 2, 1, 2, 4 ),
 ( 0.000000000000000000, 0.1158159856476201899, 0.1737239784714302848, 0.2316319712952403798, 0.3598040221047854592, 0.4238900475095579989, 0.4879760729143305387, 0.5537782781892151007, 0.6195804834640997738, 0.6853826887389844469, 0.7511848940138690089, 0.8133886705104017567, 0.8755924470069345045, 1.000000000000000000 ),
 ( 0.000000000000000000, 0.1250000000000000000, 0.2500000000000000000, 0.5000000000000000000, 0.7500000000000000000, 0.8750000000000000000, 1.000000000000000000 ),
 .UNSPECIFIED. ) ;
#2595 = ORIENTED_EDGE ( 'NONE', *, *, #4394, .F. ) ;
#2596 = CARTESIAN_POINT ( 'NONE',  ( -1.050398159860239433, 1.008747580937063848, -1.458489994762052433 ) ) ;
#2597 = MECHANICAL_DESIGN_GEOMETRIC_PRESENTATION_REPRESENTATION (  '', ( #467 ), #5288 ) ;
#2598 = DIRECTION ( 'NONE',  ( -1.000000000000000000, -0.000000000000000000, -0.000000000000000000 ) ) ;
#2599 = DIRECTION ( 'NONE',  ( 1.000000000000000000, 0.000000000000000000, -0.000000000000000000 ) ) ;
#2600 = DIRECTION ( 'NONE',  ( 0.000000000000000000, 0.000000000000000000, -1.000000000000000000 ) ) ;
#2601 = CARTESIAN_POINT ( 'NONE',  ( 1.010249193623589559, 1.036452073028054643, -1.454073574417831693 ) ) ;
#2602 = ORIENTED_EDGE ( 'NONE', *, *, #4812, .T. ) ;
#2603 = VERTEX_POINT ( 'NONE', #2589 ) ;
#2604 = CARTESIAN_POINT ( 'NONE',  ( -0.9796904132860831949, 1.053510477785897237, -1.417302992310100818 ) ) ;
#2605 = PRESENTATION_LAYER_ASSIGNMENT (  '', '', ( #1398 ) ) ;
#2606 = ADVANCED_FACE ( 'NONE', ( #5578 ), #2619, .F. ) ;
#2607 = VECTOR ( 'NONE', #3004, 1000.000000000000000 ) ;
#2608 = EDGE_CURVE ( 'NONE', #3136, #4131, #1789, .T. ) ;
#2609 = FILL_AREA_STYLE_COLOUR ( '', #1769 ) ;
#2610 = EDGE_LOOP ( 'NONE', ( #2237, #548, #510, #2402 ) ) ;
#2611 = ORIENTED_EDGE ( 'NONE', *, *, #2250, .T. ) ;
#2612 = CARTESIAN_POINT ( 'NONE',  ( 0.9291092216831268180, 1.046370907984879084, 1.494494749319070559 ) ) ;
#2613 = PLANE ( 'NONE',  #4726 ) ;
#2614 = ADVANCED_FACE ( 'NONE', ( #1915 ), #4498, .T. ) ;
#2615 = VERTEX_POINT ( 'NONE', #954 ) ;
#2616 = CARTESIAN_POINT ( 'NONE',  ( -1.069579175271015981, 0.7986028572764651834, -1.641389282726772869 ) ) ;
#2617 = EDGE_LOOP ( 'NONE', ( #3958, #3793, #2080, #4618 ) ) ;
#2618 = DIRECTION ( 'NONE',  ( -1.000000000000000000, 0.000000000000000000, -0.000000000000000000 ) ) ;
#2619 = PLANE ( 'NONE',  #5298 ) ;
#2620 = CARTESIAN_POINT ( 'NONE',  ( -1.003239048080791340, 1.000921522789696150, 1.551288801758185620 ) ) ;
#2621 = CARTESIAN_POINT ( 'NONE',  ( 1.066584642307909281, 0.8372100367717424385, -1.637070424146312320 ) ) ;
#2622 = VECTOR ( 'NONE', #2004, 1000.000000000000000 ) ;
#2623 = CARTESIAN_POINT ( 'NONE',  ( 1.047295012681588977, 1.010961028600888989, 1.463520200510340263 ) ) ;
#2624 = DIRECTION ( 'NONE',  ( 0.000000000000000000, -0.000000000000000000, 1.000000000000000000 ) ) ;
#2625 = ORIENTED_EDGE ( 'NONE', *, *, #2481, .F. ) ;
#2626 = ORIENTED_EDGE ( 'NONE', *, *, #1446, .T. ) ;
#2627 = AXIS2_PLACEMENT_3D ( 'NONE', #23, #3016, #860 ) ;
#2628 = CARTESIAN_POINT ( 'NONE',  ( -1.044516295728064037, 1.007347948419071493, -1.498382067058374512 ) ) ;
#2629 = CARTESIAN_POINT ( 'NONE',  ( -0.9707913012675247755, 1.057342591155982170, 1.412909257551816067 ) ) ;
#2630 = CARTESIAN_POINT ( 'NONE',  ( 0.9545482524141103431, 1.015022361113129712, -1.542781040409297866 ) ) ;
#2631 = ORIENTED_EDGE ( 'NONE', *, *, #3832, .F. ) ;
#2632 = EDGE_LOOP ( 'NONE', ( #750, #2759, #5573, #823 ) ) ;
#2633 = CARTESIAN_POINT ( 'NONE',  ( -0.9393238699611401454, 1.067478318707820728, -1.419057743717058395 ) ) ;
#2634 = AXIS2_PLACEMENT_3D ( 'NONE', #272, #1993, #1428 ) ;
#2635 =( GEOMETRIC_REPRESENTATION_CONTEXT ( 3 ) GLOBAL_UNCERTAINTY_ASSIGNED_CONTEXT ( ( #694 ) ) GLOBAL_UNIT_ASSIGNED_CONTEXT ( ( #4250, #5479, #4103 ) ) REPRESENTATION_CONTEXT ( 'NONE', 'WORKASPACE' ) );
#2636 = CARTESIAN_POINT ( 'NONE',  ( -0.9491560360568989108, 1.065252615042863615, 1.408467139484679054 ) ) ;
#2637 = VECTOR ( 'NONE', #3365, 1000.000000000000000 ) ;
#2638 = DIRECTION ( 'NONE',  ( 1.000000000000000000, 0.000000000000000000, -0.000000000000000000 ) ) ;
#2639 =( LENGTH_UNIT ( ) NAMED_UNIT ( * ) SI_UNIT ( .MILLI., .METRE. ) );
#2640 = VERTEX_POINT ( 'NONE', #2812 ) ;
#2641 = VERTEX_POINT ( 'NONE', #3254 ) ;
#2642 = CARTESIAN_POINT ( 'NONE',  ( -0.9978348340585561083, 1.036876940881472864, 1.483059359236417407 ) ) ;
#2643 = CARTESIAN_POINT ( 'NONE',  ( 0.9149417092813252328, 1.074159270356913387, 1.389251739667684671 ) ) ;
#2644 = SURFACE_SIDE_STYLE ('',( #1276 ) ) ;
#2645 = CARTESIAN_POINT ( 'NONE',  ( 1.132146278713372478, 0.8976693934450818979, 1.499928938412665946 ) ) ;
#2646 = ADVANCED_FACE ( 'NONE', ( #3840 ), #5405, .T. ) ;
#2647 = DIRECTION ( 'NONE',  ( 0.000000000000000000, 0.000000000000000000, -1.000000000000000000 ) ) ;
#2648 = EDGE_CURVE ( 'NONE', #2640, #1833, #3876, .T. ) ;
#2649 = AXIS2_PLACEMENT_3D ( 'NONE', #1380, #3108, #3635 ) ;
#2650 = VERTEX_POINT ( 'NONE', #2851 ) ;
#2651 = CARTESIAN_POINT ( 'NONE',  ( -0.7000000000000077272, 1.019238815542514276, 0.8249999999999997335 ) ) ;
#2652 = DIRECTION ( 'NONE',  ( -1.000000000000000000, 0.000000000000000000, 1.000802005371234635E-15 ) ) ;
#2653 =( LENGTH_UNIT ( ) NAMED_UNIT ( * ) SI_UNIT ( .MILLI., .METRE. ) );
#2654 = EDGE_LOOP ( 'NONE', ( #2076, #4283, #2371, #4355 ) ) ;
#2655 = DIRECTION ( 'NONE',  ( 0.000000000000000000, -0.000000000000000000, 1.000000000000000000 ) ) ;
#2656 = PRODUCT_DEFINITION_SHAPE ( 'NONE', 'NONE',  #5143 ) ;
#2657 = CARTESIAN_POINT ( 'NONE',  ( 0.9991085631126152000, 0.8312873317204947377, -1.651995817079911832 ) ) ;
#2658 = MANIFOLD_SOLID_BREP ( 'Boss-Extrude6[3]', #1569 ) ;
#2659 = CARTESIAN_POINT ( 'NONE',  ( 0.9830593592363486843, 1.036876940881559239, 1.497834834058437758 ) ) ;
#2660 = ADVANCED_FACE ( 'NONE', ( #3884 ), #111, .T. ) ;
#2661 = CARTESIAN_POINT ( 'NONE',  ( 1.350000000000005196, 0.000000000000000000, -1.474999999999998979 ) ) ;
#2662 = AXIS2_PLACEMENT_3D ( 'NONE', #5489, #698, #4438 ) ;
#2663 = ORIENTED_EDGE ( 'NONE', *, *, #1861, .T. ) ;
#2664 = DIRECTION ( 'NONE',  ( 0.000000000000000000, -1.000000000000000000, 0.000000000000000000 ) ) ;
#2665 = VERTEX_POINT ( 'NONE', #4573 ) ;
#2666 = EDGE_CURVE ( 'NONE', #2511, #3142, #3947, .T. ) ;
#2667 = CARTESIAN_POINT ( 'NONE',  ( -1.065072611101224087, 0.9954149135488062905, -1.466032777502619622 ) ) ;
#2668 = CARTESIAN_POINT ( 'NONE',  ( -0.9548859964595007854, 1.062148574234598852, 1.430753700691571151 ) ) ;
#2669 = DIRECTION ( 'NONE',  ( 0.000000000000000000, 1.000000000000000000, 0.000000000000000000 ) ) ;
#2670 = CARTESIAN_POINT ( 'NONE',  ( 1.081130452819936361, 0.7988942090804055374, -1.638675522626384273 ) ) ;
#2671 = EDGE_LOOP ( 'NONE', ( #53, #1020, #3851, #4685 ) ) ;
#2672 = ORIENTED_EDGE ( 'NONE', *, *, #1892, .F. ) ;
#2673 = CARTESIAN_POINT ( 'NONE',  ( -0.9037175204228365955, 1.067867013964892253, -1.440658216950261972 ) ) ;
#2674 = EDGE_CURVE ( 'NONE', #4201, #1940, #153, .T. ) ;
#2675 = CARTESIAN_POINT ( 'NONE',  ( -0.9037175349211036268, 1.067867017640773852, 1.440658202986988767 ) ) ;
#2676 = CARTESIAN_POINT ( 'NONE',  ( -1.149999999999995914, 0.1000000000000000056, -1.475000000000000977 ) ) ;
#2677 = PLANE ( 'NONE',  #4693 ) ;
#2678 = DIRECTION ( 'NONE',  ( 0.000000000000000000, -0.000000000000000000, -1.000000000000000000 ) ) ;
#2679 = ORIENTED_EDGE ( 'NONE', *, *, #656, .T. ) ;
#2680 = ORIENTED_EDGE ( 'NONE', *, *, #864, .F. ) ;
#2681 = CARTESIAN_POINT ( 'NONE',  ( 0.9190577437170346364, 1.067478318707828056, -1.439323869960962510 ) ) ;
#2682 = CARTESIAN_POINT ( 'NONE',  ( -0.9714291955944039936, 1.035343851411756555, 1.508367859143223688 ) ) ;
#2683 = CARTESIAN_POINT ( 'NONE',  ( 0.8668889678451811021, 1.079999999999999849, 1.370393235728254222 ) ) ;
#2684 = CARTESIAN_POINT ( 'NONE',  ( -1.040289868200042767, 0.7975409522333158918, 1.650416234520021064 ) ) ;
#2685 = CARTESIAN_POINT ( 'NONE',  ( 1.123587751874041363, 0.8162511797678231318, 1.594931797919106442 ) ) ;
#2686 = DIRECTION ( 'NONE',  ( -0.000000000000000000, -1.000000000000000000, -0.000000000000000000 ) ) ;
#2687 = ORIENTED_EDGE ( 'NONE', *, *, #2558, .T. ) ;
#2688 = PLANE ( 'NONE',  #252 ) ;
#2689 = CARTESIAN_POINT ( 'NONE',  ( -1.004454591792065532, 0.8704586697747995760, -1.642056435415627735 ) ) ;
#2690 = DIRECTION ( 'NONE',  ( 0.000000000000000000, -1.000000000000000000, 0.000000000000000000 ) ) ;
#2691 = ORIENTED_EDGE ( 'NONE', *, *, #216, .F. ) ;
#2692 = CARTESIAN_POINT ( 'NONE',  ( -0.5500000000000002665, 1.030000000000000027, -1.050000000000000044 ) ) ;
#2693 = CARTESIAN_POINT ( 'NONE',  ( -1.011634339089905854, 1.026891169454044794, 1.495414960626877843 ) ) ;
#2694 = CARTESIAN_POINT ( 'NONE',  ( 1.140408405821219162, 0.8722597831837602955, -1.513606590205207603 ) ) ;
#2695 = AXIS2_PLACEMENT_3D ( 'NONE', #4676, #2912, #618 ) ;
#2696 = CARTESIAN_POINT ( 'NONE',  ( 0.9590669540228752288, 1.031511122344290099, 1.517987253188467278 ) ) ;
#2697 = VECTOR ( 'NONE', #2795, 1000.000000000000000 ) ;
#2698 = DIRECTION ( 'NONE',  ( 3.336006684570788525E-16, -0.000000000000000000, 1.000000000000000000 ) ) ;
#2699 = ORIENTED_EDGE ( 'NONE', *, *, #2891, .F. ) ;
#2700 = CARTESIAN_POINT ( 'NONE',  ( 1.155593655949627374, 0.7957007868728830369, -1.499999999999998002 ) ) ;
#2701 = ORIENTED_EDGE ( 'NONE', *, *, #4642, .F. ) ;
#2702 = CARTESIAN_POINT ( 'NONE',  ( -1.085168763718444840, 0.9739639340870028805, -1.476212498722399902 ) ) ;
#2703 = VECTOR ( 'NONE', #4506, 1000.000000000000000 ) ;
#2704 = DIRECTION ( 'NONE',  ( -4.170008355713479123E-16, -0.000000000000000000, 1.000000000000000000 ) ) ;
#2705 = CARTESIAN_POINT ( 'NONE',  ( 1.349999999999992317, 1.019238815542514276, 0.8249999999999999556 ) ) ;
#2706 = CARTESIAN_POINT ( 'NONE',  ( -0.9991085631125666833, 0.8312873317204797496, -1.651995817079914053 ) ) ;
#2707 = LINE ( 'NONE', #1824, #2767 ) ;
#2708 = ADVANCED_FACE ( 'NONE', ( #3975 ), #80, .F. ) ;
#2709 = ORIENTED_EDGE ( 'NONE', *, *, #3536, .T. ) ;
#2710 = EDGE_CURVE ( 'NONE', #1325, #5322, #2074, .T. ) ;
#2711 = ORIENTED_EDGE ( 'NONE', *, *, #4108, .T. ) ;
#2712 = PRODUCT_DEFINITION_FORMATION_WITH_SPECIFIED_SOURCE ( 'ANY', '', #1073, .NOT_KNOWN. ) ;
#2713 = CARTESIAN_POINT ( 'NONE',  ( -0.8721848614337920358, 1.080000000000000071, -1.365115995001222160 ) ) ;
#2714 = VECTOR ( 'NONE', #3394, 1000.000000000000000 ) ;
#2715 = DIRECTION ( 'NONE',  ( 4.818676322157851609E-16, 0.000000000000000000, -1.000000000000000000 ) ) ;
#2716 = PLANE ( 'NONE',  #5125 ) ;
#2717 = CARTESIAN_POINT ( 'NONE',  ( -1.025330818345462802, 0.9050562235448651460, 1.624563203812917633 ) ) ;
#2718 = DIRECTION ( 'NONE',  ( -4.003208021484939327E-15, -0.000000000000000000, 1.000000000000000000 ) ) ;
#2719 = ORIENTED_EDGE ( 'NONE', *, *, #5112, .F. ) ;
#2720 = ORIENTED_EDGE ( 'NONE', *, *, #3267, .F. ) ;
#2721 = CARTESIAN_POINT ( 'NONE',  ( 0.8997863920715198915, 1.066839277064807190, -1.444260357962521946 ) ) ;
#2722 = CARTESIAN_POINT ( 'NONE',  ( 0.8560047955232548134, 1.080000000000000071, 1.356004795523255479 ) ) ;
#2723 = STYLED_ITEM ( 'NONE', ( #2854 ), #4141 ) ;
#2724 = CYLINDRICAL_SURFACE ( 'NONE', #541, 0.2999999999999999334 ) ;
#2725 = CARTESIAN_POINT ( 'NONE',  ( 1.137070424146845227, 0.8372100367713404268, 1.566584642303466612 ) ) ;
#2726 = DIRECTION ( 'NONE',  ( -0.000000000000000000, -0.000000000000000000, 1.000000000000000000 ) ) ;
#2727 = EDGE_CURVE ( 'NONE', #3913, #3797, #175, .T. ) ;
#2728 = FACE_OUTER_BOUND ( 'NONE', #4153, .T. ) ;
#2729 = ORIENTED_EDGE ( 'NONE', *, *, #3235, .T. ) ;
#2730 = CARTESIAN_POINT ( 'NONE',  ( -1.008512743618792840, 0.9003771610289007521, -1.630096845304653153 ) ) ;
#2731 = DIRECTION ( 'NONE',  ( 1.000000000000000000, 0.000000000000000000, 0.000000000000000000 ) ) ;
#2732 = ORIENTED_EDGE ( 'NONE', *, *, #3174, .T. ) ;
#2733 = FILL_AREA_STYLE_COLOUR ( '', #5625 ) ;
#2734 = CARTESIAN_POINT ( 'NONE',  ( 0.000000000000000000, 0.000000000000000000, 0.000000000000000000 ) ) ;
#2735 = CARTESIAN_POINT ( 'NONE',  ( -0.9946623282984530245, 0.9813931445822858812, 1.575509300747017116 ) ) ;
#2736 = CARTESIAN_POINT ( 'NONE',  ( 1.133405048832403894, 0.8946078340221255143, -1.491275756090701954 ) ) ;
#2737 = MECHANICAL_DESIGN_GEOMETRIC_PRESENTATION_REPRESENTATION (  '', ( #4063 ), #405 ) ;
#2738 = CARTESIAN_POINT ( 'NONE',  ( 0.9908281736901040082, 1.041357456080022059, 1.476740561254758610 ) ) ;
#2739 = VECTOR ( 'NONE', #1499, 1000.000000000000000 ) ;
#2740 = EDGE_CURVE ( 'NONE', #1742, #4016, #4088, .T. ) ;
#2741 = EDGE_LOOP ( 'NONE', ( #364, #2147, #4044, #1033 ) ) ;
#2742 = DIRECTION ( 'NONE',  ( 0.000000000000000000, -1.000000000000000000, 0.000000000000000000 ) ) ;
#2743 = ORIENTED_EDGE ( 'NONE', *, *, #539, .T. ) ;
#2744 = LINE ( 'NONE', #1290, #948 ) ;
#2745 = PLANE ( 'NONE',  #3590 ) ;
#2746 = PLANE ( 'NONE',  #1239 ) ;
#2747 = DIRECTION ( 'NONE',  ( 1.000000000000000000, -0.000000000000000000, -0.000000000000000000 ) ) ;
#2748 = AXIS2_PLACEMENT_3D ( 'NONE', #5532, #2001, #2161 ) ;
#2749 = CARTESIAN_POINT ( 'NONE',  ( -1.153600453574005424, 0.8139038366818486248, 1.520216784287196532 ) ) ;
#2750 = VECTOR ( 'NONE', #3277, 1000.000000000000000 ) ;
#2751 = ORIENTED_EDGE ( 'NONE', *, *, #4389, .F. ) ;
#2752 = EDGE_CURVE ( 'NONE', #206, #5591, #4049, .T. ) ;
#2753 = VERTEX_POINT ( 'NONE', #3128 ) ;
#2754 = DIRECTION ( 'NONE',  ( -0.000000000000000000, -1.000000000000000000, -0.000000000000000000 ) ) ;
#2755 = UNCERTAINTY_MEASURE_WITH_UNIT (LENGTH_MEASURE( 1.000000000000000082E-05 ), #1031, 'distance_accuracy_value', 'NONE');
#2756 = CARTESIAN_POINT ( 'NONE',  ( -0.3249999999999999001, 1.019238815542514276, 1.199999999999999956 ) ) ;
#2757 = CARTESIAN_POINT ( 'NONE',  ( -1.119406830551798349, 0.9251486399326229737, 1.493764605744290375 ) ) ;
#2758 =( NAMED_UNIT ( * ) PLANE_ANGLE_UNIT ( ) SI_UNIT ( $, .RADIAN. ) );
#2759 = ORIENTED_EDGE ( 'NONE', *, *, #2917, .F. ) ;
#2760 = ORIENTED_EDGE ( 'NONE', *, *, #651, .T. ) ;
#2761 = EDGE_CURVE ( 'NONE', #5322, #2317, #2164, .T. ) ;
#2762 = CARTESIAN_POINT ( 'NONE',  ( 0.8925622600986078403, 1.072012350688156701, 1.425018179304664789 ) ) ;
#2763 = FACE_OUTER_BOUND ( 'NONE', #517, .T. ) ;
#2764 =( NAMED_UNIT ( * ) PLANE_ANGLE_UNIT ( ) SI_UNIT ( $, .RADIAN. ) );
#2765 = CARTESIAN_POINT ( 'NONE',  ( 1.018837727814666305, 0.8333633408800386055, 1.650590991272497199 ) ) ;
#2766 = DIRECTION ( 'NONE',  ( 0.000000000000000000, -0.000000000000000000, 1.000000000000000000 ) ) ;
#2767 = VECTOR ( 'NONE', #4499, 1000.000000000000000 ) ;
#2768 = ORIENTED_EDGE ( 'NONE', *, *, #4389, .T. ) ;
#2769 = CARTESIAN_POINT ( 'NONE',  ( -1.135726890583015347, 0.8887363047231220392, -1.501573042476128661 ) ) ;
#2770 = EDGE_LOOP ( 'NONE', ( #2663, #3723, #18, #1923 ) ) ;
#2771 = DIRECTION ( 'NONE',  ( 4.818676322157851609E-16, -0.000000000000000000, -1.000000000000000000 ) ) ;
#2772 = CARTESIAN_POINT ( 'NONE',  ( -1.012778157628023701, 0.9872788499409668184, 1.564378899565036729 ) ) ;
#2773 = FACE_OUTER_BOUND ( 'NONE', #4184, .T. ) ;
#2774 = CARTESIAN_POINT ( 'NONE',  ( 1.012778157627981290, 0.9872788499408823304, -1.564378899565090908 ) ) ;
#2775 = CARTESIAN_POINT ( 'NONE',  ( -0.8560047955232547023, 1.080000000000000071, 1.356004795523254813 ) ) ;
#2776 = PLANE ( 'NONE',  #3018 ) ;
#2777 = VERTEX_POINT ( 'NONE', #1366 ) ;
#2778 = CARTESIAN_POINT ( 'NONE',  ( -0.9864905877659826405, 1.049599250481144663, -1.438742418135220635 ) ) ;
#2779 = EDGE_LOOP ( 'NONE', ( #3614, #5628, #3709, #760 ) ) ;
#2780 = FACE_OUTER_BOUND ( 'NONE', #3724, .T. ) ;
#2781 = DIRECTION ( 'NONE',  ( 0.000000000000000000, 1.000000000000000000, 0.000000000000000000 ) ) ;
#2782 = CARTESIAN_POINT ( 'NONE',  ( -1.350000000000003864, 0.1000000000000000472, -0.3250000000000001776 ) ) ;
#2783 = CARTESIAN_POINT ( 'NONE',  ( -1.118550353326623670, 0.9473546801834926701, -1.484995724358117997 ) ) ;
#2784 = EDGE_CURVE ( 'NONE', #5241, #2032, #2186, .T. ) ;
#2785 = CARTESIAN_POINT ( 'NONE',  ( -0.9991085631126715993, 0.8312873317205111690, 1.651995817079908946 ) ) ;
#2786 = LINE ( 'NONE', #161, #4614 ) ;
#2787 = MECHANICAL_DESIGN_GEOMETRIC_PRESENTATION_REPRESENTATION (  '', ( #3236 ), #529 ) ;
#2788 = ORIENTED_EDGE ( 'NONE', *, *, #937, .F. ) ;
#2789 = ORIENTED_EDGE ( 'NONE', *, *, #559, .T. ) ;
#2790 = CARTESIAN_POINT ( 'NONE',  ( -0.8746992972208844641, 1.078556135937781546, -1.389221447734326542 ) ) ;
#2791 = DIRECTION ( 'NONE',  ( 6.672013369141568175E-16, 0.000000000000000000, -1.000000000000000000 ) ) ;
#2792 = ADVANCED_FACE ( 'NONE', ( #4059 ), #1168, .F. ) ;
#2793 = LINE ( 'NONE', #5624, #4700 ) ;
#2794 = VECTOR ( 'NONE', #4637, 1000.000000000000000 ) ;
#2795 = DIRECTION ( 'NONE',  ( -0.000000000000000000, -1.000000000000000000, -0.000000000000000000 ) ) ;
#2796 = EDGE_CURVE ( 'NONE', #3677, #1683, #3755, .T. ) ;
#2797 = CARTESIAN_POINT ( 'NONE',  ( -1.500000000000000222, 0.2300000000000000100, 2.000000000000000000 ) ) ;
#2798 = ORIENTED_EDGE ( 'NONE', *, *, #3897, .F. ) ;
#2799 = ORIENTED_EDGE ( 'NONE', *, *, #1896, .F. ) ;
#2800 = CARTESIAN_POINT ( 'NONE',  ( 0.3249999999999998446, 0.000000000000000000, -1.200000000000000178 ) ) ;
#2801 = CARTESIAN_POINT ( 'NONE',  ( 0.9511104244409122055, 1.064675582972996803, -1.406316119639376527 ) ) ;
#2802 = EDGE_CURVE ( 'NONE', #416, #4735, #5589, .T. ) ;
#2803 = CYLINDRICAL_SURFACE ( 'NONE', #1810, 0.2999999999999999334 ) ;
#2804 = DIRECTION ( 'NONE',  ( -1.000000000000000000, 0.000000000000000000, 0.000000000000000000 ) ) ;
#2805 = CARTESIAN_POINT ( 'NONE',  ( 1.140408405088278565, 0.8722597856521485671, 1.513606596708826135 ) ) ;
#2806 = DIRECTION ( 'NONE',  ( 0.000000000000000000, -0.000000000000000000, 1.000000000000000000 ) ) ;
#2807 = LINE ( 'NONE', #2565, #2607 ) ;
#2808 = ORIENTED_EDGE ( 'NONE', *, *, #1344, .F. ) ;
#2809 = CARTESIAN_POINT ( 'NONE',  ( -1.100233160514349384, 0.9398297413982071857, -1.540052270511714783 ) ) ;
#2810 = CARTESIAN_POINT ( 'NONE',  ( -0.6999999999999972911, 0.1000000000000000056, -0.8250000000000060618 ) ) ;
#2811 = EDGE_LOOP ( 'NONE', ( #249, #3, #3821, #2905 ) ) ;
#2812 = CARTESIAN_POINT ( 'NONE',  ( -0.9999999999999997780, 0.7957007868728832589, 1.655593655949627374 ) ) ;
#2813 = CARTESIAN_POINT ( 'NONE',  ( -0.7000000000000082823, 0.000000000000000000, 1.474999999999999645 ) ) ;
#2814 = CARTESIAN_POINT ( 'NONE',  ( 1.081130452819941912, 0.7988942090804057594, 1.638675522626380499 ) ) ;
#2815 = LINE ( 'NONE', #3904, #936 ) ;
#2816 = EDGE_CURVE ( 'NONE', #1875, #1630, #1835, .T. ) ;
#2817 = CARTESIAN_POINT ( 'NONE',  ( 1.100233162556079947, 0.9398297381118830840, -1.540052261321374072 ) ) ;
#2818 = CARTESIAN_POINT ( 'NONE',  ( -0.8725477643050680854, 1.080000000000000071, 1.364757929454103236 ) ) ;
#2819 = CARTESIAN_POINT ( 'NONE',  ( 0.8783249434994008231, 1.078771929030119425, -1.385540263071119549 ) ) ;
#2820 = DIRECTION ( 'NONE',  ( 0.9986295347545739443, 0.05233595624294395260, 0.000000000000000000 ) ) ;
#2821 = ORIENTED_EDGE ( 'NONE', *, *, #909, .T. ) ;
#2822 = CARTESIAN_POINT ( 'NONE',  ( -0.9381227321983248713, 1.030145156312422428, -1.522026651625695948 ) ) ;
#2823 = ORIENTED_EDGE ( 'NONE', *, *, #4268, .F. ) ;
#2824 = CARTESIAN_POINT ( 'NONE',  ( -0.9685671802719945100, 1.058258015718718692, 1.415502737873390648 ) ) ;
#2825 = UNCERTAINTY_MEASURE_WITH_UNIT (LENGTH_MEASURE( 1.000000000000000082E-05 ), #1578, 'distance_accuracy_value', 'NONE');
#2826 = PLANE ( 'NONE',  #1882 ) ;
#2827 = EDGE_CURVE ( 'NONE', #1237, #2173, #1717, .T. ) ;
#2828 = DIRECTION ( 'NONE',  ( 2.335204679199548467E-15, 0.000000000000000000, -1.000000000000000000 ) ) ;
#2829 = CARTESIAN_POINT ( 'NONE',  ( 1.349999999999995648, 0.1000000000000000472, 0.3249999999999999001 ) ) ;
#2830 = LINE ( 'NONE', #5124, #2921 ) ;
#2831 = ORIENTED_EDGE ( 'NONE', *, *, #5278, .F. ) ;
#2832 = EDGE_LOOP ( 'NONE', ( #2027, #78, #3916, #3892 ) ) ;
#2833 = CARTESIAN_POINT ( 'NONE',  ( -0.8658277861106484785, 1.080000000000000071, -1.371464780959394059 ) ) ;
#2834 = PLANE ( 'NONE',  #1198 ) ;
#2835 = FACE_OUTER_BOUND ( 'NONE', #5286, .T. ) ;
#2836 = CIRCLE ( 'NONE', #2412, 0.1300000000000001155 ) ;
#2837 = CARTESIAN_POINT ( 'NONE',  ( 1.300000000000000266, 0.3300000000000000155, 1.499999999999997780 ) ) ;
#2838 = CARTESIAN_POINT ( 'NONE',  ( 1.155593655949627374, 0.7957007868728830369, 1.499999999999997780 ) ) ;
#2839 = DIRECTION ( 'NONE',  ( 1.000000000000000000, 0.000000000000000000, 3.502807018799328025E-15 ) ) ;
#2840 = VERTEX_POINT ( 'NONE', #241 ) ;
#2841 = EDGE_LOOP ( 'NONE', ( #2687, #2859, #1908, #3878, #2602 ) ) ;
#2842 = CARTESIAN_POINT ( 'NONE',  ( -0.9047596145467027284, 1.075261167410402896, 1.399679617437449730 ) ) ;
#2843 =( LENGTH_UNIT ( ) NAMED_UNIT ( * ) SI_UNIT ( .MILLI., .METRE. ) );
#2844 = CARTESIAN_POINT ( 'NONE',  ( 1.097861021764540368, 0.9134396964321246370, 1.572214560548665929 ) ) ;
#2845 = CARTESIAN_POINT ( 'NONE',  ( -1.022026651625463911, 1.030145156312573640, 1.438122732198517939 ) ) ;
#2846 = VECTOR ( 'NONE', #1233, 1000.000000000000000 ) ;
#2847 = ORIENTED_EDGE ( 'NONE', *, *, #5314, .T. ) ;
#2848 = CARTESIAN_POINT ( 'NONE',  ( -1.017525914289915567, 0.9800845278245388092, -1.570712173608385553 ) ) ;
#2849 = DIRECTION ( 'NONE',  ( 0.000000000000000000, 0.000000000000000000, -1.000000000000000000 ) ) ;
#2850 = ORIENTED_EDGE ( 'NONE', *, *, #1654, .F. ) ;
#2851 = CARTESIAN_POINT ( 'NONE',  ( -1.500000000000000222, 0.000000000000000000, -2.000000000000000000 ) ) ;
#2852 = DIRECTION ( 'NONE',  ( -1.000802005371234635E-15, 0.000000000000000000, -1.000000000000000000 ) ) ;
#2853 = CARTESIAN_POINT ( 'NONE',  ( 1.349999999999995648, 0.1000000000000000056, 0.3249999999999999001 ) ) ;
#2854 = PRESENTATION_STYLE_ASSIGNMENT (( #1373 ) ) ;
#2855 = CARTESIAN_POINT ( 'NONE',  ( 0.9946623282983747538, 0.9813931445821905131, -1.575509300747090391 ) ) ;
#2856 = CARTESIAN_POINT ( 'NONE',  ( -0.8899654264995379149, 1.078500189757769068, 1.373969715818985415 ) ) ;
#2857 = LINE ( 'NONE', #174, #2879 ) ;
#2858 = CARTESIAN_POINT ( 'NONE',  ( 1.154692366964407801, 0.8128984051950013390, 1.500000207376643413 ) ) ;
#2859 = ORIENTED_EDGE ( 'NONE', *, *, #2387, .T. ) ;
#2860 = CARTESIAN_POINT ( 'NONE',  ( -1.010249186801269738, 1.036452076090387697, -1.454073582507956708 ) ) ;
#2861 = ORIENTED_EDGE ( 'NONE', *, *, #1011, .T. ) ;
#2862 = EDGE_CURVE ( 'NONE', #3152, #4020, #1736, .T. ) ;
#2863 = PRESENTATION_LAYER_ASSIGNMENT (  '', '', ( #773 ) ) ;
#2864 = LINE ( 'NONE', #2307, #3009 ) ;
#2865 = DIRECTION ( 'NONE',  ( -0.000000000000000000, -1.000000000000000000, -0.000000000000000000 ) ) ;
#2866 = CARTESIAN_POINT ( 'NONE',  ( -0.6999999999999972911, 0.1000000000000000056, -0.8250000000000060618 ) ) ;
#2867 = DIRECTION ( 'NONE',  ( -1.167602339599774233E-15, 0.000000000000000000, -1.000000000000000000 ) ) ;
#2868 = CARTESIAN_POINT ( 'NONE',  ( -0.9857512517499861238, 0.9217622814952255439, -1.621191648480132974 ) ) ;
#2869 = CARTESIAN_POINT ( 'NONE',  ( -1.128630499435314238, 0.8694969734347198775, 1.560222507403601133 ) ) ;
#2870 = B_SPLINE_CURVE_WITH_KNOTS ( 'NONE', 3,
 ( #4940, #610, #133, #575, #1417, #1272, #2196, #2629, #3073, #3030, #2221, #2150, #1220, #1189, #5609, #756, #4293, #2181, #3951, #3058, #376, #3097, #5262, #453, #3502, #4714, #873, #304 ),
 .UNSPECIFIED., .F., .F.,
 ( 4, 2, 2, 2, 2, 2, 2, 2, 2, 2, 2, 2, 2, 4 ),
 ( 0.000000000000000000, 0.1244075529931500945, 0.1866113294897251418, 0.2488151059863000780, 0.3146173112612073997, 0.3804195165361146103, 0.4462217218110218209, 0.5120239270859291425, 0.5761099524906756475, 0.6401959778954222635, 0.7683680287049152735, 0.8262760215286865106, 0.8841840143524576368, 1.000000000000000000 ),
 .UNSPECIFIED. ) ;
#2871 = VECTOR ( 'NONE', #183, 1000.000000000000000 ) ;
#2872 = ORIENTED_EDGE ( 'NONE', *, *, #148, .T. ) ;
#2873 = CARTESIAN_POINT ( 'NONE',  ( -1.005523948760221220, 1.040344853630791766, 1.430025925408725085 ) ) ;
#2874 = ORIENTED_EDGE ( 'NONE', *, *, #4835, .T. ) ;
#2875 = CARTESIAN_POINT ( 'NONE',  ( -0.8958473006663651983, 1.075060821379755005, -1.408547244462637460 ) ) ;
#2876 = LINE ( 'NONE', #4720, #4698 ) ;
#2877 = EDGE_CURVE ( 'NONE', #150, #1990, #5667, .T. ) ;
#2878 = MECHANICAL_DESIGN_GEOMETRIC_PRESENTATION_REPRESENTATION (  '', ( #3072 ), #1648 ) ;
#2879 = VECTOR ( 'NONE', #4511, 1000.000000000000000 ) ;
#2880 = CARTESIAN_POINT ( 'NONE',  ( -0.3249999999999998446, 0.000000000000000000, -1.200000000000000178 ) ) ;
#2881 = CARTESIAN_POINT ( 'NONE',  ( 1.349999999999995648, 0.1000000000000000056, 0.3249999999999999001 ) ) ;
#2882 = CARTESIAN_POINT ( 'NONE',  ( -1.101622423793551686, 0.9033259170472320854, 1.575465578128276922 ) ) ;
#2883 = EDGE_LOOP ( 'NONE', ( #932, #2899, #5550, #5662 ) ) ;
#2884 = EDGE_LOOP ( 'NONE', ( #2366, #2437, #4231, #2374 ) ) ;
#2885 = CARTESIAN_POINT ( 'NONE',  ( -0.9424577925771459030, 1.067387403260754875, 1.401764417349041336 ) ) ;
#2886 = CARTESIAN_POINT ( 'NONE',  ( 1.095498502045529010, 0.7990653471970629029, -1.624294789343871726 ) ) ;
#2887 = CYLINDRICAL_SURFACE ( 'NONE', #5417, 0.2999999999999999334 ) ;
#2888 = CARTESIAN_POINT ( 'NONE',  ( 1.064378899564903058, 0.9872788499410943830, 1.512778157627991060 ) ) ;
#2889 = CARTESIAN_POINT ( 'NONE',  ( 0.9406582029869233752, 1.067867017640792060, 1.403717534921146592 ) ) ;
#2890 = ORIENTED_EDGE ( 'NONE', *, *, #909, .F. ) ;
#2891 = EDGE_CURVE ( 'NONE', #460, #88, #5564, .T. ) ;
#2892 = DIRECTION ( 'NONE',  ( -1.000000000000000000, 0.000000000000000000, 1.000802005371234635E-15 ) ) ;
#2893 = EDGE_LOOP ( 'NONE', ( #3716, #5543, #2538, #5632 ) ) ;
#2894 = DIRECTION ( 'NONE',  ( -0.000000000000000000, -1.000000000000000000, -0.000000000000000000 ) ) ;
#2895 = CARTESIAN_POINT ( 'NONE',  ( 1.035067377166081881, 0.9825516708249643072, -1.556347752574535059 ) ) ;
#2896 = ADVANCED_FACE ( 'NONE', ( #3575 ), #1513, .T. ) ;
#2897 = ORIENTED_EDGE ( 'NONE', *, *, #2492, .T. ) ;
#2898 = CARTESIAN_POINT ( 'NONE',  ( -1.016278136846310520, 1.033649000858822831, -1.446189794562769970 ) ) ;
#2899 = ORIENTED_EDGE ( 'NONE', *, *, #4411, .T. ) ;
#2900 = EDGE_CURVE ( 'NONE', #4733, #477, #1948, .T. ) ;
#2901 = FACE_OUTER_BOUND ( 'NONE', #2883, .T. ) ;
#2902 = DIRECTION ( 'NONE',  ( 0.000000000000000000, 1.000000000000000000, 0.000000000000000000 ) ) ;
#2903 = CARTESIAN_POINT ( 'NONE',  ( 0.9173029923101672090, 1.053510477785945421, -1.479690413285978057 ) ) ;
#2904 = FACE_OUTER_BOUND ( 'NONE', #5513, .T. ) ;
#2905 = ORIENTED_EDGE ( 'NONE', *, *, #1058, .F. ) ;
#2906 = CIRCLE ( 'NONE', #264, 0.2999999999999999334 ) ;
#2907 = CARTESIAN_POINT ( 'NONE',  ( -0.9575222920624436584, 1.053167411977175227, 1.469511222565040853 ) ) ;
#2908 = CARTESIAN_POINT ( 'NONE',  ( 0.9335351606147217485, 1.041870047429159118, 1.502859767095349186 ) ) ;
#2909 = VECTOR ( 'NONE', #2273, 1000.000000000000000 ) ;
#2910 = VECTOR ( 'NONE', #2347, 1000.000000000000000 ) ;
#2911 = DIRECTION ( 'NONE',  ( 0.000000000000000000, -0.000000000000000000, -1.000000000000000000 ) ) ;
#2912 = DIRECTION ( 'NONE',  ( 0.000000000000000000, 0.05233595624294395260, 0.9986295347545739443 ) ) ;
#2913 = DIRECTION ( 'NONE',  ( -0.000000000000000000, -0.000000000000000000, 1.000000000000000000 ) ) ;
#2914 = ORIENTED_EDGE ( 'NONE', *, *, #148, .F. ) ;
#2915 = CARTESIAN_POINT ( 'NONE',  ( 1.155565732379092214, 0.7962336003390754202, -1.510194610148010153 ) ) ;
#2916 = VECTOR ( 'NONE', #2108, 1000.000000000000000 ) ;
#2917 = EDGE_CURVE ( 'NONE', #1683, #5355, #2025, .T. ) ;
#2918 = VECTOR ( 'NONE', #3397, 1000.000000000000000 ) ;
#2919 = CARTESIAN_POINT ( 'NONE',  ( 1.088996963380524763, 0.9571199931309024578, 1.531450577010468495 ) ) ;
#2920 = CARTESIAN_POINT ( 'NONE',  ( 0.8560047955232549244, 1.080000000000000071, 1.356004795523255479 ) ) ;
#2921 = VECTOR ( 'NONE', #1135, 1000.000000000000000 ) ;
#2922 = CARTESIAN_POINT ( 'NONE',  ( -0.9617744169692699074, 1.060432150648678018, 1.423172730297970645 ) ) ;
#2923 = ORIENTED_EDGE ( 'NONE', *, *, #4203, .T. ) ;
#2924 = DIRECTION ( 'NONE',  ( 0.000000000000000000, -1.000000000000000000, 0.000000000000000000 ) ) ;
#2925 = CARTESIAN_POINT ( 'NONE',  ( -1.303367680097881731, 0.4599563724130460995, 1.500000000000000000 ) ) ;
#2926 = CARTESIAN_POINT ( 'NONE',  ( -0.7000000000000077272, 0.1000000000000000056, 0.8249999999999997335 ) ) ;
#2927 = ADVANCED_FACE ( 'NONE', ( #66 ), #3938, .F. ) ;
#2928 = DIRECTION ( 'NONE',  ( 0.000000000000000000, -0.000000000000000000, 1.000000000000000000 ) ) ;
#2929 = CARTESIAN_POINT ( 'NONE',  ( 1.011634339090003776, 1.026891169453984620, -1.495414960626919809 ) ) ;
#2930 = LINE ( 'NONE', #4435, #4821 ) ;
#2931 = VECTOR ( 'NONE', #805, 1000.000000000000000 ) ;
#2932 = EDGE_CURVE ( 'NONE', #3272, #4156, #3920, .T. ) ;
#2933 = DIRECTION ( 'NONE',  ( -0.000000000000000000, -1.000000000000000000, -0.000000000000000000 ) ) ;
#2934 = AXIS2_PLACEMENT_3D ( 'NONE', #4785, #3389, #5651 ) ;
#2935 = VERTEX_POINT ( 'NONE', #2496 ) ;
#2936 = CARTESIAN_POINT ( 'NONE',  ( -0.9879188116077499693, 1.019498613783488050, -1.530329343484227778 ) ) ;
#2937 = EDGE_CURVE ( 'NONE', #423, #3568, #143, .T. ) ;
#2938 = PRESENTATION_STYLE_ASSIGNMENT (( #3168 ) ) ;
#2939 = FACE_OUTER_BOUND ( 'NONE', #2893, .T. ) ;
#2940 = ADVANCED_FACE ( 'NONE', ( #1918 ), #3977, .F. ) ;
#2941 = CARTESIAN_POINT ( 'NONE',  ( -0.3249999999999998446, 0.1000000000000000472, -1.200000000000000178 ) ) ;
#2942 = DIRECTION ( 'NONE',  ( 0.000000000000000000, -1.000000000000000000, 0.000000000000000000 ) ) ;
#2943 = FACE_OUTER_BOUND ( 'NONE', #166, .T. ) ;
#2944 = EDGE_CURVE ( 'NONE', #3981, #1607, #2092, .T. ) ;
#2945 = VERTEX_POINT ( 'NONE', #3762 ) ;
#2946 = VECTOR ( 'NONE', #5237, 1000.000000000000000 ) ;
#2947 = CARTESIAN_POINT ( 'NONE',  ( 0.9477847869063137365, 1.062835149030711746, 1.438131932628558429 ) ) ;
#2948 = AXIS2_PLACEMENT_3D ( 'NONE', #1669, #4263, #2084 ) ;
#2949 = CARTESIAN_POINT ( 'NONE',  ( 0.9857512517501120231, 0.9217622814953249089, -1.621191648480081904 ) ) ;
#2950 = DIRECTION ( 'NONE',  ( 1.000000000000000000, -0.000000000000000000, 3.336006684570783693E-15 ) ) ;
#2951 = CONICAL_SURFACE ( 'NONE', #3301, 0.1800000000000000488, 0.05235987755983000091 ) ;
#2952 = EDGE_CURVE ( 'NONE', #439, #307, #4009, .T. ) ;
#2953 = LINE ( 'NONE', #169, #4839 ) ;
#2954 = DIRECTION ( 'NONE',  ( 0.7071067811865513475, -0.000000000000000000, -0.7071067811865436870 ) ) ;
#2955 = ORIENTED_EDGE ( 'NONE', *, *, #5650, .T. ) ;
#2956 = CARTESIAN_POINT ( 'NONE',  ( -1.173545840579787169, 0.4531526981014601940, -1.499999999999998668 ) ) ;
#2957 = CIRCLE ( 'NONE', #2034, 0.2999999999999999334 ) ;
#2958 = FILL_AREA_STYLE ('',( #234 ) ) ;
#2959 = DIRECTION ( 'NONE',  ( 0.000000000000000000, 1.000000000000000000, 0.000000000000000000 ) ) ;
#2960 = FACE_OUTER_BOUND ( 'NONE', #4586, .T. ) ;
#2961 = CARTESIAN_POINT ( 'NONE',  ( 0.9762124979327437835, 0.9739639341267724015, 1.585168763700604666 ) ) ;
#2962 = EDGE_CURVE ( 'NONE', #4657, #5620, #4026, .T. ) ;
#2963 = DIRECTION ( 'NONE',  ( 0.000000000000000000, 1.000000000000000000, 0.000000000000000000 ) ) ;
#2964 = CARTESIAN_POINT ( 'NONE',  ( -0.9663188687055938031, 1.059059012586044846, 1.418074239020080451 ) ) ;
#2965 = ORIENTED_EDGE ( 'NONE', *, *, #290, .F. ) ;
#2966 = LINE ( 'NONE', #1378, #1080 ) ;
#2967 = CARTESIAN_POINT ( 'NONE',  ( -0.9858820655115471121, 0.9691775053908652238, -1.588493158948779405 ) ) ;
#2968 = DIRECTION ( 'NONE',  ( -3.502807018799328419E-15, 0.000000000000000000, 1.000000000000000000 ) ) ;
#2969 = PLANE ( 'NONE',  #1911 ) ;
#2970 = PLANE ( 'NONE',  #3886 ) ;
#2971 = LINE ( 'NONE', #2364, #4862 ) ;
#2972 = CARTESIAN_POINT ( 'NONE',  ( 1.042781040288343952, 1.015022361180677457, -1.454548252887916115 ) ) ;
#2973 = FACE_OUTER_BOUND ( 'NONE', #198, .T. ) ;
#2974 = ORIENTED_EDGE ( 'NONE', *, *, #1636, .F. ) ;
#2975 = CARTESIAN_POINT ( 'NONE',  ( -0.9685671730472525942, 1.058258018718094107, -1.415502746458097372 ) ) ;
#2976 = CIRCLE ( 'NONE', #5430, 0.1250000000000001110 ) ;
#2977 = ADVANCED_FACE ( 'NONE', ( #1903 ), #3433, .T. ) ;
#2978 = LINE ( 'NONE', #2039, #1115 ) ;
#2979 = FILL_AREA_STYLE ('',( #214 ) ) ;
#2980 =( NAMED_UNIT ( * ) SI_UNIT ( $, .STERADIAN. ) SOLID_ANGLE_UNIT ( ) );
#2981 = CARTESIAN_POINT ( 'NONE',  ( 1.303367680097882175, 0.4599563724130460995, -1.499999999999997780 ) ) ;
#2982 = LINE ( 'NONE', #3401, #2931 ) ;
#2983 = LINE ( 'NONE', #5500, #1136 ) ;
#2984 = AXIS2_PLACEMENT_3D ( 'NONE', #3665, #5370, #566 ) ;
#2985 = ORIENTED_EDGE ( 'NONE', *, *, #5162, .F. ) ;
#2986 =( LENGTH_UNIT ( ) NAMED_UNIT ( * ) SI_UNIT ( .MILLI., .METRE. ) );
#2987 = VECTOR ( 'NONE', #3954, 1000.000000000000000 ) ;
#2988 = FACE_OUTER_BOUND ( 'NONE', #1639, .T. ) ;
#2989 = ADVANCED_FACE ( 'NONE', ( #21 ), #4612, .T. ) ;
#2990 = CARTESIAN_POINT ( 'NONE',  ( -1.149999999999995914, 0.000000000000000000, -1.475000000000000977 ) ) ;
#2991 = CARTESIAN_POINT ( 'NONE',  ( 0.000000000000000000, 0.000000000000000000, 0.000000000000000000 ) ) ;
#2992 = FACE_OUTER_BOUND ( 'NONE', #2281, .T. ) ;
#2993 = CARTESIAN_POINT ( 'NONE',  ( -1.062226328356124183, 0.9954347647175383340, 1.486563028172662060 ) ) ;
#2994 = CARTESIAN_POINT ( 'NONE',  ( 1.142833789522889054, 0.8678982773580211640, -1.495391032865316827 ) ) ;
#2995 = MECHANICAL_DESIGN_GEOMETRIC_PRESENTATION_REPRESENTATION (  '', ( #5563 ), #644 ) ;
#2996 = DIRECTION ( 'NONE',  ( -1.000000000000000000, 0.000000000000000000, 0.000000000000000000 ) ) ;
#2997 = LINE ( 'NONE', #3510, #940 ) ;
#2998 = CARTESIAN_POINT ( 'NONE',  ( 1.072001258040875094, 0.9884913725599611123, 1.469533799916810990 ) ) ;
#2999 = DIRECTION ( 'NONE',  ( -1.000000000000000000, 0.000000000000000000, -0.000000000000000000 ) ) ;
#3000 = FACE_OUTER_BOUND ( 'NONE', #1809, .T. ) ;
#3001 = VECTOR ( 'NONE', #2234, 1000.000000000000000 ) ;
#3002 = CARTESIAN_POINT ( 'NONE',  ( -1.088493158647971581, 0.9691775058177487523, -1.485882067911016957 ) ) ;
#3003 = DIRECTION ( 'NONE',  ( 1.000000000000000000, 0.000000000000000000, 3.502807018799328419E-15 ) ) ;
#3004 = DIRECTION ( 'NONE',  ( -1.000000000000000000, 0.000000000000000000, 0.000000000000000000 ) ) ;
#3005 = DIRECTION ( 'NONE',  ( 0.000000000000000000, -1.000000000000000000, 0.000000000000000000 ) ) ;
#3006 = LINE ( 'NONE', #919, #2909 ) ;
#3007 = EDGE_CURVE ( 'NONE', #1940, #894, #1930, .T. ) ;
#3008 = CARTESIAN_POINT ( 'NONE',  ( 1.030329343484229998, 1.019498613783158536, -1.487918811607971126 ) ) ;
#3009 = VECTOR ( 'NONE', #2383, 1000.000000000000000 ) ;
#3010 = AXIS2_PLACEMENT_3D ( 'NONE', #1049, #2480, #825 ) ;
#3011 = CARTESIAN_POINT ( 'NONE',  ( -1.108542189840954428, 0.8821666906025115162, 1.581498034681600995 ) ) ;
#3012 = EDGE_CURVE ( 'NONE', #2511, #2142, #2976, .T. ) ;
#3013 = CARTESIAN_POINT ( 'NONE',  ( -0.9129092575516872810, 1.057342591155897571, -1.470791301267728945 ) ) ;
#3014 = VECTOR ( 'NONE', #4047, 1000.000000000000000 ) ;
#3015 = PLANE ( 'NONE',  #2050 ) ;
#3016 = DIRECTION ( 'NONE',  ( 0.000000000000000000, 1.000000000000000000, -0.000000000000000000 ) ) ;
#3017 = DIRECTION ( 'NONE',  ( -1.000000000000000000, 0.000000000000000000, 0.000000000000000000 ) ) ;
#3018 = AXIS2_PLACEMENT_3D ( 'NONE', #1411, #3627, #5304 ) ;
#3019 = LINE ( 'NONE', #5649, #1167 ) ;
#3020 = CARTESIAN_POINT ( 'NONE',  ( 0.9718657595380780778, 0.9656262636804247013, 1.591897313180910656 ) ) ;
#3021 = VECTOR ( 'NONE', #4195, 1000.000000000000000 ) ;
#3022 = FACE_OUTER_BOUND ( 'NONE', #4314, .T. ) ;
#3023 = EDGE_CURVE ( 'NONE', #2641, #2007, #2906, .T. ) ;
#3024 = CARTESIAN_POINT ( 'NONE',  ( 0.9180742390201278580, 1.059059012586082371, 1.466318868705503986 ) ) ;
#3025 = CARTESIAN_POINT ( 'NONE',  ( -1.155482082505487895, 0.7978297350112313335, 1.540734323873046430 ) ) ;
#3026 = VECTOR ( 'NONE', #2587, 1000.000000000000000 ) ;
#3027 = VECTOR ( 'NONE', #5053, 1000.000000000000000 ) ;
#3028 = CARTESIAN_POINT ( 'NONE',  ( 0.7000000000000038414, 0.1000000000000000056, -0.8250000000000011768 ) ) ;
#3029 = STYLED_ITEM ( 'NONE', ( #1141 ), #1270 ) ;
#3030 = CARTESIAN_POINT ( 'NONE',  ( -0.9970567370322217515, 1.045011609023397625, 1.425861326238694327 ) ) ;
#3031 = CARTESIAN_POINT ( 'NONE',  ( -0.9865630256543936882, 0.9954347634135302103, 1.562226330358499782 ) ) ;
#3032 = EDGE_CURVE ( 'NONE', #3806, #307, #2966, .T. ) ;
#3033 = CARTESIAN_POINT ( 'NONE',  ( 0.9953910328653130524, 0.8678982773580197208, -1.642833789522890608 ) ) ;
#3034 = CARTESIAN_POINT ( 'NONE',  ( 0.8958473258129049377, 1.075060824191263587, -1.408547216864727059 ) ) ;
#3035 = VECTOR ( 'NONE', #4967, 1000.000000000000000 ) ;
#3036 = CARTESIAN_POINT ( 'NONE',  ( 0.9879188116077779469, 1.019498613783806684, 1.530329343483999072 ) ) ;
#3037 = ADVANCED_FACE ( 'NONE', ( #4858 ), #4845, .T. ) ;
#3038 = B_SPLINE_CURVE_WITH_KNOTS ( 'NONE', 3,
 ( #4241, #5509, #5039, #5141, #3025, #1215 ),
 .UNSPECIFIED., .F., .F.,
 ( 4, 2, 4 ),
 ( 0.000000000000000000, 0.5000000000000000000, 1.000000000000000000 ),
 .UNSPECIFIED. ) ;
#3039 = CARTESIAN_POINT ( 'NONE',  ( -1.047295012681996873, 1.010961028600461997, -1.463520200510162184 ) ) ;
#3040 = CARTESIAN_POINT ( 'NONE',  ( -0.9129092575516872810, 1.057342591155897571, -1.470791301267728945 ) ) ;
#3041 = EDGE_CURVE ( 'NONE', #373, #4569, #4816, .T. ) ;
#3042 = LINE ( 'NONE', #1611, #1129 ) ;
#3043 = CARTESIAN_POINT ( 'NONE',  ( 0.9954149586662124349, 1.026891169386437097, -1.511634340697857626 ) ) ;
#3044 = CARTESIAN_POINT ( 'NONE',  ( -0.9773464797972670759, 1.054566357949490163, -1.420098854440618785 ) ) ;
#3045 = LINE ( 'NONE', #4820, #1025 ) ;
#3046 = CARTESIAN_POINT ( 'NONE',  ( -0.9190577437169151764, 1.067478318707862028, 1.439323869960780655 ) ) ;
#3047 = CARTESIAN_POINT ( 'NONE',  ( 0.6999999999999921840, 1.019238815542514276, 0.8249999999999999556 ) ) ;
#3048 = CARTESIAN_POINT ( 'NONE',  ( -1.500000000000000222, 0.000000000000000000, 2.000000000000000000 ) ) ;
#3049 = CARTESIAN_POINT ( 'NONE',  ( 0.000000000000000000, 0.1000000000000000056, 0.000000000000000000 ) ) ;
#3050 = FACE_OUTER_BOUND ( 'NONE', #1929, .T. ) ;
#3051 = VECTOR ( 'NONE', #5099, 1000.000000000000000 ) ;
#3052 = COLOUR_RGB ( '',0.4862745098039215619, 0.2352941176470588203, 0.01568627450980392135 ) ;
#3053 = CARTESIAN_POINT ( 'NONE',  ( 0.9773464797969624307, 1.054566357949628719, 1.420098854440791314 ) ) ;
#3054 = FILL_AREA_STYLE_COLOUR ( '', #4610 ) ;
#3055 = FACE_OUTER_BOUND ( 'NONE', #3960, .T. ) ;
#3056 = CARTESIAN_POINT ( 'NONE',  ( -0.6999999999999972911, 0.1000000000000000056, -0.8250000000000060618 ) ) ;
#3057 = CARTESIAN_POINT ( 'NONE',  ( -1.154604415021341035, 0.8139941123860279237, -1.509991958629403719 ) ) ;
#3058 = CARTESIAN_POINT ( 'NONE',  ( -1.111159614939677409, 0.9391128902537295708, 1.481085276516580063 ) ) ;
#3059 = EDGE_CURVE ( 'NONE', #3711, #1733, #1172, .T. ) ;
#3060 = DIRECTION ( 'NONE',  ( 6.672013369141571330E-15, 0.000000000000000000, 1.000000000000000000 ) ) ;
#3061 = MECHANICAL_DESIGN_GEOMETRIC_PRESENTATION_REPRESENTATION (  '', ( #773 ), #1716 ) ;
#3062 = CARTESIAN_POINT ( 'NONE',  ( 1.349999999999991873, 0.1000000000000000056, 1.474999999999999645 ) ) ;
#3063 = SURFACE_STYLE_FILL_AREA ( #4873 ) ;
#3064 = CARTESIAN_POINT ( 'NONE',  ( 1.005710987811427204, 0.8611158116469048718, -1.644805313924963652 ) ) ;
#3065 = ADVANCED_FACE ( 'NONE', ( #3022 ), #2745, .T. ) ;
#3066 = VECTOR ( 'NONE', #1296, 1000.000000000000000 ) ;
#3067 = CARTESIAN_POINT ( 'NONE',  ( 0.9983820723986167600, 1.007347950061098008, 1.544516291582902046 ) ) ;
#3068 = CARTESIAN_POINT ( 'NONE',  ( -0.9999999999999997780, 0.4531526981014601940, 1.673545840579787614 ) ) ;
#3069 = SURFACE_STYLE_FILL_AREA ( #3330 ) ;
#3070 = EDGE_CURVE ( 'NONE', #1383, #1972, #4911, .T. ) ;
#3071 = CARTESIAN_POINT ( 'NONE',  ( -1.075509300747131913, 0.9813931445821170163, -1.494662328298274945 ) ) ;
#3072 = STYLED_ITEM ( 'NONE', ( #898 ), #3984 ) ;
#3073 = CARTESIAN_POINT ( 'NONE',  ( -0.9796904132858734737, 1.053510477785992494, 1.417302992310239818 ) ) ;
#3074 = CARTESIAN_POINT ( 'NONE',  ( -0.5500000000000002665, 1.030000000000000027, -1.050000000000000044 ) ) ;
#3075 = EDGE_CURVE ( 'NONE', #1833, #2173, #5106, .T. ) ;
#3076 = ADVANCED_FACE ( 'NONE', ( #1399 ), #5199, .T. ) ;
#3077 = CARTESIAN_POINT ( 'NONE',  ( -0.9063161196393336727, 1.064675582972947954, -1.451110424440981372 ) ) ;
#3078 = PRESENTATION_STYLE_ASSIGNMENT (( #593 ) ) ;
#3079 = CIRCLE ( 'NONE', #5597, 0.1299999999999998934 ) ;
#3080 = DIRECTION ( 'NONE',  ( 0.000000000000000000, 0.000000000000000000, 1.000000000000000000 ) ) ;
#3081 = CARTESIAN_POINT ( 'NONE',  ( -1.350000000000007638, 0.000000000000000000, 0.8249999999999997335 ) ) ;
#3082 = EDGE_CURVE ( 'NONE', #1529, #2935, #5209, .T. ) ;
#3083 = CARTESIAN_POINT ( 'NONE',  ( 1.000000000000000222, 0.3300000000000000155, 1.500000000000000000 ) ) ;
#3084 =( NAMED_UNIT ( * ) SI_UNIT ( $, .STERADIAN. ) SOLID_ANGLE_UNIT ( ) );
#3085 = LINE ( 'NONE', #4584, #4976 ) ;
#3086 = CARTESIAN_POINT ( 'NONE',  ( -1.008367865028692023, 1.035343849423464357, 1.471429189291302508 ) ) ;
#3087 = CARTESIAN_POINT ( 'NONE',  ( 0.9188807857259860823, 1.070128039895472893, 1.426218724484349165 ) ) ;
#3088 =( LENGTH_UNIT ( ) NAMED_UNIT ( * ) SI_UNIT ( .MILLI., .METRE. ) );
#3089 = CARTESIAN_POINT ( 'NONE',  ( 1.130096843869023315, 0.9003771645578249050, 1.508512752947792857 ) ) ;
#3090 = CARTESIAN_POINT ( 'NONE',  ( 1.499999999999999778, 0.2300000000000000100, 2.000000000000000000 ) ) ;
#3091 = CARTESIAN_POINT ( 'NONE',  ( 0.000000000000000000, 0.1000000000000000056, 0.000000000000000000 ) ) ;
#3092 = LINE ( 'NONE', #3095, #3100 ) ;
#3093 = VECTOR ( 'NONE', #2950, 1000.000000000000000 ) ;
#3094 = EDGE_CURVE ( 'NONE', #2173, #887, #1846, .T. ) ;
#3095 = CARTESIAN_POINT ( 'NONE',  ( 1.349999999999996092, 0.1000000000000000056, -0.3250000000000000111 ) ) ;
#3096 = CARTESIAN_POINT ( 'NONE',  ( -1.106377505954270202, 0.9454882498396149915, -1.495815812549075252 ) ) ;
#3097 = CARTESIAN_POINT ( 'NONE',  ( -1.133405048832372586, 0.8946078340221993441, 1.491275756090815863 ) ) ;
#3098 = CARTESIAN_POINT ( 'NONE',  ( 0.000000000000000000, 0.000000000000000000, 0.000000000000000000 ) ) ;
#3099 = CARTESIAN_POINT ( 'NONE',  ( 1.001573042476192610, 0.8887363047232816893, -1.635726890582972270 ) ) ;
#3100 = VECTOR ( 'NONE', #1292, 1000.000000000000000 ) ;
#3101 = CARTESIAN_POINT ( 'NONE',  ( 1.018432068775167565, 1.021395854031254213, 1.501467850032986107 ) ) ;
#3102 = CARTESIAN_POINT ( 'NONE',  ( 1.173545840579787614, 0.4531526981014633582, -1.499999999999997780 ) ) ;
#3103 = DIRECTION ( 'NONE',  ( 0.000000000000000000, 0.000000000000000000, 1.000000000000000000 ) ) ;
#3104 = CARTESIAN_POINT ( 'NONE',  ( -1.038029295621432091, 1.003122731066613094, -1.518808412660616947 ) ) ;
#3105 = ORIENTED_EDGE ( 'NONE', *, *, #4941, .F. ) ;
#3106 = MANIFOLD_SOLID_BREP ( 'Boss-Extrude6[5]', #1801 ) ;
#3107 =( NAMED_UNIT ( * ) SI_UNIT ( $, .STERADIAN. ) SOLID_ANGLE_UNIT ( ) );
#3108 = DIRECTION ( 'NONE',  ( -1.000000000000000000, 0.000000000000000000, -2.335204679199548467E-15 ) ) ;
#3109 = VECTOR ( 'NONE', #5441, 1000.000000000000000 ) ;
#3110 = VECTOR ( 'NONE', #4979, 1000.000000000000000 ) ;
#3111 = CARTESIAN_POINT ( 'NONE',  ( -0.9206260950146170075, 1.072848187441953760, -1.397176964078909789 ) ) ;
#3112 = FACE_OUTER_BOUND ( 'NONE', #814, .T. ) ;
#3113 = CARTESIAN_POINT ( 'NONE',  ( -0.9075808863715189023, 1.068689209408774099, 1.437058041735000513 ) ) ;
#3114 = DIRECTION ( 'NONE',  ( -0.7071067811865437980, 0.000000000000000000, -0.7071067811865513475 ) ) ;
#3115 = CARTESIAN_POINT ( 'NONE',  ( -1.350000000000006972, 0.1000000000000000056, 1.474999999999999867 ) ) ;
#3116 = ADVANCED_FACE ( 'NONE', ( #3849 ), #3202, .F. ) ;
#3117 =( NAMED_UNIT ( * ) SI_UNIT ( $, .STERADIAN. ) SOLID_ANGLE_UNIT ( ) );
#3118 = CARTESIAN_POINT ( 'NONE',  ( 0.9252218676886065918, 1.067972916365099945, -1.433328286873176705 ) ) ;
#3119 = CARTESIAN_POINT ( 'NONE',  ( -0.9830593662848411407, 1.036876941676789787, 1.497834827177185524 ) ) ;
#3120 = CARTESIAN_POINT ( 'NONE',  ( 0.8855402630711229905, 1.078771929030098109, 1.378324943499453115 ) ) ;
#3121 = CARTESIAN_POINT ( 'NONE',  ( -1.069579175623120992, 0.7986028572987725616, 1.641389282800316929 ) ) ;
#3122 = CARTESIAN_POINT ( 'NONE',  ( 1.111747722559812246, 0.8711313492548180548, 1.584345632743685783 ) ) ;
#3123 = EDGE_CURVE ( 'NONE', #2417, #4696, #46, .T. ) ;
#3124 =( GEOMETRIC_REPRESENTATION_CONTEXT ( 3 ) GLOBAL_UNCERTAINTY_ASSIGNED_CONTEXT ( ( #1981 ) ) GLOBAL_UNIT_ASSIGNED_CONTEXT ( ( #1171, #807, #3846 ) ) REPRESENTATION_CONTEXT ( 'NONE', 'WORKASPACE' ) );
#3125 = DIRECTION ( 'NONE',  ( 0.000000000000000000, -0.000000000000000000, 1.000000000000000000 ) ) ;
#3126 = CARTESIAN_POINT ( 'NONE',  ( -1.013606590206985070, 0.8722597831836743643, -1.640408405821209614 ) ) ;
#3127 = CARTESIAN_POINT ( 'NONE',  ( -0.5500000000000002665, 1.080000000000000071, -0.9250000000000000444 ) ) ;
#3128 = CARTESIAN_POINT ( 'NONE',  ( -1.350000000000006972, 0.1000000000000000472, 1.474999999999999867 ) ) ;
#3129 = CARTESIAN_POINT ( 'NONE',  ( 1.008858697280411221, 0.8329515570375291000, -1.651740736140474564 ) ) ;
#3130 = CARTESIAN_POINT ( 'NONE',  ( 1.042781040409073379, 1.015022361113304017, 1.454548252414300968 ) ) ;
#3131 = EDGE_CURVE ( 'NONE', #125, #1857, #5566, .T. ) ;
#3132 = DIRECTION ( 'NONE',  ( 1.000000000000000000, 0.000000000000000000, -3.336006684570788525E-16 ) ) ;
#3133 = AXIS2_PLACEMENT_3D ( 'NONE', #1662, #4218, #2158 ) ;
#3134 = CARTESIAN_POINT ( 'NONE',  ( 1.349999999999991873, 0.1000000000000000472, 1.474999999999999645 ) ) ;
#3135 = CARTESIAN_POINT ( 'NONE',  ( -1.050326641656112114, 0.9896591485322108195, -1.529682429299889179 ) ) ;
#3136 = VERTEX_POINT ( 'NONE', #2469 ) ;
#3137 = CARTESIAN_POINT ( 'NONE',  ( 0.7999999999999999334, 1.080000000000000071, 1.174999999999998934 ) ) ;
#3138 = CARTESIAN_POINT ( 'NONE',  ( -0.9358437987164587302, 1.069278588851023226, -1.395566866893898972 ) ) ;
#3139 = DIRECTION ( 'NONE',  ( -1.000000000000000000, 0.000000000000000000, 0.000000000000000000 ) ) ;
#3140 =( GEOMETRIC_REPRESENTATION_CONTEXT ( 3 ) GLOBAL_UNCERTAINTY_ASSIGNED_CONTEXT ( ( #2755 ) ) GLOBAL_UNIT_ASSIGNED_CONTEXT ( ( #1031, #630, #1777 ) ) REPRESENTATION_CONTEXT ( 'NONE', 'WORKASPACE' ) );
#3141 = CARTESIAN_POINT ( 'NONE',  ( -0.9162339929776869285, 1.073925533953714817, -1.387907320755511931 ) ) ;
#3142 = VERTEX_POINT ( 'NONE', #4278 ) ;
#3143 = EDGE_CURVE ( 'NONE', #857, #2650, #1961, .T. ) ;
#3144 = ADVANCED_FACE ( 'NONE', ( #1641 ), #1559, .F. ) ;
#3145 = LINE ( 'NONE', #1615, #3165 ) ;
#3146 = DIRECTION ( 'NONE',  ( -1.000000000000000000, 0.000000000000000000, -3.336006684570784088E-15 ) ) ;
#3147 = DIRECTION ( 'NONE',  ( 0.000000000000000000, -1.000000000000000000, 0.000000000000000000 ) ) ;
#3148 = DIRECTION ( 'NONE',  ( 0.000000000000000000, 0.000000000000000000, -1.000000000000000000 ) ) ;
#3149 = CARTESIAN_POINT ( 'NONE',  ( 0.9262187244844056755, 1.070128039895452243, -1.418880785725996629 ) ) ;
#3150 = VECTOR ( 'NONE', #4091, 1000.000000000000000 ) ;
#3151 = CARTESIAN_POINT ( 'NONE',  ( 0.8647579294541023476, 1.080000000000000071, 1.372547764305050988 ) ) ;
#3152 = VERTEX_POINT ( 'NONE', #2057 ) ;
#3153 =( NAMED_UNIT ( * ) SI_UNIT ( $, .STERADIAN. ) SOLID_ANGLE_UNIT ( ) );
#3154 = CARTESIAN_POINT ( 'NONE',  ( 1.004454591792346196, 0.8704586697748696311, 1.642056435415619964 ) ) ;
#3155 = EDGE_CURVE ( 'NONE', #494, #328, #1335, .T. ) ;
#3156 = DIRECTION ( 'NONE',  ( 0.000000000000000000, 1.000000000000000000, 0.000000000000000000 ) ) ;
#3157 = VECTOR ( 'NONE', #2260, 1000.000000000000000 ) ;
#3158 = FACE_OUTER_BOUND ( 'NONE', #5341, .T. ) ;
#3159 = CARTESIAN_POINT ( 'NONE',  ( -1.142833789522905263, 0.8678982773579710930, -1.495391032865223124 ) ) ;
#3160 = DIRECTION ( 'NONE',  ( -1.000802005371234635E-15, 0.000000000000000000, -1.000000000000000000 ) ) ;
#3161 = CARTESIAN_POINT ( 'NONE',  ( -1.050326638760392894, 0.9896591491536674834, 1.529682432681766846 ) ) ;
#3162 = CARTESIAN_POINT ( 'NONE',  ( 1.132146279683556855, 0.8976693910940550802, -1.499928932186700870 ) ) ;
#3163 = CARTESIAN_POINT ( 'NONE',  ( 0.9235488887091964916, 1.072320289144415462, -1.394113568966312888 ) ) ;
#3164 = UNCERTAINTY_MEASURE_WITH_UNIT (LENGTH_MEASURE( 1.000000000000000082E-05 ), #1103, 'distance_accuracy_value', 'NONE');
#3165 = VECTOR ( 'NONE', #1543, 1000.000000000000000 ) ;
#3166 = CARTESIAN_POINT ( 'NONE',  ( 1.040726235806597844, 1.014755510388267723, 1.473392506462082530 ) ) ;
#3167 = PLANE ( 'NONE',  #2124 ) ;
#3168 = SURFACE_STYLE_USAGE ( .BOTH. , #2115 ) ;
#3169 = CARTESIAN_POINT ( 'NONE',  ( 0.000000000000000000, 0.1000000000000000056, 0.000000000000000000 ) ) ;
#3170 = PLANE ( 'NONE',  #2588 ) ;
#3171 = CARTESIAN_POINT ( 'NONE',  ( -1.299999999999999822, 0.3300000000000000155, -1.499999999999997780 ) ) ;
#3172 = VECTOR ( 'NONE', #4216, 1000.000000000000000 ) ;
#3173 = CARTESIAN_POINT ( 'NONE',  ( -1.154604415057891575, 0.8139941118251170504, 1.509991957612491387 ) ) ;
#3174 = EDGE_CURVE ( 'NONE', #5277, #1733, #1410, .T. ) ;
#3175 = AXIS2_PLACEMENT_3D ( 'NONE', #2487, #5518, #2839 ) ;
#3176 = CARTESIAN_POINT ( 'NONE',  ( -0.8877431620879551177, 1.078652044198928239, -1.376152897306395451 ) ) ;
#3177 = VECTOR ( 'NONE', #1692, 1000.000000000000000 ) ;
#3178 = LINE ( 'NONE', #274, #3198 ) ;
#3179 = DIRECTION ( 'NONE',  ( 0.000000000000000000, -1.000000000000000000, 0.000000000000000000 ) ) ;
#3180 = CARTESIAN_POINT ( 'NONE',  ( 0.9796904132857651160, 1.053510477786041122, 1.417302992310303322 ) ) ;
#3181 = CARTESIAN_POINT ( 'NONE',  ( 1.300000000000000266, 0.3300000000000000155, -1.499999999999997780 ) ) ;
#3182 = EDGE_CURVE ( 'NONE', #1474, #1663, #3283, .T. ) ;
#3183 = CARTESIAN_POINT ( 'NONE',  ( 0.8658277861106629114, 1.080000000000000071, 1.371464780959349650 ) ) ;
#3184 = AXIS2_PLACEMENT_3D ( 'NONE', #4483, #228, #686 ) ;
#3185 = DIRECTION ( 'NONE',  ( -1.000000000000000000, 0.000000000000000000, 0.000000000000000000 ) ) ;
#3186 = CARTESIAN_POINT ( 'NONE',  ( 1.075465578127861033, 0.9033259170479708278, 1.601622423793456429 ) ) ;
#3187 = ADVANCED_FACE ( 'NONE', ( #5240 ), #5179, .T. ) ;
#3188 = VECTOR ( 'NONE', #2804, 1000.000000000000000 ) ;
#3189 = LINE ( 'NONE', #5554, #3110 ) ;
#3190 = LINE ( 'NONE', #5068, #3201 ) ;
#3191 = CARTESIAN_POINT ( 'NONE',  ( -1.142056434842744439, 0.8704586716668478719, -1.504454596512364128 ) ) ;
#3192 = DIRECTION ( 'NONE',  ( 0.000000000000000000, 0.000000000000000000, -1.000000000000000000 ) ) ;
#3193 = DIRECTION ( 'NONE',  ( 0.000000000000000000, -0.000000000000000000, 1.000000000000000000 ) ) ;
#3194 = ORIENTED_EDGE ( 'NONE', *, *, #4769, .T. ) ;
#3195 = CARTESIAN_POINT ( 'NONE',  ( 0.9729004337780434719, 0.9631614094144467231, -1.593869606044808540 ) ) ;
#3196 = AXIS2_PLACEMENT_3D ( 'NONE', #626, #3156, #2766 ) ;
#3197 = CARTESIAN_POINT ( 'NONE',  ( 0.8761528973064306447, 1.078652044198926463, -1.387743162087957005 ) ) ;
#3198 = VECTOR ( 'NONE', #3796, 1000.000000000000000 ) ;
#3199 = CARTESIAN_POINT ( 'NONE',  ( 0.8560047955232551464, 1.080000000000000071, -1.356004795523254591 ) ) ;
#3200 = CARTESIAN_POINT ( 'NONE',  ( -1.005523948760446151, 1.040344853630663868, -1.430025925408552112 ) ) ;
#3201 = VECTOR ( 'NONE', #678, 1000.000000000000000 ) ;
#3202 = PLANE ( 'NONE',  #1729 ) ;
#3203 = DIRECTION ( 'NONE',  ( 0.000000000000000000, 0.000000000000000000, 1.000000000000000000 ) ) ;
#3204 = CARTESIAN_POINT ( 'NONE',  ( -0.9953910328652246786, 0.8678982773579717591, -1.642833789522905041 ) ) ;
#3205 = AXIS2_PLACEMENT_3D ( 'NONE', #81, #4761, #1587 ) ;
#3206 = LINE ( 'NONE', #5523, #3172 ) ;
#3207 = EDGE_CURVE ( 'NONE', #3773, #4477, #1397, .T. ) ;
#3208 = FACE_OUTER_BOUND ( 'NONE', #2741, .T. ) ;
#3209 = CARTESIAN_POINT ( 'NONE',  ( -0.8909867421800862219, 1.071660421240599348, -1.426499961978934472 ) ) ;
#3210 = CARTESIAN_POINT ( 'NONE',  ( -0.5500000000000002665, 1.030000000000000027, -0.9250000000000000444 ) ) ;
#3211 = CARTESIAN_POINT ( 'NONE',  ( 0.9530594642023031415, 1.064016118123615184, 1.404142358317065131 ) ) ;
#3212 = CARTESIAN_POINT ( 'NONE',  ( -1.010226914202958737, 0.9506362335177992451, 1.600031189968961209 ) ) ;
#3213 = APPLICATION_CONTEXT ( 'automotive_design' ) ;
#3214 = CARTESIAN_POINT ( 'NONE',  ( 0.8971769640789193367, 1.072848187441962642, -1.420626095014557055 ) ) ;
#3215 = PLANE ( 'NONE',  #4971 ) ;
#3216 = CARTESIAN_POINT ( 'NONE',  ( -1.027180402761712630, 1.026656335137997589, 1.446399531535334404 ) ) ;
#3217 = VECTOR ( 'NONE', #657, 1000.000000000000000 ) ;
#3218 = CARTESIAN_POINT ( 'NONE',  ( -1.124563203812940060, 0.9050562235445481774, -1.525330818345064676 ) ) ;
#3219 = CARTESIAN_POINT ( 'NONE',  ( 1.349999999999996092, 0.000000000000000000, -0.3250000000000000111 ) ) ;
#3220 = DIRECTION ( 'NONE',  ( 4.336808689942017736E-15, 0.000000000000000000, -1.000000000000000000 ) ) ;
#3221 = AXIS2_PLACEMENT_3D ( 'NONE', #712, #4742, #4316 ) ;
#3222 = DIRECTION ( 'NONE',  ( 1.000000000000000000, 0.000000000000000000, -0.000000000000000000 ) ) ;
#3223 = LINE ( 'NONE', #5221, #3284 ) ;
#3224 = CARTESIAN_POINT ( 'NONE',  ( 1.100031191865877167, 0.9506362308861672217, -1.510226906103357969 ) ) ;
#3225 = CARTESIAN_POINT ( 'NONE',  ( -0.8560047955232547023, 1.080000000000000071, 1.356004795523254813 ) ) ;
#3226 = CARTESIAN_POINT ( 'NONE',  ( 0.8855402752681557077, 1.078771928507100686, -1.378324935661052741 ) ) ;
#3227 = ADVANCED_FACE ( 'NONE', ( #2973 ), #5545, .F. ) ;
#3228 = CARTESIAN_POINT ( 'NONE',  ( -0.7000000000000082823, 0.1000000000000000056, 1.474999999999999645 ) ) ;
#3229 = CARTESIAN_POINT ( 'NONE',  ( -0.9858695489716434723, 1.048352129766823904, -1.454116860880673601 ) ) ;
#3230 = EDGE_LOOP ( 'NONE', ( #3623, #3668, #946, #837 ) ) ;
#3231 =( LENGTH_UNIT ( ) NAMED_UNIT ( * ) SI_UNIT ( .MILLI., .METRE. ) );
#3232 = CARTESIAN_POINT ( 'NONE',  ( 0.8560047955232551464, 1.080000000000000071, -1.356004795523254813 ) ) ;
#3233 = DIRECTION ( 'NONE',  ( -1.000000000000000000, -0.000000000000000000, 3.336006684570789018E-16 ) ) ;
#3234 = DIRECTION ( 'NONE',  ( -0.000000000000000000, -1.000000000000000000, -0.000000000000000000 ) ) ;
#3235 = EDGE_CURVE ( 'NONE', #3987, #3152, #2983, .T. ) ;
#3236 = STYLED_ITEM ( 'NONE', ( #3078 ), #4712 ) ;
#3237 = B_SPLINE_CURVE_WITH_KNOTS ( 'NONE', 3,
 ( #3971, #1345, #2670, #4014, #2278, #4441 ),
 .UNSPECIFIED., .F., .F.,
 ( 4, 2, 4 ),
 ( 0.000000000000000000, 0.5000000000000000000, 1.000000000000000000 ),
 .UNSPECIFIED. ) ;
#3238 = LINE ( 'NONE', #3622, #5178 ) ;
#3239 = CARTESIAN_POINT ( 'NONE',  ( -0.9291092279697750200, 1.046370910609173199, 1.494494744452075752 ) ) ;
#3240 = CARTESIAN_POINT ( 'NONE',  ( -0.8560047955232542582, 1.080000000000000071, -1.356004795523255479 ) ) ;
#3241 = FACE_OUTER_BOUND ( 'NONE', #4808, .T. ) ;
#3242 = CARTESIAN_POINT ( 'NONE',  ( 1.145438373727789783, 0.8587594498998433190, 1.496481602237253128 ) ) ;
#3243 = AXIS2_PLACEMENT_3D ( 'NONE', #3817, #1144, #5463 ) ;
#3244 = VECTOR ( 'NONE', #2731, 1000.000000000000000 ) ;
#3245 = CARTESIAN_POINT ( 'NONE',  ( -0.9085472444625876109, 1.075060821379757225, 1.395847300666398505 ) ) ;
#3246 = PLANE ( 'NONE',  #1939 ) ;
#3247 = EDGE_LOOP ( 'NONE', ( #6, #2121, #4029, #100 ) ) ;
#3248 =( NAMED_UNIT ( * ) SI_UNIT ( $, .STERADIAN. ) SOLID_ANGLE_UNIT ( ) );
#3249 = CARTESIAN_POINT ( 'NONE',  ( 1.001698280472441027, 0.9281406110477110616, 1.616987395813567874 ) ) ;
#3250 = LINE ( 'NONE', #4223, #1567 ) ;
#3251 = LINE ( 'NONE', #3662, #5170 ) ;
#3252 = AXIS2_PLACEMENT_3D ( 'NONE', #3390, #265, #4398 ) ;
#3253 = CARTESIAN_POINT ( 'NONE',  ( 0.3249999999999998446, 0.1000000000000000056, -1.200000000000000178 ) ) ;
#3254 = CARTESIAN_POINT ( 'NONE',  ( 1.300000000000000266, 0.2300000000000000100, -1.499999999999997780 ) ) ;
#3255 = CARTESIAN_POINT ( 'NONE',  ( 0.000000000000000000, 1.320000000000000062, 0.000000000000000000 ) ) ;
#3256 = DIRECTION ( 'NONE',  ( -0.000000000000000000, -1.000000000000000000, -0.000000000000000000 ) ) ;
#3257 = EDGE_CURVE ( 'NONE', #3602, #328, #4876, .T. ) ;
#3258 = CARTESIAN_POINT ( 'NONE',  ( 1.075509300035811577, 0.9813931449279712504, -1.494662327708193184 ) ) ;
#3259 = CARTESIAN_POINT ( 'NONE',  ( -0.8560047955232547023, 1.080000000000000071, 1.356004795523254813 ) ) ;
#3260 = LINE ( 'NONE', #4730, #5175 ) ;
#3261 = CARTESIAN_POINT ( 'NONE',  ( 0.6749999999999990452, 1.080000000000000071, 1.300000000000000044 ) ) ;
#3262 = CARTESIAN_POINT ( 'NONE',  ( -0.9657111196515888452, 1.039955916374316613, -1.500930195478014983 ) ) ;
#3263 = MECHANICAL_DESIGN_GEOMETRIC_PRESENTATION_REPRESENTATION (  '', ( #1398 ), #3140 ) ;
#3264 = CARTESIAN_POINT ( 'NONE',  ( -0.9999999999999997780, 0.3300000000000000155, 1.800000000000000044 ) ) ;
#3265 = CARTESIAN_POINT ( 'NONE',  ( 0.8714647809593766281, 1.080000000000000071, -1.365827786110654918 ) ) ;
#3266 = ADVANCED_FACE ( 'NONE', ( #1143 ), #2826, .T. ) ;
#3267 = EDGE_CURVE ( 'NONE', #2159, #373, #3085, .T. ) ;
#3268 = CARTESIAN_POINT ( 'NONE',  ( 1.349999999999992317, 0.1000000000000000056, 0.8249999999999999556 ) ) ;
#3269 = CARTESIAN_POINT ( 'NONE',  ( -0.9729004337779169065, 0.9631614094143375882, -1.593869606044891363 ) ) ;
#3270 = PRESENTATION_STYLE_ASSIGNMENT (( #632 ) ) ;
#3271 = LINE ( 'NONE', #4143, #3335 ) ;
#3272 = VERTEX_POINT ( 'NONE', #1597 ) ;
#3273 = CARTESIAN_POINT ( 'NONE',  ( -0.8643968579406103858, 1.080000000000000071, -1.372914362676402655 ) ) ;
#3274 = DIRECTION ( 'NONE',  ( 1.000000000000000000, 0.000000000000000000, -0.000000000000000000 ) ) ;
#3275 = FACE_OUTER_BOUND ( 'NONE', #4743, .T. ) ;
#3276 = DIRECTION ( 'NONE',  ( 1.000000000000000000, 0.000000000000000000, 0.000000000000000000 ) ) ;
#3277 = DIRECTION ( 'NONE',  ( -0.000000000000000000, -1.000000000000000000, -0.000000000000000000 ) ) ;
#3278 = CARTESIAN_POINT ( 'NONE',  ( 1.133405048832341500, 0.8946078340222798353, 1.491275756090924665 ) ) ;
#3279 = CARTESIAN_POINT ( 'NONE',  ( -0.9912757560908160848, 0.8946078340221997882, 1.633405048832373474 ) ) ;
#3280 = VECTOR ( 'NONE', #5403, 1000.000000000000000 ) ;
#3281 = MANIFOLD_SOLID_BREP ( 'Boss-Extrude6[6]', #2285 ) ;
#3282 = CARTESIAN_POINT ( 'NONE',  ( -0.8865430585341987912, 1.073658406475184401, 1.417538672235119090 ) ) ;
#3283 = CIRCLE ( 'NONE', #3243, 0.1249999999999998890 ) ;
#3284 = VECTOR ( 'NONE', #4396, 1000.000000000000000 ) ;
#3285 = DIRECTION ( 'NONE',  ( 1.000000000000000000, 0.000000000000000000, 8.340016711426957261E-16 ) ) ;
#3286 = CARTESIAN_POINT ( 'NONE',  ( 1.017237031730839902, 0.9333068711502291448, 1.610984261445381094 ) ) ;
#3287 = CARTESIAN_POINT ( 'NONE',  ( 0.9175386722350623581, 1.073658406475193949, 1.386543058534235984 ) ) ;
#3288 = LINE ( 'NONE', #4340, #1510 ) ;
#3289 = LINE ( 'NONE', #3572, #3519 ) ;
#3290 = CARTESIAN_POINT ( 'NONE',  ( -0.9307537438921005268, 1.062148581733233454, 1.454885956658967805 ) ) ;
#3291 = CARTESIAN_POINT ( 'NONE',  ( 1.349999999999991873, 0.1000000000000000472, 1.474999999999999645 ) ) ;
#3292 = DIRECTION ( 'NONE',  ( -0.000000000000000000, -1.000000000000000000, -0.000000000000000000 ) ) ;
#3293 = PLANE ( 'NONE',  #4274 ) ;
#3294 = CARTESIAN_POINT ( 'NONE',  ( -1.350000000000006972, 0.1000000000000000056, 1.474999999999999867 ) ) ;
#3295 = CARTESIAN_POINT ( 'NONE',  ( 0.9639595708008584785, 1.049496024274158890, -1.476660628762900496 ) ) ;
#3296 = CARTESIAN_POINT ( 'NONE',  ( -1.150416234492430023, 0.7975409522037498755, 1.540289867663483747 ) ) ;
#3297 = LINE ( 'NONE', #489, #3326 ) ;
#3298 = CARTESIAN_POINT ( 'NONE',  ( -1.039698421452697419, 1.017099402539759279, -1.459331872405116748 ) ) ;
#3299 = VECTOR ( 'NONE', #3710, 1000.000000000000000 ) ;
#3300 = EDGE_CURVE ( 'NONE', #3873, #399, #1847, .T. ) ;
#3301 = AXIS2_PLACEMENT_3D ( 'NONE', #3083, #3487, #4846 ) ;
#3302 = DIRECTION ( 'NONE',  ( -0.000000000000000000, -1.000000000000000000, -0.000000000000000000 ) ) ;
#3303 = CARTESIAN_POINT ( 'NONE',  ( 0.8560047955232551464, 1.080000000000000071, -1.356004795523254813 ) ) ;
#3304 = CARTESIAN_POINT ( 'NONE',  ( 0.6749999999999999334, 4.902741699796952624, 1.175000000000000044 ) ) ;
#3305 = DIRECTION ( 'NONE',  ( 0.000000000000000000, 0.000000000000000000, -1.000000000000000000 ) ) ;
#3306 = LINE ( 'NONE', #3949, #5153 ) ;
#3307 = CARTESIAN_POINT ( 'NONE',  ( 0.9387423976718732854, 1.049599244412439347, 1.486490604946394400 ) ) ;
#3308 = CARTESIAN_POINT ( 'NONE',  ( -0.9999999999999976685, 0.2300000000000000100, -1.800000000000000044 ) ) ;
#3309 = VERTEX_POINT ( 'NONE', #1489 ) ;
#3310 = AXIS2_PLACEMENT_3D ( 'NONE', #2105, #2652, #5608 ) ;
#3311 = ADVANCED_FACE ( 'NONE', ( #5659 ), #1880, .F. ) ;
#3312 = FACE_OUTER_BOUND ( 'NONE', #4443, .T. ) ;
#3313 = CARTESIAN_POINT ( 'NONE',  ( -1.140589816737827222, 0.8157903231377670039, -1.569138611321725829 ) ) ;
#3314 = CARTESIAN_POINT ( 'NONE',  ( 0.8729143626763495867, 1.080000000000000071, 1.364396857940633812 ) ) ;
#3315 = EDGE_CURVE ( 'NONE', #244, #2665, #14, .T. ) ;
#3316 = CARTESIAN_POINT ( 'NONE',  ( -0.9729004337781708145, 0.9631614094145614091, 1.593869606044719722 ) ) ;
#3317 = SURFACE_STYLE_USAGE ( .BOTH. , #269 ) ;
#3318 = LINE ( 'NONE', #3579, #3280 ) ;
#3319 = VECTOR ( 'NONE', #3302, 1000.000000000000000 ) ;
#3320 = CARTESIAN_POINT ( 'NONE',  ( 1.155593655949627374, 0.7957007868728832589, -1.499999999999998224 ) ) ;
#3321 = ORIENTED_EDGE ( 'NONE', *, *, #3379, .T. ) ;
#3322 = DIRECTION ( 'NONE',  ( 0.000000000000000000, 0.000000000000000000, -1.000000000000000000 ) ) ;
#3323 = CARTESIAN_POINT ( 'NONE',  ( 1.031450570770092501, 0.9571199912059846771, 1.588996964960606384 ) ) ;
#3324 = CARTESIAN_POINT ( 'NONE',  ( 0.8560047955232549244, 1.080000000000000071, 1.356004795523255479 ) ) ;
#3325 = MECHANICAL_DESIGN_GEOMETRIC_PRESENTATION_REPRESENTATION (  '', ( #5674 ), #5445 ) ;
#3326 = VECTOR ( 'NONE', #4615, 1000.000000000000000 ) ;
#3327 = VECTOR ( 'NONE', #786, 1000.000000000000000 ) ;
#3328 = EDGE_CURVE ( 'NONE', #4115, #3593, #1905, .T. ) ;
#3329 = LINE ( 'NONE', #4035, #5218 ) ;
#3330 = FILL_AREA_STYLE ('',( #1584 ) ) ;
#3331 = DIRECTION ( 'NONE',  ( -0.000000000000000000, -1.000000000000000000, -0.000000000000000000 ) ) ;
#3332 = CARTESIAN_POINT ( 'NONE',  ( 1.039698421181677990, 1.017099402649614737, -1.459331873249465561 ) ) ;
#3333 = CARTESIAN_POINT ( 'NONE',  ( 0.8833695059209951683, 1.078819882588637924, -1.380483362636439670 ) ) ;
#3334 = VECTOR ( 'NONE', #3714, 1000.000000000000000 ) ;
#3335 = VECTOR ( 'NONE', #2726, 1000.000000000000000 ) ;
#3336 = FACE_OUTER_BOUND ( 'NONE', #646, .T. ) ;
#3337 = CARTESIAN_POINT ( 'NONE',  ( -1.042781040409419768, 1.015022361113037785, -1.454548252414024301 ) ) ;
#3338 = CIRCLE ( 'NONE', #3548, 0.1735458405797876136 ) ;
#3339 = EDGE_CURVE ( 'NONE', #3990, #1862, #1919, .T. ) ;
#3340 = DIRECTION ( 'NONE',  ( 1.000000000000000000, -0.000000000000000000, 0.000000000000000000 ) ) ;
#3341 = PLANE ( 'NONE',  #3413 ) ;
#3342 = DIRECTION ( 'NONE',  ( 1.000000000000000000, -0.000000000000000000, 0.000000000000000000 ) ) ;
#3343 = FACE_OUTER_BOUND ( 'NONE', #3771, .T. ) ;
#3344 = CARTESIAN_POINT ( 'NONE',  ( 0.9773464863552751014, 1.054566354949405538, -1.420098846383819335 ) ) ;
#3345 = LINE ( 'NONE', #2880, #2794 ) ;
#3346 = CARTESIAN_POINT ( 'NONE',  ( 0.9307537006914745614, 1.062148574234690113, 1.454885996459333697 ) ) ;
#3347 = CARTESIAN_POINT ( 'NONE',  ( 0.9699745062172540067, 0.9708480168052837644, -1.587732609982424048 ) ) ;
#3348 = ADVANCED_FACE ( 'NONE', ( #22 ), #3015, .F. ) ;
#3349 = AXIS2_PLACEMENT_3D ( 'NONE', #188, #1052, #1463 ) ;
#3350 = CARTESIAN_POINT ( 'NONE',  ( -1.299999999999999822, 0.3300000000000000155, -1.499999999999997780 ) ) ;
#3351 = LINE ( 'NONE', #826, #1450 ) ;
#3352 = CARTESIAN_POINT ( 'NONE',  ( -1.153600453583492724, 0.8139038367060095203, -1.520216784740917149 ) ) ;
#3353 = LINE ( 'NONE', #3047, #5217 ) ;
#3354 = ORIENTED_EDGE ( 'NONE', *, *, #732, .T. ) ;
#3355 = CARTESIAN_POINT ( 'NONE',  ( 1.106377505954065699, 0.9454882498398873292, 1.495815812549394330 ) ) ;
#3356 = ADVANCED_FACE ( 'NONE', ( #47 ), #2046, .T. ) ;
#3357 = CARTESIAN_POINT ( 'NONE',  ( -0.9999999999999997780, 0.2300000000000000100, 1.500000000000000000 ) ) ;
#3358 = CIRCLE ( 'NONE', #2520, 0.1250000000000000000 ) ;
#3359 = VECTOR ( 'NONE', #519, 1000.000000000000000 ) ;
#3360 = FACE_OUTER_BOUND ( 'NONE', #1497, .T. ) ;
#3361 = CARTESIAN_POINT ( 'NONE',  ( -0.9729004337779169065, 0.9631614094143375882, -1.593869606044891363 ) ) ;
#3362 = PLANE ( 'NONE',  #5311 ) ;
#3363 = VERTEX_POINT ( 'NONE', #934 ) ;
#3364 = DIRECTION ( 'NONE',  ( 0.000000000000000000, 0.000000000000000000, 1.000000000000000000 ) ) ;
#3365 = DIRECTION ( 'NONE',  ( -0.000000000000000000, -1.000000000000000000, -0.000000000000000000 ) ) ;
#3366 = DIRECTION ( 'NONE',  ( -4.818676322157851609E-16, 0.000000000000000000, 1.000000000000000000 ) ) ;
#3367 = CARTESIAN_POINT ( 'NONE',  ( 0.9635202005102191380, 1.010961028600586564, -1.547295012681857651 ) ) ;
#3368 = CARTESIAN_POINT ( 'NONE',  ( -1.142833789522872845, 0.8678982773580683485, 1.495391032865409642 ) ) ;
#3369 = VECTOR ( 'NONE', #1589, 1000.000000000000000 ) ;
#3370 = MECHANICAL_DESIGN_GEOMETRIC_PRESENTATION_REPRESENTATION (  '', ( #1435 ), #5150 ) ;
#3371 = CARTESIAN_POINT ( 'NONE',  ( -0.9252218191323948737, 1.067972913752208264, -1.433328334664578430 ) ) ;
#3372 = VECTOR ( 'NONE', #4705, 1000.000000000000000 ) ;
#3373 = ORIENTED_EDGE ( 'NONE', *, *, #3007, .F. ) ;
#3374 = SURFACE_SIDE_STYLE ('',( #1151 ) ) ;
#3375 = FILL_AREA_STYLE ('',( #4702 ) ) ;
#3376 = CARTESIAN_POINT ( 'NONE',  ( 0.6999999999999921840, 0.000000000000000000, 0.8249999999999999556 ) ) ;
#3377 = DIRECTION ( 'NONE',  ( 1.000000000000000000, 0.000000000000000000, 0.000000000000000000 ) ) ;
#3378 = VECTOR ( 'NONE', #2005, 1000.000000000000000 ) ;
#3379 = EDGE_CURVE ( 'NONE', #2173, #8, #3965, .T. ) ;
#3380 = CARTESIAN_POINT ( 'NONE',  ( 0.9550809983932184721, 1.059845751267245451, 1.444623975306057240 ) ) ;
#3381 = AXIS2_PLACEMENT_3D ( 'NONE', #561, #155, #596 ) ;
#3382 = VERTEX_POINT ( 'NONE', #4349 ) ;
#3383 = CARTESIAN_POINT ( 'NONE',  ( 0.9173029923101672090, 1.053510477785945421, -1.479690413285978057 ) ) ;
#3384 = CARTESIAN_POINT ( 'NONE',  ( 1.349999999999995648, 1.019238815542514276, 0.3249999999999999001 ) ) ;
#3385 = EDGE_CURVE ( 'NONE', #3508, #1937, #3939, .T. ) ;
#3386 = TOROIDAL_SURFACE ( 'NONE', #4313, 0.3033676800978821753, 0.1300000000000000044 ) ;
#3387 = CARTESIAN_POINT ( 'NONE',  ( -1.094931798091202335, 0.8162511797701337279, -1.623587751741508045 ) ) ;
#3388 = CARTESIAN_POINT ( 'NONE',  ( 1.006641577553204936, 1.039604466599893140, -1.430553868503827486 ) ) ;
#3389 = DIRECTION ( 'NONE',  ( 1.000000000000000000, -0.000000000000000000, 6.672013369141568175E-16 ) ) ;
#3390 = CARTESIAN_POINT ( 'NONE',  ( 0.9999999999999988898, 0.3300000000000000155, -1.680000000000000160 ) ) ;
#3391 = CARTESIAN_POINT ( 'NONE',  ( -1.023069874028708526, 1.025110848263699026, 1.482521424971658286 ) ) ;
#3392 = CARTESIAN_POINT ( 'NONE',  ( 1.133810575381398511, 0.8911812248793080649, -1.510339343547100199 ) ) ;
#3393 = ORIENTED_EDGE ( 'NONE', *, *, #2585, .F. ) ;
#3394 = DIRECTION ( 'NONE',  ( 1.000000000000000000, -0.000000000000000000, 0.000000000000000000 ) ) ;
#3395 = CARTESIAN_POINT ( 'NONE',  ( 1.012778158647797300, 0.9872788506215940396, 1.564378897819874492 ) ) ;
#3396 = EDGE_CURVE ( 'NONE', #416, #3687, #167, .T. ) ;
#3397 = DIRECTION ( 'NONE',  ( 0.000000000000000000, -1.000000000000000000, 0.000000000000000000 ) ) ;
#3398 = CARTESIAN_POINT ( 'NONE',  ( 1.349999999999992317, 0.000000000000000000, 0.8249999999999999556 ) ) ;
#3399 = EDGE_LOOP ( 'NONE', ( #471, #236, #443, #4259 ) ) ;
#3400 = CARTESIAN_POINT ( 'NONE',  ( 1.350000000000002753, 0.1000000000000000056, -0.8249999999999989564 ) ) ;
#3401 = CARTESIAN_POINT ( 'NONE',  ( -1.350000000000007638, 0.1000000000000000472, 0.8249999999999997335 ) ) ;
#3402 = PLANE ( 'NONE',  #2110 ) ;
#3403 = CARTESIAN_POINT ( 'NONE',  ( 0.9421851897602064874, 1.032013873492189093, -1.519200752812361666 ) ) ;
#3404 = ADVANCED_FACE ( 'NONE', ( #1429 ), #4770, .T. ) ;
#3405 = LINE ( 'NONE', #4266, #3369 ) ;
#3406 = EDGE_CURVE ( 'NONE', #2417, #4016, #3353, .T. ) ;
#3407 = VECTOR ( 'NONE', #2146, 1000.000000000000000 ) ;
#3408 = CARTESIAN_POINT ( 'NONE',  ( -0.9262186791109275896, 1.070128042157491022, -1.418880831428740441 ) ) ;
#3409 = ORIENTED_EDGE ( 'NONE', *, *, #2250, .F. ) ;
#3410 = CARTESIAN_POINT ( 'NONE',  ( 1.350000000000005196, 0.1000000000000000056, -1.474999999999998979 ) ) ;
#3411 = DIRECTION ( 'NONE',  ( -0.000000000000000000, -1.000000000000000000, -0.000000000000000000 ) ) ;
#3412 = CARTESIAN_POINT ( 'NONE',  ( 1.350000000000005196, 0.000000000000000000, -1.474999999999998979 ) ) ;
#3413 = AXIS2_PLACEMENT_3D ( 'NONE', #5594, #2430, #5100 ) ;
#3414 = CARTESIAN_POINT ( 'NONE',  ( -1.042781040288230043, 1.015022361180757615, 1.454548252888014925 ) ) ;
#3415 = ORIENTED_EDGE ( 'NONE', *, *, #2585, .T. ) ;
#3416 = CARTESIAN_POINT ( 'NONE',  ( 0.6999999999999969580, 0.1000000000000000056, 0.3249999999999999001 ) ) ;
#3417 = DIRECTION ( 'NONE',  ( 0.05233595624294395260, -0.9986295347545739443, -0.000000000000000000 ) ) ;
#3418 = FACE_OUTER_BOUND ( 'NONE', #31, .T. ) ;
#3419 = CARTESIAN_POINT ( 'NONE',  ( -1.151740736140525634, 0.8329515570374219635, -1.508858697280387240 ) ) ;
#3420 = SURFACE_SIDE_STYLE ('',( #1110 ) ) ;
#3421 = CARTESIAN_POINT ( 'NONE',  ( -0.5500000000000002665, 1.030000000000000027, -1.050000000000000044 ) ) ;
#3422 = CARTESIAN_POINT ( 'NONE',  ( 0.9912757560907019538, 0.8946078340221237379, -1.633405048832405226 ) ) ;
#3423 = ORIENTED_EDGE ( 'NONE', *, *, #5302, .F. ) ;
#3424 = AXIS2_PLACEMENT_3D ( 'NONE', #779, #1638, #2678 ) ;
#3425 = CARTESIAN_POINT ( 'NONE',  ( 0.9496837075457654764, 1.012648599492432355, 1.545701584145912522 ) ) ;
#3426 = CARTESIAN_POINT ( 'NONE',  ( 0.6999999999999961808, 1.019238815542514276, -0.3250000000000000111 ) ) ;
#3427 = CIRCLE ( 'NONE', #794, 0.2999999999999999334 ) ;
#3428 = VECTOR ( 'NONE', #1282, 1000.000000000000000 ) ;
#3429 = CIRCLE ( 'NONE', #895, 0.1250000000000001110 ) ;
#3430 = CARTESIAN_POINT ( 'NONE',  ( -0.9824181076636673282, 0.9766975885782523958, -1.582194098904339929 ) ) ;
#3431 = CARTESIAN_POINT ( 'NONE',  ( 1.349999999999995648, 0.000000000000000000, 0.3249999999999999001 ) ) ;
#3432 = VERTEX_POINT ( 'NONE', #1210 ) ;
#3433 = PLANE ( 'NONE',  #1583 ) ;
#3434 = DIRECTION ( 'NONE',  ( 0.000000000000000000, -0.000000000000000000, 1.000000000000000000 ) ) ;
#3435 = ADVANCED_FACE ( 'NONE', ( #1525 ), #5204, .F. ) ;
#3436 = DIRECTION ( 'NONE',  ( -0.000000000000000000, 1.000000000000000000, 0.000000000000000000 ) ) ;
#3437 = CARTESIAN_POINT ( 'NONE',  ( 0.9370137297140224142, 1.043204595929348777, -1.500120621918498598 ) ) ;
#3438 = AXIS2_PLACEMENT_3D ( 'NONE', #1422, #2438, #5386 ) ;
#3439 = CARTESIAN_POINT ( 'NONE',  ( -0.9701235343665169930, 1.057074071744204424, -1.428395129599191460 ) ) ;
#3440 = ORIENTED_EDGE ( 'NONE', *, *, #3207, .F. ) ;
#3441 = CARTESIAN_POINT ( 'NONE',  ( -0.9252218676884654824, 1.067972916365111713, 1.433328286873026380 ) ) ;
#3442 = CARTESIAN_POINT ( 'NONE',  ( 1.349999999999996092, 0.1000000000000000472, -0.3250000000000000111 ) ) ;
#3443 = PLANE ( 'NONE',  #4482 ) ;
#3444 = ADVANCED_FACE ( 'NONE', ( #3336 ), #5247, .T. ) ;
#3445 = DIRECTION ( 'NONE',  ( 1.000000000000000000, 0.000000000000000000, 0.000000000000000000 ) ) ;
#3446 = DIRECTION ( 'NONE',  ( 0.000000000000000000, 1.000000000000000000, 0.000000000000000000 ) ) ;
#3447 = AXIS2_PLACEMENT_3D ( 'NONE', #1405, #3664, #1030 ) ;
#3448 = VECTOR ( 'NONE', #2312, 1000.000000000000000 ) ;
#3449 = FACE_OUTER_BOUND ( 'NONE', #1870, .T. ) ;
#3450 = EDGE_CURVE ( 'NONE', #3561, #5086, #1496, .T. ) ;
#3451 = CARTESIAN_POINT ( 'NONE',  ( -0.9381227321985170509, 1.030145156312572752, 1.522026651625467686 ) ) ;
#3452 = CARTESIAN_POINT ( 'NONE',  ( 0.9381318845194955847, 1.062835146031194444, 1.447784833655604064 ) ) ;
#3453 = ORIENTED_EDGE ( 'NONE', *, *, #3826, .T. ) ;
#3454 = CARTESIAN_POINT ( 'NONE',  ( 0.9991085631126152000, 0.8312873317204947377, -1.651995817079911832 ) ) ;
#3455 = CARTESIAN_POINT ( 'NONE',  ( -1.350000000000003197, 0.1000000000000000056, 0.3250000000000000111 ) ) ;
#3456 = ORIENTED_EDGE ( 'NONE', *, *, #3560, .F. ) ;
#3457 = VECTOR ( 'NONE', #2867, 1000.000000000000000 ) ;
#3458 = VECTOR ( 'NONE', #3599, 1000.000000000000000 ) ;
#3459 = DIRECTION ( 'NONE',  ( 1.000000000000000000, 0.000000000000000000, -0.000000000000000000 ) ) ;
#3460 = CARTESIAN_POINT ( 'NONE',  ( -1.150416234520020620, 0.7975409522333161139, -1.540289868200042100 ) ) ;
#3461 = AXIS2_PLACEMENT_3D ( 'NONE', #1406, #2339, #4896 ) ;
#3462 = CARTESIAN_POINT ( 'NONE',  ( 0.9999999999999988898, 0.3300000000000000155, -1.680000000000000160 ) ) ;
#3463 = DIRECTION ( 'NONE',  ( 4.818676322157851609E-16, -0.000000000000000000, -1.000000000000000000 ) ) ;
#3464 = EDGE_CURVE ( 'NONE', #5415, #244, #5301, .T. ) ;
#3465 = CARTESIAN_POINT ( 'NONE',  ( 1.128630499435745005, 0.8694969734346528201, -1.560222507398997926 ) ) ;
#3466 = ORIENTED_EDGE ( 'NONE', *, *, #421, .F. ) ;
#3467 = FACE_OUTER_BOUND ( 'NONE', #697, .T. ) ;
#3468 = CARTESIAN_POINT ( 'NONE',  ( 0.9752690770179001101, 0.9910486089805327081, 1.568936714633278884 ) ) ;
#3469 = CARTESIAN_POINT ( 'NONE',  ( -1.350000000000003864, 0.000000000000000000, -0.3250000000000001776 ) ) ;
#3470 = VECTOR ( 'NONE', #218, 1000.000000000000000 ) ;
#3471 = VECTOR ( 'NONE', #4464, 1000.000000000000000 ) ;
#3472 = CARTESIAN_POINT ( 'NONE',  ( -0.9865630281725263906, 0.9954347647173729108, -1.562226328356308258 ) ) ;
#3473 = B_SPLINE_CURVE_WITH_KNOTS ( 'NONE', 3,
 ( #3728, #4198, #4161, #4627, #3138, #5422, #5193, #1346, #5345, #4126, #1842, #642, #4476, #219, #1418, #58, #2783, #5382, #1797 ),
 .UNSPECIFIED., .F., .F.,
 ( 4, 2, 2, 1, 2, 2, 2, 2, 2, 4 ),
 ( 0.000000000000000000, 0.1250000000000003053, 0.1875000000000010825, 0.2187500000000015821, 0.2343750000000018596, 0.2500000000000021094, 0.3750000000000017208, 0.4375000000000014988, 0.5000000000000013323, 1.000000000000000000 ),
 .UNSPECIFIED. ) ;
#3474 = ORIENTED_EDGE ( 'NONE', *, *, #811, .T. ) ;
#3475 = DIRECTION ( 'NONE',  ( 0.000000000000000000, 1.000000000000000000, 0.000000000000000000 ) ) ;
#3476 = EDGE_CURVE ( 'NONE', #307, #1742, #5229, .T. ) ;
#3477 = CARTESIAN_POINT ( 'NONE',  ( 1.349999999999992317, 1.019238815542514276, 0.8249999999999999556 ) ) ;
#3478 = PRESENTATION_STYLE_ASSIGNMENT (( #5161 ) ) ;
#3479 = LINE ( 'NONE', #136, #5432 ) ;
#3480 = CARTESIAN_POINT ( 'NONE',  ( -0.9041423583169054812, 1.064016118123525034, -1.453059464202570483 ) ) ;
#3481 = LINE ( 'NONE', #4932, #3471 ) ;
#3482 = ORIENTED_EDGE ( 'NONE', *, *, #3700, .T. ) ;
#3483 = ADVANCED_FACE ( 'NONE', ( #1504 ), #479, .F. ) ;
#3484 = LINE ( 'NONE', #1536, #1631 ) ;
#3485 = DIRECTION ( 'NONE',  ( -1.000000000000000000, 0.000000000000000000, -0.000000000000000000 ) ) ;
#3486 = CARTESIAN_POINT ( 'NONE',  ( 1.499999999999999778, 0.000000000000000000, -2.000000000000000000 ) ) ;
#3487 = DIRECTION ( 'NONE',  ( -0.000000000000000000, -1.000000000000000000, -0.000000000000000000 ) ) ;
#3488 = DIRECTION ( 'NONE',  ( -0.000000000000000000, -1.000000000000000000, -0.000000000000000000 ) ) ;
#3489 = VECTOR ( 'NONE', #57, 1000.000000000000000 ) ;
#3490 = CARTESIAN_POINT ( 'NONE',  ( 0.9579793177474582588, 0.9974953866989338946, 1.562801466382226501 ) ) ;
#3491 = CARTESIAN_POINT ( 'NONE',  ( 0.9017131428919608060, 1.073508052926932743, 1.416265670567108170 ) ) ;
#3492 = EDGE_LOOP ( 'NONE', ( #2743, #5621, #5588, #3549 ) ) ;
#3493 = CARTESIAN_POINT ( 'NONE',  ( 1.124563203812942502, 0.9050562235446766302, 1.525330818345568717 ) ) ;
#3494 = CARTESIAN_POINT ( 'NONE',  ( 0.8560047955232551464, 1.080000000000000071, -1.356004795523254591 ) ) ;
#3495 =( NAMED_UNIT ( * ) PLANE_ANGLE_UNIT ( ) SI_UNIT ( $, .RADIAN. ) );
#3496 = FACE_OUTER_BOUND ( 'NONE', #2323, .T. ) ;
#3497 = ADVANCED_FACE ( 'NONE', ( #5312 ), #896, .F. ) ;
#3498 = LINE ( 'NONE', #4943, #3535 ) ;
#3499 = VECTOR ( 'NONE', #1667, 1000.000000000000000 ) ;
#3500 = CARTESIAN_POINT ( 'NONE',  ( -0.9999999999999997780, 0.4599563724130428799, -1.500000000000000000 ) ) ;
#3501 = CARTESIAN_POINT ( 'NONE',  ( -1.100031189969200573, 0.9506362335175996270, -1.510226914202845938 ) ) ;
#3502 = CARTESIAN_POINT ( 'NONE',  ( -1.145438373727801995, 0.8587594498998004644, 1.496481602237174080 ) ) ;
#3503 = EDGE_CURVE ( 'NONE', #4735, #99, #1515, .T. ) ;
#3504 = AXIS2_PLACEMENT_3D ( 'NONE', #5595, #3681, #1491 ) ;
#3505 = CARTESIAN_POINT ( 'NONE',  ( -1.350000000000006972, 0.000000000000000000, 1.474999999999999867 ) ) ;
#3506 = CARTESIAN_POINT ( 'NONE',  ( -0.9954149586661403815, 1.026891169386516367, 1.511634340697758816 ) ) ;
#3507 = CARTESIAN_POINT ( 'NONE',  ( 1.146305280688781902, 0.8350579176359547162, -1.538162835698434927 ) ) ;
#3508 = VERTEX_POINT ( 'NONE', #1537 ) ;
#3509 = CARTESIAN_POINT ( 'NONE',  ( 1.039698421452360577, 1.017099402540008635, 1.459331872405354336 ) ) ;
#3510 = CARTESIAN_POINT ( 'NONE',  ( 1.349999999999995648, 0.1000000000000000472, 0.3249999999999999001 ) ) ;
#3511 = ORIENTED_EDGE ( 'NONE', *, *, #189, .T. ) ;
#3512 = FACE_OUTER_BOUND ( 'NONE', #616, .T. ) ;
#3513 = CARTESIAN_POINT ( 'NONE',  ( -0.6999999999999945155, 0.1000000000000000472, -1.475000000000006084 ) ) ;
#3514 = CARTESIAN_POINT ( 'NONE',  ( -1.064378899565105563, 0.9872788499408228224, -1.512778157627907794 ) ) ;
#3515 = AXIS2_PLACEMENT_3D ( 'NONE', #1041, #3340, #173 ) ;
#3516 = ORIENTED_EDGE ( 'NONE', *, *, #351, .T. ) ;
#3517 = SURFACE_SIDE_STYLE ('',( #3063 ) ) ;
#3518 = DIRECTION ( 'NONE',  ( -4.170008355713479123E-16, -0.000000000000000000, 1.000000000000000000 ) ) ;
#3519 = VECTOR ( 'NONE', #4492, 1000.000000000000000 ) ;
#3520 = EDGE_CURVE ( 'NONE', #3803, #5620, #3345, .T. ) ;
#3521 = CARTESIAN_POINT ( 'NONE',  ( 1.005523948760332020, 1.040344853630729149, -1.430025925408634047 ) ) ;
#3522 = CARTESIAN_POINT ( 'NONE',  ( -0.9061140397113220946, 1.073772001719961899, -1.411935074581720961 ) ) ;
#3523 = VERTEX_POINT ( 'NONE', #101 ) ;
#3524 = CARTESIAN_POINT ( 'NONE',  ( -0.3249999999999999001, 0.1000000000000000472, 1.199999999999999956 ) ) ;
#3525 = CARTESIAN_POINT ( 'NONE',  ( -0.8000000000000001554, 1.320000000000000062, 1.174999999999998934 ) ) ;
#3526 = EDGE_CURVE ( 'NONE', #3948, #208, #4682, .T. ) ;
#3527 = FILL_AREA_STYLE ('',( #2609 ) ) ;
#3528 = VECTOR ( 'NONE', #2954, 1000.000000000000000 ) ;
#3529 = LINE ( 'NONE', #4875, #5510 ) ;
#3530 = CARTESIAN_POINT ( 'NONE',  ( 0.9393239111569160471, 1.067478312175762056, -1.419057700608754802 ) ) ;
#3531 = CARTESIAN_POINT ( 'NONE',  ( 0.8892517310457275226, 1.074159268529426559, 1.414941719496656924 ) ) ;
#3532 = ORIENTED_EDGE ( 'NONE', *, *, #4992, .F. ) ;
#3533 = CARTESIAN_POINT ( 'NONE',  ( 1.033333020923103307, 0.8656085796382272379, 1.638468772634040116 ) ) ;
#3534 = LINE ( 'NONE', #339, #5429 ) ;
#3535 = VECTOR ( 'NONE', #13, 1000.000000000000000 ) ;
#3536 = EDGE_CURVE ( 'NONE', #902, #2232, #4622, .T. ) ;
#3537 = CARTESIAN_POINT ( 'NONE',  ( -1.001573036607311229, 0.8887363024804040279, -1.635726891420744122 ) ) ;
#3538 = DIRECTION ( 'NONE',  ( -0.000000000000000000, -1.000000000000000000, -0.000000000000000000 ) ) ;
#3539 = DIRECTION ( 'NONE',  ( 0.000000000000000000, 0.000000000000000000, -1.000000000000000000 ) ) ;
#3540 = CARTESIAN_POINT ( 'NONE',  ( -0.7000000000000082823, 0.000000000000000000, 1.474999999999999645 ) ) ;
#3541 = CARTESIAN_POINT ( 'NONE',  ( 0.9660327775027389707, 0.9954149135488800093, -1.565072611101141264 ) ) ;
#3542 = VERTEX_POINT ( 'NONE', #3738 ) ;
#3543 = CARTESIAN_POINT ( 'NONE',  ( 1.008367859143071810, 1.035343851411876459, 1.471429195594337935 ) ) ;
#3544 = CARTESIAN_POINT ( 'NONE',  ( -1.149999999999995914, 0.000000000000000000, -1.475000000000000977 ) ) ;
#3545 = LINE ( 'NONE', #3028, #1633 ) ;
#3546 = ORIENTED_EDGE ( 'NONE', *, *, #5061, .F. ) ;
#3547 = LINE ( 'NONE', #3857, #3470 ) ;
#3548 = AXIS2_PLACEMENT_3D ( 'NONE', #1603, #3820, #2509 ) ;
#3549 = ORIENTED_EDGE ( 'NONE', *, *, #4878, .T. ) ;
#3550 = SURFACE_SIDE_STYLE ('',( #3809 ) ) ;
#3551 = CARTESIAN_POINT ( 'NONE',  ( 0.6749999999999999334, 1.080000000000000071, 1.175000000000000044 ) ) ;
#3552 = DIRECTION ( 'NONE',  ( 1.000000000000000000, -0.000000000000000000, -0.000000000000000000 ) ) ;
#3553 = CARTESIAN_POINT ( 'NONE',  ( 1.303367680097882175, 0.4599563724130460995, 1.500000000000000000 ) ) ;
#3554 = VECTOR ( 'NONE', #5476, 1000.000000000000000 ) ;
#3555 = CARTESIAN_POINT ( 'NONE',  ( 0.9858695707441599287, 1.048352124157177601, -1.454116836145497471 ) ) ;
#3556 = CARTESIAN_POINT ( 'NONE',  ( 0.9962493759119657177, 0.8703696697483670475, 1.644756629630783618 ) ) ;
#3557 = VECTOR ( 'NONE', #1796, 1000.000000000000000 ) ;
#3558 = ORIENTED_EDGE ( 'NONE', *, *, #2917, .T. ) ;
#3559 = CARTESIAN_POINT ( 'NONE',  ( -0.8693398788435617863, 1.080000000000000071, -1.367938177979339809 ) ) ;
#3560 = EDGE_CURVE ( 'NONE', #769, #112, #1555, .T. ) ;
#3561 = VERTEX_POINT ( 'NONE', #617 ) ;
#3562 = UNCERTAINTY_MEASURE_WITH_UNIT (LENGTH_MEASURE( 1.000000000000000082E-05 ), #2017, 'distance_accuracy_value', 'NONE');
#3563 = CARTESIAN_POINT ( 'NONE',  ( -0.9999999999999997780, 0.3300000000000000155, 1.800000000000000044 ) ) ;
#3564 = CARTESIAN_POINT ( 'NONE',  ( 0.7000000000000053957, 0.1000000000000000056, -1.475000000000000977 ) ) ;
#3565 = CARTESIAN_POINT ( 'NONE',  ( -0.3249999999999998446, 0.1000000000000000056, -1.200000000000000178 ) ) ;
#3566 = ORIENTED_EDGE ( 'NONE', *, *, #3155, .F. ) ;
#3567 = VECTOR ( 'NONE', #4906, 1000.000000000000000 ) ;
#3568 = VERTEX_POINT ( 'NONE', #4983 ) ;
#3569 = CARTESIAN_POINT ( 'NONE',  ( 0.8560047955232548134, 1.080000000000000071, 1.356004795523255479 ) ) ;
#3570 = VERTEX_POINT ( 'NONE', #2321 ) ;
#3571 = CARTESIAN_POINT ( 'NONE',  ( 1.136817127075133493, 0.8858224694193388427, 1.492788109792334339 ) ) ;
#3572 = CARTESIAN_POINT ( 'NONE',  ( 1.349999999999995648, 0.1000000000000000472, 0.3249999999999999001 ) ) ;
#3573 = EDGE_CURVE ( 'NONE', #3687, #99, #801, .T. ) ;
#3574 = AXIS2_PLACEMENT_3D ( 'NONE', #4677, #5478, #1123 ) ;
#3575 = FACE_OUTER_BOUND ( 'NONE', #2832, .T. ) ;
#3576 = FACE_OUTER_BOUND ( 'NONE', #4285, .T. ) ;
#3577 = LINE ( 'NONE', #5310, #3557 ) ;
#3578 = CARTESIAN_POINT ( 'NONE',  ( -1.135388511727183136, 0.8758027052822551228, -1.531481060246822290 ) ) ;
#3579 = CARTESIAN_POINT ( 'NONE',  ( -0.9999999999999976685, 0.3300000000000000155, -1.680000000000000160 ) ) ;
#3580 = ORIENTED_EDGE ( 'NONE', *, *, #4556, .F. ) ;
#3581 = DIRECTION ( 'NONE',  ( -0.000000000000000000, -1.000000000000000000, -0.000000000000000000 ) ) ;
#3582 = PLANE ( 'NONE',  #5267 ) ;
#3583 = CARTESIAN_POINT ( 'NONE',  ( -1.075509300035730753, 0.9813931449280666186, 1.494662327708268679 ) ) ;
#3584 = CARTESIAN_POINT ( 'NONE',  ( 1.010226914202953408, 0.9506362335176102851, -1.600031189969093770 ) ) ;
#3585 = EDGE_LOOP ( 'NONE', ( #4071, #449, #217, #134 ) ) ;
#3586 = CARTESIAN_POINT ( 'NONE',  ( 0.9250181793047836942, 1.072012350688127613, -1.392562260098538340 ) ) ;
#3587 = CARTESIAN_POINT ( 'NONE',  ( 0.9637448844463388786, 0.9855708825236570991, 1.574742497493836879 ) ) ;
#3588 = DIRECTION ( 'NONE',  ( 1.000000000000000000, -0.000000000000000000, -0.000000000000000000 ) ) ;
#3589 = ORIENTED_EDGE ( 'NONE', *, *, #2761, .F. ) ;
#3590 = AXIS2_PLACEMENT_3D ( 'NONE', #3169, #4012, #55 ) ;
#3591 = FACE_OUTER_BOUND ( 'NONE', #776, .T. ) ;
#3592 =( NAMED_UNIT ( * ) PLANE_ANGLE_UNIT ( ) SI_UNIT ( $, .RADIAN. ) );
#3593 = VERTEX_POINT ( 'NONE', #1051 ) ;
#3594 = EDGE_CURVE ( 'NONE', #4689, #2188, #863, .T. ) ;
#3595 = VERTEX_POINT ( 'NONE', #4170 ) ;
#3596 = DIRECTION ( 'NONE',  ( 1.000000000000000000, -0.000000000000000000, -0.000000000000000000 ) ) ;
#3597 = DIRECTION ( 'NONE',  ( 8.340016711426959233E-16, 0.000000000000000000, -1.000000000000000000 ) ) ;
#3598 = DIRECTION ( 'NONE',  ( -0.9986295347545739443, 0.05233595624294395260, 0.000000000000000000 ) ) ;
#3599 = DIRECTION ( 'NONE',  ( 0.7071067811865513475, -0.000000000000000000, -0.7071067811865436870 ) ) ;
#3600 = CARTESIAN_POINT ( 'NONE',  ( 0.9167308220863138457, 1.053911962614680897, 1.478544682989251235 ) ) ;
#3601 = LINE ( 'NONE', #3505, #5535 ) ;
#3602 = VERTEX_POINT ( 'NONE', #2028 ) ;
#3603 = CARTESIAN_POINT ( 'NONE',  ( -0.8783249356610451919, 1.078771928507096689, -1.385540275268172028 ) ) ;
#3604 = ORIENTED_EDGE ( 'NONE', *, *, #5346, .F. ) ;
#3605 = LINE ( 'NONE', #4636, #3554 ) ;
#3606 = CARTESIAN_POINT ( 'NONE',  ( -0.6999999999999945155, 1.019238815542514276, -1.475000000000006084 ) ) ;
#3607 = CARTESIAN_POINT ( 'NONE',  ( 1.142833789522857968, 0.8678982773581207510, 1.495391032865498682 ) ) ;
#3608 = VECTOR ( 'NONE', #4746, 1000.000000000000000 ) ;
#3609 = LINE ( 'NONE', #3477, #3567 ) ;
#3610 = LINE ( 'NONE', #3398, #5466 ) ;
#3611 = ORIENTED_EDGE ( 'NONE', *, *, #5352, .T. ) ;
#3612 = CARTESIAN_POINT ( 'NONE',  ( 0.9617744169692938883, 1.060432150648608518, -1.423172730297920019 ) ) ;
#3613 = CARTESIAN_POINT ( 'NONE',  ( 0.9085472168646446800, 1.075060824191286457, 1.395847325812896500 ) ) ;
#3614 = ORIENTED_EDGE ( 'NONE', *, *, #3814, .T. ) ;
#3615 = CARTESIAN_POINT ( 'NONE',  ( 1.052758449698640630, 0.9010269830140218428, 1.618101589068385415 ) ) ;
#3616 = EDGE_CURVE ( 'NONE', #3568, #4334, #4644, .T. ) ;
#3617 = CARTESIAN_POINT ( 'NONE',  ( -1.017987253188589625, 1.031511122344221487, 1.459066954022843809 ) ) ;
#3618 = CARTESIAN_POINT ( 'NONE',  ( 0.3249999999999998446, 0.1000000000000000472, 1.199999999999999956 ) ) ;
#3619 = FACE_OUTER_BOUND ( 'NONE', #5637, .T. ) ;
#3620 = LINE ( 'NONE', #4975, #5443 ) ;
#3621 = CARTESIAN_POINT ( 'NONE',  ( -1.128630500145189064, 0.8694969752440746547, -1.560222510943697127 ) ) ;
#3622 = CARTESIAN_POINT ( 'NONE',  ( 0.6999999999999961808, 0.1000000000000000056, -0.3250000000000000111 ) ) ;
#3623 = ORIENTED_EDGE ( 'NONE', *, *, #3257, .F. ) ;
#3624 = DIRECTION ( 'NONE',  ( -8.340016711426958247E-16, -0.000000000000000000, 1.000000000000000000 ) ) ;
#3625 = CARTESIAN_POINT ( 'NONE',  ( 1.029682429299929813, 0.9896591485322745463, -1.550326641656115001 ) ) ;
#3626 = EDGE_LOOP ( 'NONE', ( #2037, #767, #866, #3854 ) ) ;
#3627 = DIRECTION ( 'NONE',  ( -3.169206350342249222E-15, 0.000000000000000000, 1.000000000000000000 ) ) ;
#3628 = FACE_OUTER_BOUND ( 'NONE', #457, .T. ) ;
#3629 = CARTESIAN_POINT ( 'NONE',  ( -1.018432068775469768, 1.021395854030753947, -1.501467850033127549 ) ) ;
#3630 = VERTEX_POINT ( 'NONE', #553 ) ;
#3631 = UNCERTAINTY_MEASURE_WITH_UNIT (LENGTH_MEASURE( 1.000000000000000082E-05 ), #1015, 'distance_accuracy_value', 'NONE');
#3632 = ORIENTED_EDGE ( 'NONE', *, *, #2216, .T. ) ;
#3633 = CARTESIAN_POINT ( 'NONE',  ( 1.349999999999992317, 0.1000000000000000472, 0.8249999999999999556 ) ) ;
#3634 = ADVANCED_FACE ( 'NONE', ( #832 ), #1853, .T. ) ;
#3635 = DIRECTION ( 'NONE',  ( -2.335204679199548467E-15, 0.000000000000000000, 1.000000000000000000 ) ) ;
#3636 = DIRECTION ( 'NONE',  ( -0.000000000000000000, 0.000000000000000000, -1.000000000000000000 ) ) ;
#3637 = CARTESIAN_POINT ( 'NONE',  ( -1.018837728909750107, 0.8333633414105545700, 1.650590991302860466 ) ) ;
#3638 = COLOUR_RGB ( '',0.4862745098039215619, 0.2352941176470588203, 0.01568627450980392135 ) ;
#3639 = LINE ( 'NONE', #2391, #1635 ) ;
#3640 = ORIENTED_EDGE ( 'NONE', *, *, #5541, .F. ) ;
#3641 = CARTESIAN_POINT ( 'NONE',  ( -0.8919089345682004177, 1.074559958517205205, -1.412373891492456845 ) ) ;
#3642 = ORIENTED_EDGE ( 'NONE', *, *, #4475, .F. ) ;
#3643 = CARTESIAN_POINT ( 'NONE',  ( -1.155593655949626930, 0.7957007868728830369, -1.499999999999998668 ) ) ;
#3644 = CARTESIAN_POINT ( 'NONE',  ( 0.000000000000000000, 0.1000000000000000056, 0.000000000000000000 ) ) ;
#3645 = CARTESIAN_POINT ( 'NONE',  ( -1.124563205555288548, 0.9050562191262249145, 1.525330806713271370 ) ) ;
#3646 = DIRECTION ( 'NONE',  ( 0.000000000000000000, 0.000000000000000000, 1.000000000000000000 ) ) ;
#3647 = AXIS2_PLACEMENT_3D ( 'NONE', #3983, #1764, #5321 ) ;
#3648 = VECTOR ( 'NONE', #4916, 1000.000000000000000 ) ;
#3650 = EDGE_LOOP ( 'NONE', ( #4169, #2872, #4740, #2965 ) ) ;
#3649 = CARTESIAN_POINT ( 'NONE',  ( -0.9133116112695613964, 1.069716948358866215, 1.431656304474373087 ) ) ;
#3651 = EDGE_CURVE ( 'NONE', #4244, #1630, #842, .T. ) ;
#3652 = AXIS2_PLACEMENT_3D ( 'NONE', #907, #3125, #3459 ) ;
#3653 = VERTEX_POINT ( 'NONE', #4596 ) ;
#3654 = CARTESIAN_POINT ( 'NONE',  ( 1.142833789522857968, 0.8678982773581207510, 1.495391032865498682 ) ) ;
#3655 = FACE_OUTER_BOUND ( 'NONE', #2586, .T. ) ;
#3656 = VECTOR ( 'NONE', #4337, 1000.000000000000000 ) ;
#3657 = CARTESIAN_POINT ( 'NONE',  ( -0.9701235572961699472, 1.057074064806498681, 1.428395103203567995 ) ) ;
#3658 = ORIENTED_EDGE ( 'NONE', *, *, #3385, .F. ) ;
#3659 = FACE_OUTER_BOUND ( 'NONE', #5038, .T. ) ;
#3660 = VECTOR ( 'NONE', #2747, 1000.000000000000000 ) ;
#3661 = CARTESIAN_POINT ( 'NONE',  ( -1.084715230617549375, 0.9425429517256385115, -1.560627220570901530 ) ) ;
#3662 = CARTESIAN_POINT ( 'NONE',  ( -1.500000000000000222, 0.2300000000000000100, -2.000000000000000000 ) ) ;
#3663 = ORIENTED_EDGE ( 'NONE', *, *, #643, .T. ) ;
#3664 = DIRECTION ( 'NONE',  ( 0.000000000000000000, -1.000000000000000000, 0.000000000000000000 ) ) ;
#3665 = CARTESIAN_POINT ( 'NONE',  ( 0.3249999999999998446, 1.019238815542514276, -1.200000000000000178 ) ) ;
#3666 = DIRECTION ( 'NONE',  ( 0.000000000000000000, -1.000000000000000000, 0.000000000000000000 ) ) ;
#3667 = CARTESIAN_POINT ( 'NONE',  ( 0.9794079083387423612, 0.9663642128026077582, -1.591405377238723551 ) ) ;
#3668 = ORIENTED_EDGE ( 'NONE', *, *, #4442, .F. ) ;
#3669 = CARTESIAN_POINT ( 'NONE',  ( -0.8647579298523504487, 1.080000000000000071, 1.372547763150490985 ) ) ;
#3670 = CARTESIAN_POINT ( 'NONE',  ( 0.8804833732134933477, 1.078819882797845242, -1.383369493600466571 ) ) ;
#3671 = EDGE_CURVE ( 'NONE', #2309, #4008, #5644, .T. ) ;
#3672 = CARTESIAN_POINT ( 'NONE',  ( 1.020360687637824393, 0.7967102920926270038, 1.654495475396704718 ) ) ;
#3673 = ORIENTED_EDGE ( 'NONE', *, *, #3841, .F. ) ;
#3674 = LINE ( 'NONE', #4885, #157 ) ;
#3675 = CARTESIAN_POINT ( 'NONE',  ( -1.019200752812476463, 1.032013873492120037, -1.442185189760126107 ) ) ;
#3676 = FACE_OUTER_BOUND ( 'NONE', #549, .T. ) ;
#3677 = VERTEX_POINT ( 'NONE', #5042 ) ;
#3678 = ORIENTED_EDGE ( 'NONE', *, *, #3972, .T. ) ;
#3679 = DIRECTION ( 'NONE',  ( -0.000000000000000000, -1.000000000000000000, -0.000000000000000000 ) ) ;
#3680 = CARTESIAN_POINT ( 'NONE',  ( -1.350000000000006972, 0.000000000000000000, 1.474999999999999867 ) ) ;
#3681 = DIRECTION ( 'NONE',  ( 1.000000000000000000, -0.000000000000000000, 0.000000000000000000 ) ) ;
#3682 = CARTESIAN_POINT ( 'NONE',  ( -0.9810852765163229350, 0.9391128902535171852, -1.611159614939808638 ) ) ;
#3683 = PRESENTATION_LAYER_ASSIGNMENT (  '', '', ( #5674 ) ) ;
#3684 = LINE ( 'NONE', #3912, #5460 ) ;
#3685 = CARTESIAN_POINT ( 'NONE',  ( -1.033333026749338579, 0.8656085820249074247, 1.638468772382392968 ) ) ;
#3686 = VECTOR ( 'NONE', #1271, 1000.000000000000000 ) ;
#3687 = VERTEX_POINT ( 'NONE', #1987 ) ;
#3688 = EDGE_CURVE ( 'NONE', #4157, #1990, #1878, .T. ) ;
#3689 = ORIENTED_EDGE ( 'NONE', *, *, #864, .T. ) ;
#3690 = CARTESIAN_POINT ( 'NONE',  ( -0.8560047955232543693, 1.080000000000000071, -1.356004795523255479 ) ) ;
#3691 = VERTEX_POINT ( 'NONE', #2441 ) ;
#3692 = CARTESIAN_POINT ( 'NONE',  ( -1.155482082505487673, 0.7978297350112311115, -1.540734323873040656 ) ) ;
#3693 = CARTESIAN_POINT ( 'NONE',  ( 1.045701584145911189, 1.012648599492433910, 1.449683707545768252 ) ) ;
#3694 = CARTESIAN_POINT ( 'NONE',  ( -0.9999289384125665814, 0.8976693934451352996, 1.632146278713421550 ) ) ;
#3695 = APPLICATION_PROTOCOL_DEFINITION ( 'draft international standard', 'automotive_design', 1998, #5353 ) ;
#3696 = LINE ( 'NONE', #144, #5617 ) ;
#3697 = VECTOR ( 'NONE', #5487, 1000.000000000000000 ) ;
#3699 = ORIENTED_EDGE ( 'NONE', *, *, #3905, .T. ) ;
#3698 = CARTESIAN_POINT ( 'NONE',  ( -0.9442603579624370136, 1.066839277064833169, 1.399786392071568519 ) ) ;
#3700 = EDGE_CURVE ( 'NONE', #5322, #1325, #3780, .T. ) ;
#3701 = DIRECTION ( 'NONE',  ( 0.000000000000000000, 0.000000000000000000, -1.000000000000000000 ) ) ;
#3702 = CARTESIAN_POINT ( 'NONE',  ( -1.350000000000007638, 0.1000000000000000472, 0.8249999999999997335 ) ) ;
#3703 = ORIENTED_EDGE ( 'NONE', *, *, #33, .F. ) ;
#3704 = CARTESIAN_POINT ( 'NONE',  ( 1.050326641655962234, 0.9896591485324927051, 1.529682429299852320 ) ) ;
#3705 = CARTESIAN_POINT ( 'NONE',  ( -1.000930195477987450, 1.039955916374389444, 1.465711119651732286 ) ) ;
#3706 = VECTOR ( 'NONE', #5433, 1000.000000000000000 ) ;
#3707 = VECTOR ( 'NONE', #2003, 1000.000000000000000 ) ;
#3708 = B_SPLINE_CURVE_WITH_KNOTS ( 'NONE', 3,
 ( #1001, #5076, #5515, #661, #282, #1231, #4262, #3040, #5488, #3922, #696, #4371, #5450, #1100, #4690, #1547, #1003, #2432, #3269, #3682, #2868, #1886, #4056, #3204, #2353, #2706, #4588, #2392 ),
 .UNSPECIFIED., .F., .F.,
 ( 4, 2, 2, 2, 2, 2, 2, 2, 2, 2, 2, 2, 2, 4 ),
 ( 0.000000000000000000, 0.1244075529933187374, 0.1866113294899780506, 0.2488151059866374748, 0.3146173112615890943, 0.3804195165365408249, 0.4462217218114924444, 0.5120239270864441750, 0.5761099524911357239, 0.6401959778958273839, 0.7683680287052107039, 0.8262760215289080001, 0.8841840143526054074, 1.000000000000000000 ),
 .UNSPECIFIED. ) ;
#3709 = ORIENTED_EDGE ( 'NONE', *, *, #4475, .T. ) ;
#3710 = DIRECTION ( 'NONE',  ( -1.000000000000000000, 0.000000000000000000, 0.000000000000000000 ) ) ;
#3711 = VERTEX_POINT ( 'NONE', #649 ) ;
#3712 = CARTESIAN_POINT ( 'NONE',  ( 0.6999999999999969580, 0.1000000000000000056, 0.3249999999999999001 ) ) ;
#3713 = CARTESIAN_POINT ( 'NONE',  ( -1.155593655949626930, 0.7957007868728830369, -1.499999999999998668 ) ) ;
#3714 = DIRECTION ( 'NONE',  ( 1.000000000000000000, 0.000000000000000000, 0.000000000000000000 ) ) ;
#3715 = CARTESIAN_POINT ( 'NONE',  ( 1.082194098904261548, 0.9766975885783590883, -1.482418107663764140 ) ) ;
#3716 = ORIENTED_EDGE ( 'NONE', *, *, #33, .T. ) ;
#3717 = CARTESIAN_POINT ( 'NONE',  ( -0.8560047955232549244, 1.079999999999999849, 1.356004795523254813 ) ) ;
#3718 = VECTOR ( 'NONE', #565, 1000.000000000000000 ) ;
#3719 = CARTESIAN_POINT ( 'NONE',  ( 1.154604415021358799, 0.8139941123860605643, 1.509991958629589792 ) ) ;
#3720 = EDGE_LOOP ( 'NONE', ( #1771, #1945, #1816, #926 ) ) ;
#3721 = CARTESIAN_POINT ( 'NONE',  ( -0.9593318732494089396, 1.017099402649506823, -1.539698421181800336 ) ) ;
#3722 = FACE_OUTER_BOUND ( 'NONE', #4673, .T. ) ;
#3723 = ORIENTED_EDGE ( 'NONE', *, *, #2351, .F. ) ;
#3724 = EDGE_LOOP ( 'NONE', ( #4369, #4238, #3393, #498 ) ) ;
#3725 =( NAMED_UNIT ( * ) PLANE_ANGLE_UNIT ( ) SI_UNIT ( $, .RADIAN. ) );
#3726 = CARTESIAN_POINT ( 'NONE',  ( 0.8703932357282745391, 1.079999999999999849, -1.366888967845178326 ) ) ;
#3727 = PLANE ( 'NONE',  #2316 ) ;
#3728 = CARTESIAN_POINT ( 'NONE',  ( -0.8560047955232542582, 1.080000000000000071, -1.356004795523255479 ) ) ;
#3729 = EDGE_CURVE ( 'NONE', #3873, #4414, #1867, .T. ) ;
#3730 = CARTESIAN_POINT ( 'NONE',  ( -1.138468772634224191, 0.8656085796382357866, 1.533333020920716105 ) ) ;
#3731 = EDGE_LOOP ( 'NONE', ( #1315, #3658, #3466, #1780 ) ) ;
#3732 = EDGE_LOOP ( 'NONE', ( #3409, #4275 ) ) ;
#3733 = PLANE ( 'NONE',  #3438 ) ;
#3734 = CARTESIAN_POINT ( 'NONE',  ( -0.5500000000000002665, 0.6764466094067260737, -0.9250000000000000444 ) ) ;
#3735 = ORIENTED_EDGE ( 'NONE', *, *, #1840, .T. ) ;
#3736 = PRESENTATION_STYLE_ASSIGNMENT (( #4463 ) ) ;
#3737 = DIRECTION ( 'NONE',  ( -1.000000000000000000, 0.000000000000000000, -3.502807018799328419E-15 ) ) ;
#3738 = CARTESIAN_POINT ( 'NONE',  ( 0.3249999999999998446, 0.1000000000000000472, -1.200000000000000178 ) ) ;
#3739 = DIRECTION ( 'NONE',  ( 1.000000000000000000, -0.000000000000000000, 6.672013369141567189E-16 ) ) ;
#3740 = FACE_OUTER_BOUND ( 'NONE', #4189, .T. ) ;
#3741 = DIRECTION ( 'NONE',  ( 1.000000000000000000, 0.000000000000000000, 0.000000000000000000 ) ) ;
#3742 = CARTESIAN_POINT ( 'NONE',  ( -1.040052270511132804, 0.9398297413984230131, 1.600233160514496822 ) ) ;
#3743 = ORIENTED_EDGE ( 'NONE', *, *, #1434, .T. ) ;
#3744 = AXIS2_PLACEMENT_3D ( 'NONE', #2676, #3114, #5282 ) ;
#3745 = LINE ( 'NONE', #2471, #2052 ) ;
#3746 = LINE ( 'NONE', #4552, #5606 ) ;
#3748 = ORIENTED_EDGE ( 'NONE', *, *, #1590, .F. ) ;
#3747 = CARTESIAN_POINT ( 'NONE',  ( -0.9017131742648275550, 1.073508056721183213, 1.416265637862302862 ) ) ;
#3749 = CARTESIAN_POINT ( 'NONE',  ( 1.124294789212310297, 0.7990653471991326917, -1.595498502216584402 ) ) ;
#3750 = CARTESIAN_POINT ( 'NONE',  ( -0.7000000000000037303, 0.1000000000000000472, -0.3250000000000001776 ) ) ;
#3751 = CARTESIAN_POINT ( 'NONE',  ( 0.9729004337782933831, 0.9631614094146692118, 1.593869606044637344 ) ) ;
#3752 = ADVANCED_FACE ( 'NONE', ( #3740 ), #1121, .T. ) ;
#3753 = CARTESIAN_POINT ( 'NONE',  ( -1.010249193623546482, 1.036452073028129250, 1.454073574417917403 ) ) ;
#3754 = CARTESIAN_POINT ( 'NONE',  ( 0.3250000000000000666, 0.1000000000000000056, -1.850000000000000089 ) ) ;
#3755 = LINE ( 'NONE', #3400, #3707 ) ;
#3756 = CARTESIAN_POINT ( 'NONE',  ( -0.9381319326289110361, 1.062835149030490367, 1.447784786906690879 ) ) ;
#3757 = ORIENTED_EDGE ( 'NONE', *, *, #5359, .F. ) ;
#3758 = LINE ( 'NONE', #3565, #3932 ) ;
#3759 = AXIS2_PLACEMENT_3D ( 'NONE', #2692, #1960, #2418 ) ;
#3760 =( LENGTH_UNIT ( ) NAMED_UNIT ( * ) SI_UNIT ( .MILLI., .METRE. ) );
#3761 = ORIENTED_EDGE ( 'NONE', *, *, #3918, .F. ) ;
#3762 = CARTESIAN_POINT ( 'NONE',  ( 0.6999999999999961808, 0.000000000000000000, -0.3250000000000000111 ) ) ;
#3763 = CARTESIAN_POINT ( 'NONE',  ( -0.5500000000000002665, 1.030000000000000027, -1.050000000000000044 ) ) ;
#3764 = DIRECTION ( 'NONE',  ( -1.000000000000000000, -0.000000000000000000, 3.336006684570789018E-16 ) ) ;
#3765 = CARTESIAN_POINT ( 'NONE',  ( 0.9879188070732540794, 1.019498612759528688, -1.530329346716742478 ) ) ;
#3766 = EDGE_LOOP ( 'NONE', ( #758, #4635, #1732, #2874 ) ) ;
#3767 = VECTOR ( 'NONE', #4208, 1000.000000000000000 ) ;
#3768 = VECTOR ( 'NONE', #187, 1000.000000000000000 ) ;
#3769 = VECTOR ( 'NONE', #2429, 1000.000000000000000 ) ;
#3770 = CARTESIAN_POINT ( 'NONE',  ( 0.3249999999999998446, 0.1000000000000000056, 1.199999999999999956 ) ) ;
#3771 = EDGE_LOOP ( 'NONE', ( #3865, #1902, #2288, #65 ) ) ;
#3772 = CARTESIAN_POINT ( 'NONE',  ( -1.011634340697970202, 1.026891169386332070, -1.495414958666265726 ) ) ;
#3773 = VERTEX_POINT ( 'NONE', #3563 ) ;
#3774 = ORIENTED_EDGE ( 'NONE', *, *, #1590, .T. ) ;
#3775 = CARTESIAN_POINT ( 'NONE',  ( -1.350000000000003197, 0.1000000000000000056, 0.3250000000000000111 ) ) ;
#3776 = CARTESIAN_POINT ( 'NONE',  ( 0.8560047955232551464, 1.080000000000000071, -1.356004795523254591 ) ) ;
#3777 = EDGE_CURVE ( 'NONE', #2007, #3981, #5633, .T. ) ;
#3778 = CARTESIAN_POINT ( 'NONE',  ( 0.9999999999999988898, 0.7957007868728832589, -1.655593655949627374 ) ) ;
#3779 = DIRECTION ( 'NONE',  ( 0.000000000000000000, -0.000000000000000000, 1.000000000000000000 ) ) ;
#3780 = CIRCLE ( 'NONE', #3184, 0.1250000000000001110 ) ;
#3781 = ORIENTED_EDGE ( 'NONE', *, *, #3082, .T. ) ;
#3782 = FACE_OUTER_BOUND ( 'NONE', #4291, .T. ) ;
#3783 = CARTESIAN_POINT ( 'NONE',  ( 0.9617743918624874766, 1.060432157585114110, 1.423172758549120509 ) ) ;
#3784 = VERTEX_POINT ( 'NONE', #5319 ) ;
#3785 = SURFACE_STYLE_USAGE ( .BOTH. , #1646 ) ;
#3786 = CARTESIAN_POINT ( 'NONE',  ( 0.3249999999999998446, 0.000000000000000000, -1.200000000000000178 ) ) ;
#3787 = ORIENTED_EDGE ( 'NONE', *, *, #333, .F. ) ;
#3788 = EDGE_CURVE ( 'NONE', #3561, #3363, #3696, .T. ) ;
#3789 = CARTESIAN_POINT ( 'NONE',  ( 1.109854893364353945, 0.9411511292090634084, -1.480306331955975940 ) ) ;
#3790 = CARTESIAN_POINT ( 'NONE',  ( -0.9794079083388751439, 0.9663642128026911360, 1.591405377238655827 ) ) ;
#3791 = CARTESIAN_POINT ( 'NONE',  ( 0.000000000000000000, 0.000000000000000000, 0.000000000000000000 ) ) ;
#3792 = ORIENTED_EDGE ( 'NONE', *, *, #1600, .T. ) ;
#3793 = ORIENTED_EDGE ( 'NONE', *, *, #1896, .T. ) ;
#3794 = CARTESIAN_POINT ( 'NONE',  ( 1.009991958629342212, 0.8139941123859031347, -1.654604415021239561 ) ) ;
#3795 = ADVANCED_FACE ( 'NONE', ( #1848 ), #1652, .T. ) ;
#3796 = DIRECTION ( 'NONE',  ( -1.000000000000000000, -0.000000000000000000, 3.336006684570788525E-16 ) ) ;
#3797 = VERTEX_POINT ( 'NONE', #5690 ) ;
#3798 = CARTESIAN_POINT ( 'NONE',  ( 1.121191648479978653, 0.9217622814955226396, 1.485751251750359492 ) ) ;
#3799 = DIRECTION ( 'NONE',  ( 1.000802005371234635E-15, 0.000000000000000000, 1.000000000000000000 ) ) ;
#3800 = VECTOR ( 'NONE', #4520, 1000.000000000000000 ) ;
#3801 = ORIENTED_EDGE ( 'NONE', *, *, #3059, .F. ) ;
#3802 = CARTESIAN_POINT ( 'NONE',  ( -1.350000000000003197, 0.1000000000000000472, 0.3250000000000000111 ) ) ;
#3803 = VERTEX_POINT ( 'NONE', #2553 ) ;
#3804 = CARTESIAN_POINT ( 'NONE',  ( -1.500000000000000222, 0.2300000000000000100, 2.000000000000000000 ) ) ;
#3805 = CARTESIAN_POINT ( 'NONE',  ( 1.008367865028721111, 1.035343849423406848, -1.471429189291255435 ) ) ;
#3806 = VERTEX_POINT ( 'NONE', #1293 ) ;
#3807 = CARTESIAN_POINT ( 'NONE',  ( 0.8877431705437951459, 1.078652043715134123, -1.376152892882380296 ) ) ;
#3808 = ADVANCED_FACE ( 'NONE', ( #3576 ), #1257, .T. ) ;
#3809 = SURFACE_STYLE_FILL_AREA ( #574 ) ;
#3810 = CARTESIAN_POINT ( 'NONE',  ( -1.299999999999999822, 0.2300000000000000100, -1.499999999999997780 ) ) ;
#3811 = CARTESIAN_POINT ( 'NONE',  ( -0.9978348271771487754, 1.036876941676774244, -1.483059366284741776 ) ) ;
#3812 = LINE ( 'NONE', #3770, #1803 ) ;
#3813 = VERTEX_POINT ( 'NONE', #5514 ) ;
#3814 = EDGE_CURVE ( 'NONE', #3816, #494, #5121, .T. ) ;
#3815 = AXIS2_PLACEMENT_3D ( 'NONE', #1308, #470, #2352 ) ;
#3816 = VERTEX_POINT ( 'NONE', #3950 ) ;
#3817 = CARTESIAN_POINT ( 'NONE',  ( -0.6750000000000001554, 1.320000000000000062, 1.175000000000000044 ) ) ;
#3818 = CARTESIAN_POINT ( 'NONE',  ( 0.8560047955232551464, 1.080000000000000071, -1.356004795523254813 ) ) ;
#3819 = CARTESIAN_POINT ( 'NONE',  ( 0.6999999999999969580, 0.1000000000000000472, 0.3249999999999999001 ) ) ;
#3820 = DIRECTION ( 'NONE',  ( 0.000000000000000000, 1.000000000000000000, 0.000000000000000000 ) ) ;
#3821 = ORIENTED_EDGE ( 'NONE', *, *, #3671, .F. ) ;
#3822 = CARTESIAN_POINT ( 'NONE',  ( -0.9858695707440293665, 1.048352124157187149, 1.454116836145475045 ) ) ;
#3823 = CARTESIAN_POINT ( 'NONE',  ( 0.9190577006088279655, 1.067478312175687893, 1.439323911156828339 ) ) ;
#3824 = ORIENTED_EDGE ( 'NONE', *, *, #5244, .T. ) ;
#3825 = CARTESIAN_POINT ( 'NONE',  ( 0.9637448844461012909, 0.9855708825234341663, -1.574742497494045601 ) ) ;
#3826 = EDGE_CURVE ( 'NONE', #3995, #769, #3223, .T. ) ;
#3827 = ORIENTED_EDGE ( 'NONE', *, *, #63, .F. ) ;
#3828 = AXIS2_PLACEMENT_3D ( 'NONE', #3775, #329, #745 ) ;
#3829 = VERTEX_POINT ( 'NONE', #4818 ) ;
#3830 = CARTESIAN_POINT ( 'NONE',  ( -1.123587751873382334, 0.8162511797680789272, -1.594931797919732830 ) ) ;
#3831 = DIRECTION ( 'NONE',  ( -1.000000000000000000, -0.000000000000000000, 0.000000000000000000 ) ) ;
#3832 = EDGE_CURVE ( 'NONE', #3272, #2098, #3545, .T. ) ;
#3833 = EDGE_LOOP ( 'NONE', ( #2579, #5469, #3757, #2672 ) ) ;
#3834 = CARTESIAN_POINT ( 'NONE',  ( 1.052758457978174800, 0.9010269862670994279, -1.618101588284353465 ) ) ;
#3835 =( NAMED_UNIT ( * ) PLANE_ANGLE_UNIT ( ) SI_UNIT ( $, .RADIAN. ) );
#3836 = CARTESIAN_POINT ( 'NONE',  ( 1.000000000000000222, 0.4599563724130460995, 1.803367680097882175 ) ) ;
#3837 = EDGE_LOOP ( 'NONE', ( #2464, #392, #567, #552, #4215, #4253, #2424, #4307 ) ) ;
#3838 = CARTESIAN_POINT ( 'NONE',  ( 1.073863568457070539, 0.9597915450704715967, 1.550833273150566072 ) ) ;
#3839 = PLANE ( 'NONE',  #3133 ) ;
#3840 = FACE_OUTER_BOUND ( 'NONE', #3837, .T. ) ;
#3841 = EDGE_CURVE ( 'NONE', #880, #1891, #1623, .T. ) ;
#3842 = CARTESIAN_POINT ( 'NONE',  ( -1.087732609982513976, 0.9708480168051725201, -1.469974506217130106 ) ) ;
#3843 = ORIENTED_EDGE ( 'NONE', *, *, #398, .T. ) ;
#3844 = DIRECTION ( 'NONE',  ( -6.304750828634012394E-16, -0.9986295347545739443, 0.05233595624294395260 ) ) ;
#3845 = PLANE ( 'NONE',  #5242 ) ;
#3846 =( NAMED_UNIT ( * ) SI_UNIT ( $, .STERADIAN. ) SOLID_ANGLE_UNIT ( ) );
#3847 = CARTESIAN_POINT ( 'NONE',  ( 1.061980102889957811, 0.9978717158093280970, -1.471553251687901742 ) ) ;
#3848 = ORIENTED_EDGE ( 'NONE', *, *, #3526, .F. ) ;
#3849 = FACE_OUTER_BOUND ( 'NONE', #1884, .T. ) ;
#3850 = CARTESIAN_POINT ( 'NONE',  ( -0.9387423976717279572, 1.049599244412331656, -1.486490604946648864 ) ) ;
#3851 = ORIENTED_EDGE ( 'NONE', *, *, #4067, .T. ) ;
#3852 = EDGE_CURVE ( 'NONE', #3691, #4020, #3534, .T. ) ;
#3853 = B_SPLINE_CURVE_WITH_KNOTS ( 'NONE', 3,
 ( #1573, #1988, #2444, #1464, #2072, #190, #4248, #4134, #4562, #5516, #1054, #1942, #2404, #5013, #5436, #229, #5115, #199, #1159 ),
 .UNSPECIFIED., .F., .F.,
 ( 4, 2, 2, 1, 2, 2, 2, 2, 2, 4 ),
 ( 0.000000000000000000, 0.1249999999999966416, 0.1874999999999952260, 0.2187499999999938383, 0.2343749999999929501, 0.2499999999999920619, 0.3749999999999934497, 0.4374999999999940048, 0.4999999999999945599, 1.000000000000000000 ),
 .UNSPECIFIED. ) ;
#3854 = ORIENTED_EDGE ( 'NONE', *, *, #5234, .T. ) ;
#3855 = DIRECTION ( 'NONE',  ( -1.000000000000000000, -0.000000000000000000, 3.336006684570788525E-16 ) ) ;
#3856 = ADVANCED_FACE ( 'NONE', ( #5418 ), #4509, .T. ) ;
#3857 = CARTESIAN_POINT ( 'NONE',  ( 0.3249999999999998446, 0.1000000000000000056, 1.199999999999999956 ) ) ;
#3858 = ORIENTED_EDGE ( 'NONE', *, *, #3464, .F. ) ;
#3859 = CARTESIAN_POINT ( 'NONE',  ( 0.9482733208117199997, 1.052147932179399614, 1.478245760000579612 ) ) ;
#3860 = EDGE_LOOP ( 'NONE', ( #3883, #72, #2729, #25 ) ) ;
#3861 = CARTESIAN_POINT ( 'NONE',  ( 1.349999999999991873, 0.1000000000000000056, 1.474999999999999645 ) ) ;
#3862 = AXIS2_PLACEMENT_3D ( 'NONE', #4893, #2690, #204 ) ;
#3863 = CARTESIAN_POINT ( 'NONE',  ( 1.180000000000000160, 0.3300000000000000155, 1.499999999999997780 ) ) ;
#3864 = ORIENTED_EDGE ( 'NONE', *, *, #2862, .F. ) ;
#3865 = ORIENTED_EDGE ( 'NONE', *, *, #3897, .T. ) ;
#3866 = DIRECTION ( 'NONE',  ( -0.000000000000000000, -1.000000000000000000, -0.000000000000000000 ) ) ;
#3867 = CARTESIAN_POINT ( 'NONE',  ( 0.9716037543461402137, 1.056845198409426922, -1.413306495145075781 ) ) ;
#3868 = PLANE ( 'NONE',  #4333 ) ;
#3869 = CARTESIAN_POINT ( 'NONE',  ( -1.033229320063351775, 1.020660045154884399, 1.468716976451230005 ) ) ;
#3870 = ORIENTED_EDGE ( 'NONE', *, *, #481, .F. ) ;
#3871 = CARTESIAN_POINT ( 'NONE',  ( 1.025330818345378647, 0.9050562235448492698, -1.624563203812964929 ) ) ;
#3872 = DIRECTION ( 'NONE',  ( -0.000000000000000000, -1.000000000000000000, -0.000000000000000000 ) ) ;
#3873 = VERTEX_POINT ( 'NONE', #2319 ) ;
#3874 = CARTESIAN_POINT ( 'NONE',  ( 1.110984259090728843, 0.9333068753258934036, 1.517237043221409953 ) ) ;
#3875 = CARTESIAN_POINT ( 'NONE',  ( 0.8560047955232548134, 1.080000000000000071, 1.356004795523255479 ) ) ;
#3876 = LINE ( 'NONE', #117, #1811 ) ;
#3877 = DIRECTION ( 'NONE',  ( 0.000000000000000000, 0.000000000000000000, -1.000000000000000000 ) ) ;
#3878 = ORIENTED_EDGE ( 'NONE', *, *, #4190, .T. ) ;
#3879 = CARTESIAN_POINT ( 'NONE',  ( 0.6749999999999999334, 1.320000000000000062, -0.1750000000000001554 ) ) ;
#3880 = DIRECTION ( 'NONE',  ( -0.000000000000000000, -1.000000000000000000, -0.000000000000000000 ) ) ;
#3881 = DIRECTION ( 'NONE',  ( -0.000000000000000000, -1.000000000000000000, -0.000000000000000000 ) ) ;
#3882 = CARTESIAN_POINT ( 'NONE',  ( 0.9463995327795696744, 1.026656335933252118, -1.527180401684514521 ) ) ;
#3883 = ORIENTED_EDGE ( 'NONE', *, *, #2727, .T. ) ;
#3884 = FACE_OUTER_BOUND ( 'NONE', #1759, .T. ) ;
#3885 = ORIENTED_EDGE ( 'NONE', *, *, #1608, .T. ) ;
#3886 = AXIS2_PLACEMENT_3D ( 'NONE', #4375, #5196, #5626 ) ;
#3887 = CARTESIAN_POINT ( 'NONE',  ( -0.9133115710121048059, 1.069716942703692997, -1.431656343908732865 ) ) ;
#3888 = ORIENTED_EDGE ( 'NONE', *, *, #4067, .F. ) ;
#3889 = CIRCLE ( 'NONE', #3974, 0.1299999999999998934 ) ;
#3890 = ADVANCED_FACE ( 'NONE', ( #4732 ), #3733, .F. ) ;
#3891 = CARTESIAN_POINT ( 'NONE',  ( -0.9084671551604631690, 1.065252619288746372, 1.449156021624043333 ) ) ;
#3892 = ORIENTED_EDGE ( 'NONE', *, *, #2107, .F. ) ;
#3893 = CARTESIAN_POINT ( 'NONE',  ( -0.9999999999999997780, 0.3300000000000000155, 1.500000000000000000 ) ) ;
#3894 =( LENGTH_UNIT ( ) NAMED_UNIT ( * ) SI_UNIT ( .MILLI., .METRE. ) );
#3895 = CARTESIAN_POINT ( 'NONE',  ( 0.9477848336557880282, 1.062835146030985278, -1.438131884519657566 ) ) ;
#3896 = ORIENTED_EDGE ( 'NONE', *, *, #2877, .T. ) ;
#3897 = EDGE_CURVE ( 'NONE', #1972, #2945, #1069, .T. ) ;
#3898 = B_SPLINE_CURVE_WITH_KNOTS ( 'NONE', 3,
 ( #1605, #5108, #3454, #2549, #1568, #4206, #4779, #2949, #5642, #4631, #3347, #3825, #5472, #4286, #5551, #683, #1118, #4709, #336, #3383, #5603, #372, #5685, #30, #869, #2215, #4391, #3494 ),
 .UNSPECIFIED., .F., .F.,
 ( 4, 2, 2, 2, 2, 2, 2, 2, 2, 2, 2, 2, 2, 4 ),
 ( 0.000000000000000000, 0.1158159856474693106, 0.1737239784712039659, 0.2316319712949386211, 0.3598040221043747322, 0.4238900475090927600, 0.4879760729138108433, 0.5537782781887408134, 0.6195804834636706726, 0.6853826887386005318, 0.7511848940135303909, 0.8133886705101478487, 0.8755924470067651955, 1.000000000000000000 ),
 .UNSPECIFIED. ) ;
#3899 = CARTESIAN_POINT ( 'NONE',  ( -0.9463995327796768109, 1.026656335933313846, 1.527180401684425703 ) ) ;
#3900 = CARTESIAN_POINT ( 'NONE',  ( 0.9155027378734509336, 1.058258015718754441, 1.468567180271904693 ) ) ;
#3901 = PRESENTATION_LAYER_ASSIGNMENT (  '', '', ( #5158 ) ) ;
#3902 = ORIENTED_EDGE ( 'NONE', *, *, #63, .T. ) ;
#3903 = COLOUR_RGB ( '',0.4862745098039215619, 0.2352941176470588203, 0.01568627450980392135 ) ;
#3904 = CARTESIAN_POINT ( 'NONE',  ( 0.3249999999999998446, 1.019238815542514276, 1.199999999999999956 ) ) ;
#3905 = EDGE_CURVE ( 'NONE', #3630, #556, #990, .T. ) ;
#3906 = ORIENTED_EDGE ( 'NONE', *, *, #3450, .F. ) ;
#3907 = ADVANCED_FACE ( 'NONE', ( #2992 ), #2284, .F. ) ;
#3908 = VERTEX_POINT ( 'NONE', #1253 ) ;
#3909 = CARTESIAN_POINT ( 'NONE',  ( -1.091840223428963919, 0.8381249224547007159, -1.620095855837458521 ) ) ;
#3910 = CARTESIAN_POINT ( 'NONE',  ( 1.350000000000002753, 0.1000000000000000472, -0.8249999999999989564 ) ) ;
#3911 = PLANE ( 'NONE',  #4380 ) ;
#3912 = CARTESIAN_POINT ( 'NONE',  ( -1.349999999999995870, 0.000000000000000000, -1.275000000000003020 ) ) ;
#3913 = VERTEX_POINT ( 'NONE', #3416 ) ;
#3914 = CARTESIAN_POINT ( 'NONE',  ( 1.038162836380088772, 0.8350579182360873265, -1.646305281191069225 ) ) ;
#3915 = CARTESIAN_POINT ( 'NONE',  ( 0.9047596145467060591, 1.075261167410402008, -1.399679617437431967 ) ) ;
#3916 = ORIENTED_EDGE ( 'NONE', *, *, #5041, .T. ) ;
#3917 = CARTESIAN_POINT ( 'NONE',  ( 1.030329346716415628, 1.019498612760056933, 1.487918807073184579 ) ) ;
#3918 = EDGE_CURVE ( 'NONE', #3382, #556, #1089, .T. ) ;
#3919 = PLANE ( 'NONE',  #5521 ) ;
#3920 = LINE ( 'NONE', #4303, #3952 ) ;
#3921 = CARTESIAN_POINT ( 'NONE',  ( -1.012778158647758664, 0.9872788506212690773, -1.564378897820129843 ) ) ;
#3922 = CARTESIAN_POINT ( 'NONE',  ( -0.9258613262385306797, 1.045011609023280386, -1.497056737032443907 ) ) ;
#3923 = ORIENTED_EDGE ( 'NONE', *, *, #2727, .F. ) ;
#3924 = CARTESIAN_POINT ( 'NONE',  ( 1.350000000000002753, 0.000000000000000000, -0.8249999999999989564 ) ) ;
#3925 = CARTESIAN_POINT ( 'NONE',  ( 0.000000000000000000, 0.000000000000000000, 0.000000000000000000 ) ) ;
#3926 = CARTESIAN_POINT ( 'NONE',  ( 0.9506728725464977936, 1.028444942186910849, -1.524187057294406733 ) ) ;
#3927 = ORIENTED_EDGE ( 'NONE', *, *, #5201, .F. ) ;
#3928 = CARTESIAN_POINT ( 'NONE',  ( -1.125348625186294305, 0.8802860065955709912, 1.557816260335993297 ) ) ;
#3929 = EDGE_LOOP ( 'NONE', ( #2152, #37, #270, #4825 ) ) ;
#3930 = CARTESIAN_POINT ( 'NONE',  ( -0.9627543289351977451, 1.059053844519581400, -1.436611699969118527 ) ) ;
#3931 = ORIENTED_EDGE ( 'NONE', *, *, #5314, .F. ) ;
#3932 = VECTOR ( 'NONE', #4069, 1000.000000000000000 ) ;
#3933 = ORIENTED_EDGE ( 'NONE', *, *, #1887, .T. ) ;
#3934 = DIRECTION ( 'NONE',  ( -0.000000000000000000, -1.000000000000000000, -0.000000000000000000 ) ) ;
#3935 = CARTESIAN_POINT ( 'NONE',  ( 1.349999999999996092, 0.1000000000000000056, -0.3250000000000000111 ) ) ;
#3936 = DIRECTION ( 'NONE',  ( -4.336808689942017736E-15, -0.000000000000000000, 1.000000000000000000 ) ) ;
#3937 = VERTEX_POINT ( 'NONE', #2026 ) ;
#3938 = CYLINDRICAL_SURFACE ( 'NONE', #4261, 0.1250000000000001110 ) ;
#3939 = LINE ( 'NONE', #2208, #3978 ) ;
#3940 = CARTESIAN_POINT ( 'NONE',  ( 0.8958473006663631999, 1.075060821379770104, 1.408547244462522219 ) ) ;
#3941 = ORIENTED_EDGE ( 'NONE', *, *, #76, .F. ) ;
#3942 = FACE_OUTER_BOUND ( 'NONE', #705, .T. ) ;
#3943 = CARTESIAN_POINT ( 'NONE',  ( 0.9999999999999988898, 0.4531526981014634137, -1.673545840579787614 ) ) ;
#3944 = ADVANCED_FACE ( 'NONE', ( #4640 ), #2724, .T. ) ;
#3945 = ORIENTED_EDGE ( 'NONE', *, *, #5244, .F. ) ;
#3946 = CARTESIAN_POINT ( 'NONE',  ( -0.9228775636250144965, 1.055490252717711686, 1.474963207986923708 ) ) ;
#3947 = LINE ( 'NONE', #160, #2100 ) ;
#3948 = VERTEX_POINT ( 'NONE', #5073 ) ;
#3949 = CARTESIAN_POINT ( 'NONE',  ( 0.6999999999999929612, 0.1000000000000000056, 1.474999999999999645 ) ) ;
#3950 = CARTESIAN_POINT ( 'NONE',  ( 1.499999999999999778, 0.2300000000000000100, 2.000000000000000000 ) ) ;
#3951 = CARTESIAN_POINT ( 'NONE',  ( -1.093869606044719500, 0.9631614094145591887, 1.472900433778170370 ) ) ;
#3952 = VECTOR ( 'NONE', #1232, 1000.000000000000000 ) ;
#3953 = VECTOR ( 'NONE', #2172, 1000.000000000000000 ) ;
#3954 = DIRECTION ( 'NONE',  ( -1.000000000000000000, 0.000000000000000000, -3.502807018799328419E-15 ) ) ;
#3955 = DIRECTION ( 'NONE',  ( 4.818676322157851609E-16, -0.000000000000000000, -1.000000000000000000 ) ) ;
#3956 = EDGE_CURVE ( 'NONE', #2314, #4243, #2815, .T. ) ;
#3957 = CARTESIAN_POINT ( 'NONE',  ( -0.9660327775028948460, 0.9954149135488836730, 1.565072611101078426 ) ) ;
#3958 = ORIENTED_EDGE ( 'NONE', *, *, #2932, .T. ) ;
#3959 = CARTESIAN_POINT ( 'NONE',  ( 1.057816265813271706, 0.8802860089791915144, -1.625348625375323763 ) ) ;
#3960 = EDGE_LOOP ( 'NONE', ( #1720, #5438, #3748, #2732 ) ) ;
#3961 = CARTESIAN_POINT ( 'NONE',  ( 0.9824008116479444608, 1.002083375574854163, 1.555294769402952415 ) ) ;
#3962 = ADVANCED_FACE ( 'NONE', ( #2780 ), #718, .F. ) ;
#3963 = CARTESIAN_POINT ( 'NONE',  ( 0.3249999999999998446, 0.000000000000000000, 1.199999999999999956 ) ) ;
#3964 = ORIENTED_EDGE ( 'NONE', *, *, #2240, .T. ) ;
#3965 = CIRCLE ( 'NONE', #2327, 0.1299999999999998934 ) ;
#3966 = CARTESIAN_POINT ( 'NONE',  ( -1.072001258041176852, 0.9884913725596484735, -1.469533799916493688 ) ) ;
#3967 = ORIENTED_EDGE ( 'NONE', *, *, #3520, .T. ) ;
#3968 = LINE ( 'NONE', #819, #5592 ) ;
#3969 = DIRECTION ( 'NONE',  ( 0.000000000000000000, -1.000000000000000000, 0.000000000000000000 ) ) ;
#3970 = DIRECTION ( 'NONE',  ( 0.000000000000000000, 0.000000000000000000, 1.000000000000000000 ) ) ;
#3971 = CARTESIAN_POINT ( 'NONE',  ( 0.9999999999999988898, 0.7957007868728832589, -1.655593655949627374 ) ) ;
#3972 = EDGE_CURVE ( 'NONE', #4082, #2246, #4629, .T. ) ;
#3973 = ORIENTED_EDGE ( 'NONE', *, *, #3788, .T. ) ;
#3974 = AXIS2_PLACEMENT_3D ( 'NONE', #2981, #3148, #861 ) ;
#3975 = FACE_OUTER_BOUND ( 'NONE', #186, .T. ) ;
#3976 = ORIENTED_EDGE ( 'NONE', *, *, #5180, .T. ) ;
#3977 = CYLINDRICAL_SURFACE ( 'NONE', #5232, 0.1299999999999998934 ) ;
#3978 = VECTOR ( 'NONE', #2245, 1000.000000000000000 ) ;
#3979 = CARTESIAN_POINT ( 'NONE',  ( -0.9075808603755588511, 1.068689204177734053, -1.437058066969596259 ) ) ;
#3980 = ORIENTED_EDGE ( 'NONE', *, *, #5561, .T. ) ;
#3981 = VERTEX_POINT ( 'NONE', #3308 ) ;
#3982 = CARTESIAN_POINT ( 'NONE',  ( -1.349999999999996092, 0.1000000000000000472, -0.8250000000000081712 ) ) ;
#3983 = CARTESIAN_POINT ( 'NONE',  ( -0.6750000000000001554, 1.080000000000000071, 1.175000000000000044 ) ) ;
#3984 = MANIFOLD_SOLID_BREP ( 'Boss-Extrude5', #1356 ) ;
#3985 = AXIS2_PLACEMENT_3D ( 'NONE', #1478, #3539, #1440 ) ;
#3986 = VECTOR ( 'NONE', #1822, 1000.000000000000000 ) ;
#3987 = VERTEX_POINT ( 'NONE', #2102 ) ;
#3988 = EDGE_CURVE ( 'NONE', #2640, #3995, #3038, .T. ) ;
#3989 = CARTESIAN_POINT ( 'NONE',  ( 0.9047595839167111853, 1.075261168535021961, 1.399679647086792489 ) ) ;
#3990 = VERTEX_POINT ( 'NONE', #4353 ) ;
#3991 = CARTESIAN_POINT ( 'NONE',  ( 1.069138610966037906, 0.8157903231157292989, 1.640589816668167389 ) ) ;
#3992 = CARTESIAN_POINT ( 'NONE',  ( 0.3249999999999998446, 0.000000000000000000, 1.199999999999999956 ) ) ;
#3993 = VERTEX_POINT ( 'NONE', #299 ) ;
#3994 = VECTOR ( 'NONE', #4113, 1000.000000000000000 ) ;
#3995 = VERTEX_POINT ( 'NONE', #1152 ) ;
#3996 = CARTESIAN_POINT ( 'NONE',  ( -1.173545840579787169, 0.4531526981014634137, -1.499999999999998668 ) ) ;
#3997 = CARTESIAN_POINT ( 'NONE',  ( -1.088996963380696403, 0.9571199931306970665, -1.531450577010326830 ) ) ;
#3998 = AXIS2_PLACEMENT_3D ( 'NONE', #2734, #2419, #3193 ) ;
#3999 = CARTESIAN_POINT ( 'NONE',  ( 0.9941905014945023877, 1.046593750830738578, -1.424436521257024246 ) ) ;
#4000 = CARTESIAN_POINT ( 'NONE',  ( -0.9496837075456648902, 1.012648599492335322, 1.545701584146032426 ) ) ;
#4001 = ORIENTED_EDGE ( 'NONE', *, *, #5041, .F. ) ;
#4002 = EDGE_CURVE ( 'NONE', #5395, #1937, #3898, .T. ) ;
#4003 = CARTESIAN_POINT ( 'NONE',  ( 1.128440684315160425, 0.8955293642492062611, -1.527506863400932113 ) ) ;
#4004 = ORIENTED_EDGE ( 'NONE', *, *, #1058, .T. ) ;
#4005 = CARTESIAN_POINT ( 'NONE',  ( 0.9506728702344091619, 1.028444940894641890, 1.524187059335013306 ) ) ;
#4006 = CARTESIAN_POINT ( 'NONE',  ( 0.9999999999999981126, 0.2300000000000000100, -1.800000000000000044 ) ) ;
#4007 = CARTESIAN_POINT ( 'NONE',  ( -1.349999999999996092, 0.1000000000000000472, -0.8250000000000080602 ) ) ;
#4008 = VERTEX_POINT ( 'NONE', #4811 ) ;
#4009 = LINE ( 'NONE', #2162, #209 ) ;
#4010 = CARTESIAN_POINT ( 'NONE',  ( -1.029682432681731763, 0.9896591491535102758, -1.550326638760432418 ) ) ;
#4011 = VERTEX_POINT ( 'NONE', #3992 ) ;
#4012 = DIRECTION ( 'NONE',  ( -0.000000000000000000, 1.000000000000000000, 0.000000000000000000 ) ) ;
#4013 = EDGE_CURVE ( 'NONE', #3432, #4085, #2744, .T. ) ;
#4014 = CARTESIAN_POINT ( 'NONE',  ( 1.138675522626380276, 0.7988942090804054263, -1.581130452819943022 ) ) ;
#4015 = CARTESIAN_POINT ( 'NONE',  ( 0.9323373340975379397, 1.047560299168632580, -1.491866808653950383 ) ) ;
#4016 = VERTEX_POINT ( 'NONE', #5212 ) ;
#4017 = ADVANCED_FACE ( 'NONE', ( #817 ), #486, .F. ) ;
#4018 = ORIENTED_EDGE ( 'NONE', *, *, #4122, .T. ) ;
#4019 = CARTESIAN_POINT ( 'NONE',  ( -0.9017131428919546998, 1.073508052926899659, -1.416265670567225410 ) ) ;
#4020 = VERTEX_POINT ( 'NONE', #5254 ) ;
#4021 = AXIS2_PLACEMENT_3D ( 'NONE', #4739, #254, #675 ) ;
#4022 = ORIENTED_EDGE ( 'NONE', *, *, #382, .T. ) ;
#4023 = DIRECTION ( 'NONE',  ( -1.000000000000000000, 0.000000000000000000, 0.000000000000000000 ) ) ;
#4024 = DIRECTION ( 'NONE',  ( 3.336006684570789018E-16, -0.000000000000000000, 1.000000000000000000 ) ) ;
#4025 = DIRECTION ( 'NONE',  ( 0.000000000000000000, -0.000000000000000000, 1.000000000000000000 ) ) ;
#4026 = LINE ( 'NONE', #4728, #4 ) ;
#4027 = CARTESIAN_POINT ( 'NONE',  ( 0.9707913012676268050, 1.057342591155940204, -1.412909257551749675 ) ) ;
#4028 = CARTESIAN_POINT ( 'NONE',  ( 0.9262186791108663053, 1.070128042157530546, 1.418880831428739553 ) ) ;
#4029 = ORIENTED_EDGE ( 'NONE', *, *, #4856, .T. ) ;
#4030 = CARTESIAN_POINT ( 'NONE',  ( 1.060222507401180847, 0.8694969734346381651, 1.628630499435352652 ) ) ;
#4031 = VERTEX_POINT ( 'NONE', #906 ) ;
#4032 = VECTOR ( 'NONE', #691, 1000.000000000000000 ) ;
#4033 = CARTESIAN_POINT ( 'NONE',  ( -0.6750000000000001554, 1.080000000000000071, -0.1750000000000000444 ) ) ;
#4034 = CARTESIAN_POINT ( 'NONE',  ( -1.133810574179349162, 0.8911812281402787805, -1.510339352180388062 ) ) ;
#4035 = CARTESIAN_POINT ( 'NONE',  ( -1.350000000000007638, 0.000000000000000000, 0.8249999999999997335 ) ) ;
#4036 = EDGE_CURVE ( 'NONE', #894, #3523, #764, .T. ) ;
#4037 = VECTOR ( 'NONE', #3160, 1000.000000000000000 ) ;
#4038 = DIRECTION ( 'NONE',  ( 1.000000000000000000, 0.000000000000000000, 4.336808689942017736E-15 ) ) ;
#4039 = DIRECTION ( 'NONE',  ( 0.000000000000000000, 1.000000000000000000, 0.000000000000000000 ) ) ;
#4040 = CARTESIAN_POINT ( 'NONE',  ( -1.072001257553222064, 0.9884913730962413547, 1.469533800566335202 ) ) ;
#4041 = EDGE_LOOP ( 'NONE', ( #4001, #2955, #2283, #2010 ) ) ;
#4042 = CARTESIAN_POINT ( 'NONE',  ( 1.051288798284230497, 1.000921524276020325, -1.503239052282964616 ) ) ;
#4043 = LINE ( 'NONE', #4639, #4168 ) ;
#4044 = ORIENTED_EDGE ( 'NONE', *, *, #4606, .F. ) ;
#4045 = CARTESIAN_POINT ( 'NONE',  ( 0.9714291892912846338, 1.035343849423533857, 1.508367865028568122 ) ) ;
#4046 = CARTESIAN_POINT ( 'NONE',  ( 0.6999999999999969580, 0.000000000000000000, 0.3249999999999999001 ) ) ;
#4047 = DIRECTION ( 'NONE',  ( -1.000000000000000000, -0.000000000000000000, 0.000000000000000000 ) ) ;
#4048 = ORIENTED_EDGE ( 'NONE', *, *, #676, .T. ) ;
#4049 = LINE ( 'NONE', #1776, #4121 ) ;
#4050 = EDGE_CURVE ( 'NONE', #1663, #337, #4650, .T. ) ;
#4051 = AXIS2_PLACEMENT_3D ( 'NONE', #762, #883, #2308 ) ;
#4052 = ORIENTED_EDGE ( 'NONE', *, *, #138, .T. ) ;
#4053 =( NAMED_UNIT ( * ) PLANE_ANGLE_UNIT ( ) SI_UNIT ( $, .RADIAN. ) );
#4054 = PLANE ( 'NONE',  #4929 ) ;
#4055 = ADVANCED_FACE ( 'NONE', ( #2835 ), #4620, .F. ) ;
#4056 = CARTESIAN_POINT ( 'NONE',  ( -0.9927881097920169262, 0.8858224694191352278, -1.636817127075210099 ) ) ;
#4057 = CARTESIAN_POINT ( 'NONE',  ( -1.040019966370584248, 0.8147318162606023151, 1.649551563599539028 ) ) ;
#4058 = ORIENTED_EDGE ( 'NONE', *, *, #1344, .T. ) ;
#4059 = FACE_OUTER_BOUND ( 'NONE', #5461, .T. ) ;
#4060 = CARTESIAN_POINT ( 'NONE',  ( -0.8560047955232543693, 1.080000000000000071, -1.356004795523255479 ) ) ;
#4061 = ORIENTED_EDGE ( 'NONE', *, *, #4404, .T. ) ;
#4062 = SHAPE_DEFINITION_REPRESENTATION ( #2656, #2302 ) ;
#4063 = STYLED_ITEM ( 'NONE', ( #3736 ), #2658 ) ;
#4064 = ORIENTED_EDGE ( 'NONE', *, *, #853, .F. ) ;
#4065 = CARTESIAN_POINT ( 'NONE',  ( -0.9999999999999976685, 0.2300000000000000100, -1.800000000000000044 ) ) ;
#4066 = DIRECTION ( 'NONE',  ( -0.000000000000000000, -1.000000000000000000, -0.000000000000000000 ) ) ;
#4067 = EDGE_CURVE ( 'NONE', #2157, #1723, #4668, .T. ) ;
#4068 = CARTESIAN_POINT ( 'NONE',  ( -1.133810575381212882, 0.8911812248793808955, 1.510339343548125823 ) ) ;
#4069 = DIRECTION ( 'NONE',  ( -8.340016711426957754E-17, 0.000000000000000000, -1.000000000000000000 ) ) ;
#4070 = CARTESIAN_POINT ( 'NONE',  ( 0.8560047955232548134, 1.080000000000000071, 1.356004795523255479 ) ) ;
#4071 = ORIENTED_EDGE ( 'NONE', *, *, #3688, .F. ) ;
#4072 = CARTESIAN_POINT ( 'NONE',  ( -1.500000000000000222, 0.2300000000000000100, 2.000000000000000000 ) ) ;
#4073 = CARTESIAN_POINT ( 'NONE',  ( 1.149551563598442572, 0.8147318162605559078, 1.540019966374453597 ) ) ;
#4074 = AXIS2_PLACEMENT_3D ( 'NONE', #1619, #2963, #5157 ) ;
#4075 = ORIENTED_EDGE ( 'NONE', *, *, #2802, .F. ) ;
#4076 = EDGE_CURVE ( 'NONE', #3677, #5655, #4745, .T. ) ;
#4077 = CARTESIAN_POINT ( 'NONE',  ( -1.133405048832435869, 0.8946078340220476877, -1.491275756090591154 ) ) ;
#4078 = CARTESIAN_POINT ( 'NONE',  ( -0.3249999999999999001, 0.1000000000000000056, 1.199999999999999956 ) ) ;
#4079 = FILL_AREA_STYLE ('',( #2733 ) ) ;
#4080 = CARTESIAN_POINT ( 'NONE',  ( -0.5500000000000002665, 1.080000000000000071, -1.050000000000000044 ) ) ;
#4081 = CARTESIAN_POINT ( 'NONE',  ( -1.085168763700711914, 0.9739639341266524974, 1.476212497932651857 ) ) ;
#4082 = VERTEX_POINT ( 'NONE', #4330 ) ;
#4083 = CARTESIAN_POINT ( 'NONE',  ( 1.031450577010401881, 0.9571199931306845210, -1.588996963380577165 ) ) ;
#4084 = CARTESIAN_POINT ( 'NONE',  ( -0.9953910328654080875, 0.8678982773580686816, 1.642833789522873955 ) ) ;
#4085 = VERTEX_POINT ( 'NONE', #4754 ) ;
#4086 = CARTESIAN_POINT ( 'NONE',  ( 1.011634340697776357, 1.026891169386521474, 1.495414958666212879 ) ) ;
#4087 = CARTESIAN_POINT ( 'NONE',  ( 1.350000000000005196, 0.000000000000000000, -1.474999999999998979 ) ) ;
#4088 = LINE ( 'NONE', #4863, #2197 ) ;
#4089 = EDGE_CURVE ( 'NONE', #3142, #4834, #4679, .T. ) ;
#4090 = ORIENTED_EDGE ( 'NONE', *, *, #3070, .F. ) ;
#4091 = DIRECTION ( 'NONE',  ( -1.000000000000000000, 0.000000000000000000, 0.000000000000000000 ) ) ;
#4092 = DIRECTION ( 'NONE',  ( 0.000000000000000000, 0.000000000000000000, -1.000000000000000000 ) ) ;
#4093 = CARTESIAN_POINT ( 'NONE',  ( 1.350000000000002753, 0.000000000000000000, -0.8249999999999989564 ) ) ;
#4094 = CARTESIAN_POINT ( 'NONE',  ( 0.9133064951452727342, 1.056845198409422926, 1.471603754346150428 ) ) ;
#4095 = CARTESIAN_POINT ( 'NONE',  ( -1.123587751740849017, 0.8162511797701381688, 1.594931798091861141 ) ) ;
#4096 = ORIENTED_EDGE ( 'NONE', *, *, #3476, .F. ) ;
#4097 = CARTESIAN_POINT ( 'NONE',  ( -0.8560047955232543693, 1.079999999999999849, -1.356004795523255035 ) ) ;
#4098 = VERTEX_POINT ( 'NONE', #7 ) ;
#4099 = ORIENTED_EDGE ( 'NONE', *, *, #488, .T. ) ;
#4100 = CARTESIAN_POINT ( 'NONE',  ( -1.350000000000006972, 0.1000000000000000056, 1.474999999999999867 ) ) ;
#4101 = CARTESIAN_POINT ( 'NONE',  ( 0.9264999619787378515, 1.071660421240645311, 1.390986742180203573 ) ) ;
#4102 = CARTESIAN_POINT ( 'NONE',  ( -1.121191648480029279, 0.9217622814954223864, 1.485751251750236257 ) ) ;
#4103 =( NAMED_UNIT ( * ) SI_UNIT ( $, .STERADIAN. ) SOLID_ANGLE_UNIT ( ) );
#4104 = DIRECTION ( 'NONE',  ( -1.000000000000000000, 0.000000000000000000, 0.000000000000000000 ) ) ;
#4105 = CARTESIAN_POINT ( 'NONE',  ( 0.9061140397112812384, 1.073772001719987212, 1.411935074581635918 ) ) ;
#4106 = ORIENTED_EDGE ( 'NONE', *, *, #3450, .T. ) ;
#4107 = CARTESIAN_POINT ( 'NONE',  ( 1.151995817079904949, 0.8312873317205263790, 1.499108563112724335 ) ) ;
#4108 = EDGE_CURVE ( 'NONE', #4085, #622, #4600, .T. ) ;
#4109 = ORIENTED_EDGE ( 'NONE', *, *, #2572, .F. ) ;
#4110 = AXIS2_PLACEMENT_3D ( 'NONE', #2498, #2165, #284 ) ;
#4111 = CARTESIAN_POINT ( 'NONE',  ( -1.136817127075210099, 0.8858224694191344506, -1.492788109792016815 ) ) ;
#4112 = DIRECTION ( 'NONE',  ( 0.000000000000000000, -1.000000000000000000, 0.000000000000000000 ) ) ;
#4113 = DIRECTION ( 'NONE',  ( -1.167602339599774233E-15, 0.000000000000000000, -1.000000000000000000 ) ) ;
#4114 = CARTESIAN_POINT ( 'NONE',  ( -0.3249999999999999001, 0.000000000000000000, 1.849999999999999867 ) ) ;
#4115 = VERTEX_POINT ( 'NONE', #4007 ) ;
#4116 = CARTESIAN_POINT ( 'NONE',  ( 0.9637448844461012909, 0.9855708825234341663, -1.574742497494045601 ) ) ;
#4117 = CARTESIAN_POINT ( 'NONE',  ( -0.8714647809593633054, 1.080000000000000071, 1.365827786110666020 ) ) ;
#4118 = ORIENTED_EDGE ( 'NONE', *, *, #5180, .F. ) ;
#4119 = AXIS2_PLACEMENT_3D ( 'NONE', #1974, #4023, #4384 ) ;
#4120 = CARTESIAN_POINT ( 'NONE',  ( -0.9584899957621535460, 1.008747581346657318, -1.550398159380895091 ) ) ;
#4121 = VECTOR ( 'NONE', #3581, 1000.000000000000000 ) ;
#4122 = EDGE_CURVE ( 'NONE', #2188, #1857, #2876, .T. ) ;
#4123 = ORIENTED_EDGE ( 'NONE', *, *, #3328, .F. ) ;
#4124 = SURFACE_STYLE_USAGE ( .BOTH. , #3374 ) ;
#4125 = DIRECTION ( 'NONE',  ( -0.000000000000000000, 0.000000000000000000, -1.000000000000000000 ) ) ;
#4126 = CARTESIAN_POINT ( 'NONE',  ( -0.9597790014994216357, 1.061491457032209373, -1.407464588552694629 ) ) ;
#4127 = CARTESIAN_POINT ( 'NONE',  ( 0.9766606547462498567, 1.049496022030275810, -1.463959543632470162 ) ) ;
#4128 = ORIENTED_EDGE ( 'NONE', *, *, #2341, .T. ) ;
#4129 = CARTESIAN_POINT ( 'NONE',  ( -0.8732360801416904073, 1.078436251296185144, -1.390715516057358103 ) ) ;
#4130 = ORIENTED_EDGE ( 'NONE', *, *, #1779, .T. ) ;
#4131 = VERTEX_POINT ( 'NONE', #1617 ) ;
#4132 = CARTESIAN_POINT ( 'NONE',  ( -1.081130452819941912, 0.7988942090804057594, -1.638675522626380721 ) ) ;
#4133 = CARTESIAN_POINT ( 'NONE',  ( 0.9442603579623582988, 1.066839277064856040, 1.399786392071618035 ) ) ;
#4134 = CARTESIAN_POINT ( 'NONE',  ( -0.9057569559591526209, 1.062729621373613931, 1.456336677992887685 ) ) ;
#4135 = CARTESIAN_POINT ( 'NONE',  ( -0.9316563439086228415, 1.069716942703741402, 1.413311571012101586 ) ) ;
#4136 = CARTESIAN_POINT ( 'NONE',  ( 1.020360688092320167, 0.7967102921167453777, -1.654495475402415039 ) ) ;
#4137 = CARTESIAN_POINT ( 'NONE',  ( 0.9180742549465926716, 1.059059017460137531, -1.466318854989000720 ) ) ;
#4138 = ORIENTED_EDGE ( 'NONE', *, *, #3182, .T. ) ;
#4139 = ORIENTED_EDGE ( 'NONE', *, *, #4347, .T. ) ;
#4140 = FACE_BOUND ( 'NONE', #601, .T. ) ;
#4141 = ADVANCED_FACE ( 'NONE', ( #2773 ), #5116, .F. ) ;
#4142 = EDGE_CURVE ( 'NONE', #4115, #4867, #4708, .T. ) ;
#4143 = CARTESIAN_POINT ( 'NONE',  ( -1.299999999999999822, 0.2300000000000000100, 1.499999999999997780 ) ) ;
#4144 = ORIENTED_EDGE ( 'NONE', *, *, #2877, .F. ) ;
#4145 = CARTESIAN_POINT ( 'NONE',  ( -1.060627220510191870, 0.9425429518066504864, -1.584715230922999485 ) ) ;
#4146 = CARTESIAN_POINT ( 'NONE',  ( 0.000000000000000000, 0.1000000000000000056, 0.000000000000000000 ) ) ;
#4147 = ORIENTED_EDGE ( 'NONE', *, *, #1177, .F. ) ;
#4148 = CARTESIAN_POINT ( 'NONE',  ( 1.040734323873045541, 0.7978297350112313335, 1.655482082505487673 ) ) ;
#4149 = EDGE_LOOP ( 'NONE', ( #2974, #2088, #2182, #70 ) ) ;
#4150 = CARTESIAN_POINT ( 'NONE',  ( 0.9857512517501120231, 0.9217622814953249089, -1.621191648480081904 ) ) ;
#4151 = CARTESIAN_POINT ( 'NONE',  ( -0.8560047955232549244, 1.079999999999999849, 1.356004795523254813 ) ) ;
#4152 = FACE_BOUND ( 'NONE', #5645, .T. ) ;
#4153 = EDGE_LOOP ( 'NONE', ( #432, #4164, #4301, #4323 ) ) ;
#4154 = CARTESIAN_POINT ( 'NONE',  ( 1.010194610148009708, 0.7962336003390753092, 1.655565732379092214 ) ) ;
#4155 = CARTESIAN_POINT ( 'NONE',  ( -0.9908281736901716208, 1.041357456079951671, -1.476740561254713535 ) ) ;
#4156 = VERTEX_POINT ( 'NONE', #5270 ) ;
#4157 = VERTEX_POINT ( 'NONE', #3513 ) ;
#4158 = LINE ( 'NONE', #1213, #308 ) ;
#4159 = CARTESIAN_POINT ( 'NONE',  ( 0.8725477643050837395, 1.080000000000000071, -1.364757929454089469 ) ) ;
#4160 = DIRECTION ( 'NONE',  ( -1.000000000000000000, 0.000000000000000000, -0.000000000000000000 ) ) ;
#4161 = CARTESIAN_POINT ( 'NONE',  ( -0.9013169816627396580, 1.077109238426489313, -1.378426003452935200 ) ) ;
#4162 = ORIENTED_EDGE ( 'NONE', *, *, #2403, .F. ) ;
#4163 = CARTESIAN_POINT ( 'NONE',  ( -1.000120629260491167, 1.043204592283080157, 1.437013720446277620 ) ) ;
#4164 = ORIENTED_EDGE ( 'NONE', *, *, #3616, .T. ) ;
#4165 = CARTESIAN_POINT ( 'NONE',  ( -0.9149417092814911001, 1.074159270356876750, -1.389251739667624053 ) ) ;
#4166 = CARTESIAN_POINT ( 'NONE',  ( 0.7000000000000038414, 0.000000000000000000, -0.8250000000000011768 ) ) ;
#4167 = ORIENTED_EDGE ( 'NONE', *, *, #889, .F. ) ;
#4168 = VECTOR ( 'NONE', #5045, 1000.000000000000000 ) ;
#4169 = ORIENTED_EDGE ( 'NONE', *, *, #3956, .F. ) ;
#4170 = CARTESIAN_POINT ( 'NONE',  ( -1.349999999999995870, 0.1000000000000000056, -1.275000000000003020 ) ) ;
#4171 = CARTESIAN_POINT ( 'NONE',  ( 1.151995817079904949, 0.8312873317205263790, 1.499108563112724335 ) ) ;
#4172 = CARTESIAN_POINT ( 'NONE',  ( -1.050033570933380345, 0.9109700871671485567, 1.614110588177572581 ) ) ;
#4173 = CARTESIAN_POINT ( 'NONE',  ( -0.8925622659348120269, 1.072012352205853114, 1.425018172935684779 ) ) ;
#4174 = CARTESIAN_POINT ( 'NONE',  ( 0.3249999999999998446, 0.000000000000000000, -1.200000000000000178 ) ) ;
#4175 = ORIENTED_EDGE ( 'NONE', *, *, #4658, .T. ) ;
#4176 = AXIS2_PLACEMENT_3D ( 'NONE', #3836, #5524, #312 ) ;
#4177 = ORIENTED_EDGE ( 'NONE', *, *, #2572, .T. ) ;
#4178 = CARTESIAN_POINT ( 'NONE',  ( 1.008512743619021990, 0.9003771610287863991, 1.630096845304589426 ) ) ;
#4179 = CARTESIAN_POINT ( 'NONE',  ( -0.9300259254087237526, 1.040344853630790878, 1.505523948760224329 ) ) ;
#4180 = ORIENTED_EDGE ( 'NONE', *, *, #327, .T. ) ;
#4181 = CARTESIAN_POINT ( 'NONE',  ( 0.6999999999999929612, 0.1000000000000000056, 1.474999999999999645 ) ) ;
#4182 = CARTESIAN_POINT ( 'NONE',  ( -1.349999999999995870, 0.000000000000000000, -1.275000000000003020 ) ) ;
#4183 = CARTESIAN_POINT ( 'NONE',  ( -1.349999999999996092, 0.000000000000000000, -0.8250000000000081712 ) ) ;
#4184 = EDGE_LOOP ( 'NONE', ( #334, #2209, #2238, #4376 ) ) ;
#4185 = CARTESIAN_POINT ( 'NONE',  ( 0.9695337999165903886, 0.9884913725597601619, -1.572001258041065386 ) ) ;
#4186 = CARTESIAN_POINT ( 'NONE',  ( -0.8560047955232547023, 1.080000000000000071, 1.356004795523254813 ) ) ;
#4187 = AXIS2_PLACEMENT_3D ( 'NONE', #1834, #2996, #3103 ) ;
#4188 = ADVANCED_FACE ( 'NONE', ( #2763 ), #2803, .T. ) ;
#4189 = EDGE_LOOP ( 'NONE', ( #4706, #784, #2711, #4633 ) ) ;
#4190 = EDGE_CURVE ( 'NONE', #1826, #2840, #3006, .T. ) ;
#4191 = CARTESIAN_POINT ( 'NONE',  ( 1.153600453584687102, 0.8139038367061655066, 1.520216784738301241 ) ) ;
#4192 = CARTESIAN_POINT ( 'NONE',  ( -0.9830593592363204847, 1.036876940881449549, -1.497834834058542341 ) ) ;
#4193 = ORIENTED_EDGE ( 'NONE', *, *, #2192, .T. ) ;
#4194 = ORIENTED_EDGE ( 'NONE', *, *, #588, .F. ) ;
#4195 = DIRECTION ( 'NONE',  ( 0.000000000000000000, 0.000000000000000000, -1.000000000000000000 ) ) ;
#4196 = CARTESIAN_POINT ( 'NONE',  ( -0.3249999999999999001, 0.000000000000000000, 1.199999999999999956 ) ) ;
#4197 = DIRECTION ( 'NONE',  ( -8.340016711426957754E-17, 0.000000000000000000, -1.000000000000000000 ) ) ;
#4198 = CARTESIAN_POINT ( 'NONE',  ( -0.8802304409140847552, 1.080000000000000515, -1.368027760178667673 ) ) ;
#4199 = AXIS2_PLACEMENT_3D ( 'NONE', #4514, #4944, #3636 ) ;
#4200 = CARTESIAN_POINT ( 'NONE',  ( -1.143294780560260016, 0.8625374357279316229, 1.515080377636602416 ) ) ;
#4201 = VERTEX_POINT ( 'NONE', #2700 ) ;
#4202 = B_SPLINE_CURVE_WITH_KNOTS ( 'NONE', 3,
 ( #394, #809, #3556, #850, #5654, #3020, #5639, #5208, #3490, #1228, #2524, #5485, #2118, #3600, #4094, #1343, #1793, #1301, #4725, #1774 ),
 .UNSPECIFIED., .F., .F.,
 ( 4, 2, 2, 2, 2, 2, 1, 1, 2, 2, 4 ),
 ( 0.000000000000000000, 0.2499999999999935052, 0.3749999999999905631, 0.4374999999999892308, 0.4999999999999874545, 0.6249999999999841238, 0.6874999999999832356, 0.7187499999999827915, 0.7343749999999824585, 0.7499999999999821254, 1.000000000000000000 ),
 .UNSPECIFIED. ) ;
#4203 = EDGE_CURVE ( 'NONE', #3806, #5349, #4938, .T. ) ;
#4204 = CARTESIAN_POINT ( 'NONE',  ( 0.9442603579623582988, 1.066839277064856040, 1.399786392071618035 ) ) ;
#4205 = ORIENTED_EDGE ( 'NONE', *, *, #3385, .T. ) ;
#4206 = CARTESIAN_POINT ( 'NONE',  ( 0.9927881097921210651, 0.8858224694192009530, -1.636817127075185674 ) ) ;
#4207 = ORIENTED_EDGE ( 'NONE', *, *, #4532, .T. ) ;
#4208 = DIRECTION ( 'NONE',  ( -8.340016711426958247E-16, -0.000000000000000000, 1.000000000000000000 ) ) ;
#4209 = ORIENTED_EDGE ( 'NONE', *, *, #551, .T. ) ;
#4210 = DIRECTION ( 'NONE',  ( 1.000000000000000000, 0.000000000000000000, 4.003208021484939327E-15 ) ) ;
#4211 = CARTESIAN_POINT ( 'NONE',  ( 1.155593655949627374, 0.7957007868728830369, -1.499999999999998002 ) ) ;
#4212 = CARTESIAN_POINT ( 'NONE',  ( -0.9262187244843461675, 1.070128039895488881, 1.418880785725959992 ) ) ;
#4213 = CARTESIAN_POINT ( 'NONE',  ( 1.141389282726772647, 0.7986028572764652944, -1.569579175271014648 ) ) ;
#4214 = ORIENTED_EDGE ( 'NONE', *, *, #3560, .T. ) ;
#4215 = ORIENTED_EDGE ( 'NONE', *, *, #2944, .F. ) ;
#4216 = DIRECTION ( 'NONE',  ( 0.000000000000000000, -1.000000000000000000, 0.000000000000000000 ) ) ;
#4217 = CARTESIAN_POINT ( 'NONE',  ( 1.010226906103548927, 0.9506362308863078869, 1.600031191865757929 ) ) ;
#4218 = DIRECTION ( 'NONE',  ( 1.000000000000000000, 0.000000000000000000, 8.340016711426957261E-16 ) ) ;
#4219 = EDGE_LOOP ( 'NONE', ( #238, #383, #211, #2101 ) ) ;
#4220 = CARTESIAN_POINT ( 'NONE',  ( -1.500000000000000222, 0.000000000000000000, -2.000000000000000000 ) ) ;
#4221 = DIRECTION ( 'NONE',  ( -6.672013369141568175E-16, -0.000000000000000000, 1.000000000000000000 ) ) ;
#4222 = ORIENTED_EDGE ( 'NONE', *, *, #4290, .T. ) ;
#4223 = CARTESIAN_POINT ( 'NONE',  ( -1.350000000000007638, 0.1000000000000000056, 0.8249999999999997335 ) ) ;
#4224 = ORIENTED_EDGE ( 'NONE', *, *, #189, .F. ) ;
#4225 = CARTESIAN_POINT ( 'NONE',  ( 0.9420549398181780054, 1.024612214386880105, -1.530062142762822486 ) ) ;
#4226 = ORIENTED_EDGE ( 'NONE', *, *, #3182, .F. ) ;
#4227 = DIRECTION ( 'NONE',  ( 0.000000000000000000, 0.000000000000000000, 1.000000000000000000 ) ) ;
#4228 = CARTESIAN_POINT ( 'NONE',  ( -0.9639595436325140154, 1.049496022030198095, -1.476660654746329460 ) ) ;
#4229 = MANIFOLD_SOLID_BREP ( 'Cut-Extrude2', #5630 ) ;
#4230 = ORIENTED_EDGE ( 'NONE', *, *, #1154, .T. ) ;
#4231 = ORIENTED_EDGE ( 'NONE', *, *, #4992, .T. ) ;
#4232 = DIRECTION ( 'NONE',  ( 1.000000000000000000, 0.000000000000000000, -0.000000000000000000 ) ) ;
#4233 = CARTESIAN_POINT ( 'NONE',  ( -0.7000000000000041744, 0.1000000000000000472, 0.3249999999999997891 ) ) ;
#4234 = ADVANCED_FACE ( 'NONE', ( #4801 ), #1085, .F. ) ;
#4235 = CARTESIAN_POINT ( 'NONE',  ( 0.6999999999999929612, 0.1000000000000000472, 1.474999999999999645 ) ) ;
#4236 = CARTESIAN_POINT ( 'NONE',  ( 0.7000000000000053957, 1.019238815542514276, -1.475000000000000977 ) ) ;
#4237 = CARTESIAN_POINT ( 'NONE',  ( 0.9283951295992178832, 1.057074071744267041, -1.470123534366437168 ) ) ;
#4238 = ORIENTED_EDGE ( 'NONE', *, *, #719, .F. ) ;
#4239 = CARTESIAN_POINT ( 'NONE',  ( 0.9548859566585203851, 1.062148581733483477, 1.430753743891719942 ) ) ;
#4240 = ORIENTED_EDGE ( 'NONE', *, *, #3988, .T. ) ;
#4241 = CARTESIAN_POINT ( 'NONE',  ( -0.9999999999999997780, 0.7957007868728832589, 1.655593655949627374 ) ) ;
#4242 = DIRECTION ( 'NONE',  ( -1.000000000000000000, 0.000000000000000000, 0.000000000000000000 ) ) ;
#4243 = VERTEX_POINT ( 'NONE', #728 ) ;
#4244 = VERTEX_POINT ( 'NONE', #1160 ) ;
#4245 = CARTESIAN_POINT ( 'NONE',  ( -1.009991957612568214, 0.8139941118250897389, -1.654604415057823186 ) ) ;
#4246 = DIRECTION ( 'NONE',  ( -2.335204679199548467E-15, 0.000000000000000000, 1.000000000000000000 ) ) ;
#4247 = EDGE_CURVE ( 'NONE', #2395, #370, #4903, .T. ) ;
#4248 = CARTESIAN_POINT ( 'NONE',  ( -0.9034569498410525146, 1.064360986741737847, 1.451704011117869175 ) ) ;
#4249 = CARTESIAN_POINT ( 'NONE',  ( -1.088493158948578898, 0.9691775053911297899, 1.485882065511706651 ) ) ;
#4250 =( LENGTH_UNIT ( ) NAMED_UNIT ( * ) SI_UNIT ( .MILLI., .METRE. ) );
#4251 = PRESENTATION_LAYER_ASSIGNMENT (  '', '', ( #467 ) ) ;
#4252 = PLANE ( 'NONE',  #4957 ) ;
#4253 = ORIENTED_EDGE ( 'NONE', *, *, #3777, .F. ) ;
#4254 = ORIENTED_EDGE ( 'NONE', *, *, #5302, .T. ) ;
#4255 = DIRECTION ( 'NONE',  ( -0.000000000000000000, 1.000000000000000000, 0.000000000000000000 ) ) ;
#4256 = CARTESIAN_POINT ( 'NONE',  ( 1.088493158647739767, 0.9691775058180640556, 1.485882067911315163 ) ) ;
#4257 = CARTESIAN_POINT ( 'NONE',  ( -0.9657111319357044588, 1.039955919685052077, 1.500930184564592373 ) ) ;
#4258 = CARTESIAN_POINT ( 'NONE',  ( -0.7000000000000082823, 1.019238815542514276, 1.474999999999999645 ) ) ;
#4259 = ORIENTED_EDGE ( 'NONE', *, *, #3616, .F. ) ;
#4260 = EDGE_CURVE ( 'NONE', #4857, #150, #3045, .T. ) ;
#4261 = AXIS2_PLACEMENT_3D ( 'NONE', #1586, #2044, #804 ) ;
#4262 = CARTESIAN_POINT ( 'NONE',  ( -0.9041423583169054812, 1.064016118123525034, -1.453059464202570483 ) ) ;
#4263 = DIRECTION ( 'NONE',  ( 0.000000000000000000, 1.000000000000000000, 0.000000000000000000 ) ) ;
#4264 = DIRECTION ( 'NONE',  ( 0.000000000000000000, 1.000000000000000000, 0.000000000000000000 ) ) ;
#4265 = ORIENTED_EDGE ( 'NONE', *, *, #5580, .F. ) ;
#4266 = CARTESIAN_POINT ( 'NONE',  ( 0.3249999999999998446, 0.1000000000000000056, -1.200000000000000178 ) ) ;
#4267 = ORIENTED_EDGE ( 'NONE', *, *, #2171, .F. ) ;
#4268 = EDGE_CURVE ( 'NONE', #3784, #3432, #1098, .T. ) ;
#4269 = CARTESIAN_POINT ( 'NONE',  ( 1.017987253188658459, 1.031511122344149323, -1.459066954022777418 ) ) ;
#4270 = CARTESIAN_POINT ( 'NONE',  ( 0.8899654264995759956, 1.078500189757759520, -1.373969715818972537 ) ) ;
#4271 = EDGE_LOOP ( 'NONE', ( #2831, #2133, #4711, #224 ) ) ;
#4272 = CARTESIAN_POINT ( 'NONE',  ( 0.9858695489713982241, 1.048352129766987550, 1.454116860880673601 ) ) ;
#4273 = CARTESIAN_POINT ( 'NONE',  ( -0.9954149606269968587, 1.026891169453869157, -1.511634339090097479 ) ) ;
#4274 = AXIS2_PLACEMENT_3D ( 'NONE', #3763, #4264, #2128 ) ;
#4275 = ORIENTED_EDGE ( 'NONE', *, *, #4089, .F. ) ;
#4276 = ADVANCED_FACE ( 'NONE', ( #4920 ), #5692, .F. ) ;
#4277 = ORIENTED_EDGE ( 'NONE', *, *, #5586, .T. ) ;
#4278 = CARTESIAN_POINT ( 'NONE',  ( -0.5500000000000002665, 1.080000000000000071, -1.175000000000000266 ) ) ;
#4279 = CARTESIAN_POINT ( 'NONE',  ( 0.8668889709759864948, 1.079999999999999849, -1.370393230706654419 ) ) ;
#4280 = EDGE_CURVE ( 'NONE', #2603, #3136, #3042, .T. ) ;
#4281 = CARTESIAN_POINT ( 'NONE',  ( 0.6999999999999969580, 0.000000000000000000, 0.3249999999999999001 ) ) ;
#4282 = CARTESIAN_POINT ( 'NONE',  ( 0.9796904132859778347, 1.053510477785945865, -1.417302992310167209 ) ) ;
#4283 = ORIENTED_EDGE ( 'NONE', *, *, #268, .F. ) ;
#4284 = CARTESIAN_POINT ( 'NONE',  ( 0.9438984192448303112, 1.045492383892183685, 1.494503511255066863 ) ) ;
#4285 = EDGE_LOOP ( 'NONE', ( #3888, #1894, #4772, #3927 ) ) ;
#4286 = CARTESIAN_POINT ( 'NONE',  ( 0.9533802676531754061, 1.006217926523222950, -1.553305534392226184 ) ) ;
#4287 = CARTESIAN_POINT ( 'NONE',  ( 1.350000000000005196, 0.000000000000000000, -1.474999999999998979 ) ) ;
#4288 = VERTEX_POINT ( 'NONE', #4752 ) ;
#4289 = ADVANCED_FACE ( 'NONE', ( #3055 ), #4397, .F. ) ;
#4290 = EDGE_CURVE ( 'NONE', #5395, #894, #984, .T. ) ;
#4291 = EDGE_LOOP ( 'NONE', ( #258, #2083, #301, #4144 ) ) ;
#4292 = CARTESIAN_POINT ( 'NONE',  ( -1.146305281191233094, 0.8350579182357299457, -1.538162836381073761 ) ) ;
#4293 = CARTESIAN_POINT ( 'NONE',  ( -1.074742497493938576, 0.9855708825235471870, 1.463744884446222860 ) ) ;
#4294 = DIRECTION ( 'NONE',  ( 0.000000000000000000, 1.000000000000000000, 0.000000000000000000 ) ) ;
#4295 = CARTESIAN_POINT ( 'NONE',  ( 1.151740736265122855, 0.8329515561210000252, -1.508858695677956607 ) ) ;
#4296 = ORIENTED_EDGE ( 'NONE', *, *, #1154, .F. ) ;
#4297 = ORIENTED_EDGE ( 'NONE', *, *, #323, .F. ) ;
#4298 = PLANE ( 'NONE',  #1311 ) ;
#4299 = FILL_AREA_STYLE_COLOUR ( '', #4590 ) ;
#4300 = CARTESIAN_POINT ( 'NONE',  ( 1.087732609982241527, 0.9708480168055053650, 1.469974506217502030 ) ) ;
#4301 = ORIENTED_EDGE ( 'NONE', *, *, #1332, .T. ) ;
#4302 = AXIS2_PLACEMENT_3D ( 'NONE', #1476, #2849, #1864 ) ;
#4303 = CARTESIAN_POINT ( 'NONE',  ( 0.7000000000000038414, 0.1000000000000000056, -0.8250000000000011768 ) ) ;
#4304 = CARTESIAN_POINT ( 'NONE',  ( 1.349999999999991873, 0.1000000000000000056, 1.474999999999999645 ) ) ;
#4305 = ORIENTED_EDGE ( 'NONE', *, *, #3339, .F. ) ;
#4306 = DIRECTION ( 'NONE',  ( 0.000000000000000000, 0.000000000000000000, 1.000000000000000000 ) ) ;
#4307 = ORIENTED_EDGE ( 'NONE', *, *, #431, .F. ) ;
#4308 = CARTESIAN_POINT ( 'NONE',  ( 0.9496837075455561994, 1.012648599492242063, -1.545701584146146335 ) ) ;
#4309 = ORIENTED_EDGE ( 'NONE', *, *, #950, .T. ) ;
#4310 = CARTESIAN_POINT ( 'NONE',  ( -0.9482733208116450596, 1.052147932179330558, -1.478245760000762576 ) ) ;
#4311 = EDGE_CURVE ( 'NONE', #3990, #894, #1064, .T. ) ;
#4312 = LINE ( 'NONE', #640, #513 ) ;
#4313 = AXIS2_PLACEMENT_3D ( 'NONE', #4817, #665, #5028 ) ;
#4314 = EDGE_LOOP ( 'NONE', ( #3858, #231, #315, #288 ) ) ;
#4315 = CARTESIAN_POINT ( 'NONE',  ( 0.9999999999999981126, 0.2300000000000000100, 1.800000000000000044 ) ) ;
#4316 = DIRECTION ( 'NONE',  ( 0.000000000000000000, -0.000000000000000000, 1.000000000000000000 ) ) ;
#4317 = EDGE_LOOP ( 'NONE', ( #4267, #341, #2413, #4393 ) ) ;
#4318 = UNCERTAINTY_MEASURE_WITH_UNIT (LENGTH_MEASURE( 1.000000000000000082E-05 ), #4939, 'distance_accuracy_value', 'NONE');
#4319 = FILL_AREA_STYLE ('',( #3054 ) ) ;
#4320 = FILL_AREA_STYLE_COLOUR ( '', #5040 ) ;
#4321 = ORIENTED_EDGE ( 'NONE', *, *, #4658, .F. ) ;
#4322 =( GEOMETRIC_REPRESENTATION_CONTEXT ( 3 ) GLOBAL_UNCERTAINTY_ASSIGNED_CONTEXT ( ( #506 ) ) GLOBAL_UNIT_ASSIGNED_CONTEXT ( ( #4548, #639, #4972 ) ) REPRESENTATION_CONTEXT ( 'NONE', 'WORKASPACE' ) );
#4323 = ORIENTED_EDGE ( 'NONE', *, *, #1022, .F. ) ;
#4324 = CARTESIAN_POINT ( 'NONE',  ( -1.020360687637824615, 0.7967102920926267817, -1.654495475396703830 ) ) ;
#4325 = CARTESIAN_POINT ( 'NONE',  ( 0.9785446829891988330, 1.053911962614703324, -1.416730822086107233 ) ) ;
#4326 = PLANE ( 'NONE',  #1980 ) ;
#4327 = CARTESIAN_POINT ( 'NONE',  ( 1.114110589444664123, 0.9109700836171662486, -1.550033561701906093 ) ) ;
#4328 = VECTOR ( 'NONE', #746, 1000.000000000000000 ) ;
#4329 = CLOSED_SHELL ( 'NONE', ( #4460, #5020, #2575, #5412, #5570, #1599 ) ) ;
#4330 = CARTESIAN_POINT ( 'NONE',  ( 1.349999999999991873, 0.1000000000000000056, 1.474999999999999645 ) ) ;
#4331 = CARTESIAN_POINT ( 'NONE',  ( 1.068936715633047818, 0.9910486080907515705, 1.475269075714591205 ) ) ;
#4332 = CARTESIAN_POINT ( 'NONE',  ( 0.8560047955232548134, 1.080000000000000071, 1.356004795523255479 ) ) ;
#4333 = AXIS2_PLACEMENT_3D ( 'NONE', #1297, #875, #2153 ) ;
#4334 = VERTEX_POINT ( 'NONE', #5149 ) ;
#4335 = EDGE_CURVE ( 'NONE', #1461, #3363, #4947, .T. ) ;
#4336 = CARTESIAN_POINT ( 'NONE',  ( -1.031450570769982145, 0.9571199912057340997, -1.588996964960772917 ) ) ;
#4337 = DIRECTION ( 'NONE',  ( -0.000000000000000000, -1.000000000000000000, -0.000000000000000000 ) ) ;
#4338 = DIRECTION ( 'NONE',  ( -1.000000000000000000, 0.000000000000000000, -3.502807018799328419E-15 ) ) ;
#4339 = LINE ( 'NONE', #5501, #4328 ) ;
#4340 = CARTESIAN_POINT ( 'NONE',  ( 1.350000000000005196, 1.019238815542514276, -1.474999999999998979 ) ) ;
#4341 = ORIENTED_EDGE ( 'NONE', *, *, #3339, .T. ) ;
#4342 = CARTESIAN_POINT ( 'NONE',  ( 1.027180402761817213, 1.026656335137916987, -1.446399531535242478 ) ) ;
#4343 = CARTESIAN_POINT ( 'NONE',  ( -1.081498032890688465, 0.8821666905060243646, 1.608542191517656983 ) ) ;
#4344 = ORIENTED_EDGE ( 'NONE', *, *, #1608, .F. ) ;
#4345 = AXIS2_PLACEMENT_3D ( 'NONE', #469, #4549, #3597 ) ;
#4346 = CARTESIAN_POINT ( 'NONE',  ( -0.9264999619789351382, 1.071660421240598904, -1.390986742180086333 ) ) ;
#4347 = EDGE_CURVE ( 'NONE', #1535, #1383, #4886, .T. ) ;
#4348 = ORIENTED_EDGE ( 'NONE', *, *, #2171, .T. ) ;
#4349 = CARTESIAN_POINT ( 'NONE',  ( -1.350000000000003197, 0.000000000000000000, 0.3250000000000000111 ) ) ;
#4350 = ORIENTED_EDGE ( 'NONE', *, *, #3777, .T. ) ;
#4351 = CARTESIAN_POINT ( 'NONE',  ( 0.9393238699610957365, 1.067478318707664409, 1.419057743717294207 ) ) ;
#4352 = LINE ( 'NONE', #687, #4468 ) ;
#4353 = CARTESIAN_POINT ( 'NONE',  ( 0.9999999999999981126, 0.3300000000000000155, -1.800000000000000044 ) ) ;
#4354 = FILL_AREA_STYLE ('',( #4320 ) ) ;
#4355 = ORIENTED_EDGE ( 'NONE', *, *, #323, .T. ) ;
#4356 = ORIENTED_EDGE ( 'NONE', *, *, #2674, .T. ) ;
#4357 = CARTESIAN_POINT ( 'NONE',  ( -1.008858695677863793, 0.8329515561211687791, -1.651740736265095766 ) ) ;
#4358 =( NAMED_UNIT ( * ) SI_UNIT ( $, .STERADIAN. ) SOLID_ANGLE_UNIT ( ) );
#4359 = CARTESIAN_POINT ( 'NONE',  ( -1.149999999999995914, 0.1000000000000000472, -1.475000000000000977 ) ) ;
#4360 = DIRECTION ( 'NONE',  ( 0.000000000000000000, -1.000000000000000000, 0.000000000000000000 ) ) ;
#4361 = CARTESIAN_POINT ( 'NONE',  ( -1.031716580464168809, 1.009453779338204127, 1.513262896313405381 ) ) ;
#4362 = CARTESIAN_POINT ( 'NONE',  ( 1.081498032890007011, 0.8821666905056454455, -1.608542191518354203 ) ) ;
#4363 = CARTESIAN_POINT ( 'NONE',  ( 0.9085472444626047084, 1.075060821379759002, -1.395847300666370971 ) ) ;
#4364 = VECTOR ( 'NONE', #4104, 1000.000000000000000 ) ;
#4365 = ADVANCED_FACE ( 'NONE', ( #1139 ), #3911, .T. ) ;
#4366 = ORIENTED_EDGE ( 'NONE', *, *, #4050, .F. ) ;
#4367 = CARTESIAN_POINT ( 'NONE',  ( 1.053305534391991927, 1.006217926523426787, 1.453380267653393565 ) ) ;
#4368 = PLANE ( 'NONE',  #5508 ) ;
#4369 = ORIENTED_EDGE ( 'NONE', *, *, #1249, .T. ) ;
#4370 = CARTESIAN_POINT ( 'NONE',  ( -0.9762124979324291463, 0.9739639341264355599, -1.585168763700889771 ) ) ;
#4371 = CARTESIAN_POINT ( 'NONE',  ( -0.9381227321983248713, 1.030145156312422428, -1.522026651625695948 ) ) ;
#4372 = CARTESIAN_POINT ( 'NONE',  ( -0.7000000000000041744, 1.019238815542514276, 0.3249999999999997891 ) ) ;
#4373 = CARTESIAN_POINT ( 'NONE',  ( 0.6999999999999929612, 1.019238815542514276, 1.474999999999999645 ) ) ;
#4374 = VECTOR ( 'NONE', #5005, 1000.000000000000000 ) ;
#4375 = CARTESIAN_POINT ( 'NONE',  ( 0.000000000000000000, 0.000000000000000000, 0.000000000000000000 ) ) ;
#4376 = ORIENTED_EDGE ( 'NONE', *, *, #4669, .F. ) ;
#4377 = CARTESIAN_POINT ( 'NONE',  ( 0.9714291955943091805, 1.035343851411745897, -1.508367859143223910 ) ) ;
#4378 = CARTESIAN_POINT ( 'NONE',  ( -1.135388512362276670, 0.8758027022238479287, 1.531481052433238954 ) ) ;
#4379 = ORIENTED_EDGE ( 'NONE', *, *, #4451, .F. ) ;
#4380 = AXIS2_PLACEMENT_3D ( 'NONE', #2991, #5222, #455 ) ;
#4381 = CARTESIAN_POINT ( 'NONE',  ( -0.9173029923100990413, 1.053510477785897237, -1.479690413286084638 ) ) ;
#4382 = FACE_OUTER_BOUND ( 'NONE', #1756, .T. ) ;
#4383 = ORIENTED_EDGE ( 'NONE', *, *, #1757, .T. ) ;
#4384 = DIRECTION ( 'NONE',  ( 0.000000000000000000, 0.000000000000000000, 1.000000000000000000 ) ) ;
#4385 = DIRECTION ( 'NONE',  ( 0.000000000000000000, 0.000000000000000000, 1.000000000000000000 ) ) ;
#4386 = DIRECTION ( 'NONE',  ( 0.000000000000000000, 0.000000000000000000, -1.000000000000000000 ) ) ;
#4387 = CARTESIAN_POINT ( 'NONE',  ( -0.6750000000000001554, 1.320000000000000062, -0.1750000000000000444 ) ) ;
#4388 = UNCERTAINTY_MEASURE_WITH_UNIT (LENGTH_MEASURE( 1.000000000000000082E-05 ), #2986, 'distance_accuracy_value', 'NONE');
#4389 = EDGE_CURVE ( 'NONE', #622, #2232, #4809, .T. ) ;
#4390 =( GEOMETRIC_REPRESENTATION_CONTEXT ( 3 ) GLOBAL_UNCERTAINTY_ASSIGNED_CONTEXT ( ( #1374 ) ) GLOBAL_UNIT_ASSIGNED_CONTEXT ( ( #886, #4053, #4904 ) ) REPRESENTATION_CONTEXT ( 'NONE', 'WORKASPACE' ) );
#4391 = CARTESIAN_POINT ( 'NONE',  ( 0.8643968579406184904, 1.080000000000000071, -1.372914362676383115 ) ) ;
#4392 = CARTESIAN_POINT ( 'NONE',  ( 0.9999999999999981126, 0.4531526981014633582, 1.673545840579787614 ) ) ;
#4393 = ORIENTED_EDGE ( 'NONE', *, *, #3094, .T. ) ;
#4394 = EDGE_CURVE ( 'NONE', #2142, #2511, #4837, .T. ) ;
#4395 = DIRECTION ( 'NONE',  ( 0.000000000000000000, 1.000000000000000000, 0.000000000000000000 ) ) ;
#4396 = DIRECTION ( 'NONE',  ( 0.000000000000000000, 0.000000000000000000, -1.000000000000000000 ) ) ;
#4397 = PLANE ( 'NONE',  #2242 ) ;
#4398 = DIRECTION ( 'NONE',  ( 0.000000000000000000, 0.9986295347545739443, 0.05233595624294395260 ) ) ;
#4399 = CARTESIAN_POINT ( 'NONE',  ( -1.001467850032871088, 1.021395854031298622, 1.518432068775152688 ) ) ;
#4400 = CARTESIAN_POINT ( 'NONE',  ( 1.060222510944788032, 0.8694969752443348909, -1.628630500145638482 ) ) ;
#4401 = VECTOR ( 'NONE', #3411, 1000.000000000000000 ) ;
#4402 = ORIENTED_EDGE ( 'NONE', *, *, #2674, .F. ) ;
#4403 = CARTESIAN_POINT ( 'NONE',  ( 0.9687169764512995052, 1.020660045154956341, 1.533229320063283163 ) ) ;
#4404 = EDGE_CURVE ( 'NONE', #3593, #4857, #4953, .T. ) ;
#4405 = CARTESIAN_POINT ( 'NONE',  ( -0.6999999999999972911, 0.000000000000000000, -0.8250000000000060618 ) ) ;
#4406 =( NAMED_UNIT ( * ) PLANE_ANGLE_UNIT ( ) SI_UNIT ( $, .RADIAN. ) );
#4407 = CIRCLE ( 'NONE', #2627, 0.2999999999999999334 ) ;
#4408 = ADVANCED_FACE ( 'NONE', ( #968 ), #2887, .T. ) ;
#4409 = CARTESIAN_POINT ( 'NONE',  ( -1.350000000000003197, 0.000000000000000000, 0.3250000000000000111 ) ) ;
#4410 = EDGE_LOOP ( 'NONE', ( #5540, #1818, #4793, #3699 ) ) ;
#4411 = EDGE_CURVE ( 'NONE', #3630, #2159, #4777, .T. ) ;
#4412 = CARTESIAN_POINT ( 'NONE',  ( -0.8997863920714718189, 1.066839277064781877, -1.444260357962602104 ) ) ;
#4413 = VECTOR ( 'NONE', #5546, 1000.000000000000000 ) ;
#4414 = VERTEX_POINT ( 'NONE', #3181 ) ;
#4415 = CARTESIAN_POINT ( 'NONE',  ( -0.9999999999999976685, 0.3300000000000000155, -1.800000000000000044 ) ) ;
#4416 = ADVANCED_FACE ( 'NONE', ( #2901 ), #818, .T. ) ;
#4417 = CARTESIAN_POINT ( 'NONE',  ( -1.350000000000003864, 0.1000000000000000056, -0.3250000000000001776 ) ) ;
#4418 = DIRECTION ( 'NONE',  ( 0.000000000000000000, 0.000000000000000000, -1.000000000000000000 ) ) ;
#4419 = CARTESIAN_POINT ( 'NONE',  ( 0.8919089345682437164, 1.074559958517224745, 1.412373891492318512 ) ) ;
#4420 = CARTESIAN_POINT ( 'NONE',  ( -1.010194610458957865, 0.7962336003553269759, 1.655565732378240451 ) ) ;
#4421 = CARTESIAN_POINT ( 'NONE',  ( 1.120095858778808795, 0.8381249222302712409, 1.591840219739280693 ) ) ;
#4422 = VECTOR ( 'NONE', #68, 1000.000000000000000 ) ;
#4423 = DIRECTION ( 'NONE',  ( -1.000000000000000000, 0.000000000000000000, 0.000000000000000000 ) ) ;
#4424 = ORIENTED_EDGE ( 'NONE', *, *, #3012, .T. ) ;
#4425 = DIRECTION ( 'NONE',  ( 0.000000000000000000, -1.000000000000000000, 0.000000000000000000 ) ) ;
#4426 = CARTESIAN_POINT ( 'NONE',  ( -1.144805313924949441, 0.8611158116469108670, -1.505710987811339940 ) ) ;
#4427 = CARTESIAN_POINT ( 'NONE',  ( 0.8560047955232551464, 1.080000000000000071, -1.356004795523254591 ) ) ;
#4428 = CARTESIAN_POINT ( 'NONE',  ( -0.6999999999999945155, 0.000000000000000000, -1.475000000000006084 ) ) ;
#4429 = CARTESIAN_POINT ( 'NONE',  ( -1.051288798284158998, 1.000921524276100039, 1.503239052282990817 ) ) ;
#4430 = CARTESIAN_POINT ( 'NONE',  ( 1.050033570933277316, 0.9109700871672142819, -1.614110588177677830 ) ) ;
#4431 = LINE ( 'NONE', #293, #4413 ) ;
#4432 =( GEOMETRIC_REPRESENTATION_CONTEXT ( 3 ) GLOBAL_UNCERTAINTY_ASSIGNED_CONTEXT ( ( #1117 ) ) GLOBAL_UNIT_ASSIGNED_CONTEXT ( ( #2639, #2141, #3117 ) ) REPRESENTATION_CONTEXT ( 'NONE', 'WORKASPACE' ) );
#4433 = EDGE_LOOP ( 'NONE', ( #2212, #2175, #2191, #387 ) ) ;
#4434 = CARTESIAN_POINT ( 'NONE',  ( 1.061980104195214158, 0.9978717147419349232, 1.471553249606061264 ) ) ;
#4435 = CARTESIAN_POINT ( 'NONE',  ( 1.350000000000005196, 0.1000000000000000056, -1.474999999999998979 ) ) ;
#4436 = CARTESIAN_POINT ( 'NONE',  ( 0.3250000000000000666, 1.019238815542514276, -1.850000000000000089 ) ) ;
#4437 = CARTESIAN_POINT ( 'NONE',  ( -1.062226330358714499, 0.9954347634133309253, -1.486563025654285886 ) ) ;
#4438 = DIRECTION ( 'NONE',  ( 0.000000000000000000, 0.000000000000000000, 1.000000000000000000 ) ) ;
#4439 = CARTESIAN_POINT ( 'NONE',  ( -0.9999999999999997780, 0.3300000000000000155, -1.500000000000000000 ) ) ;
#4440 = LINE ( 'NONE', #3564, #2569 ) ;
#4441 = CARTESIAN_POINT ( 'NONE',  ( 1.155593655949627374, 0.7957007868728830369, -1.499999999999998002 ) ) ;
#4442 = EDGE_CURVE ( 'NONE', #477, #3602, #1074, .T. ) ;
#4443 = EDGE_LOOP ( 'NONE', ( #2354, #534, #2408, #4481 ) ) ;
#4444 = AXIS2_PLACEMENT_3D ( 'NONE', #1245, #1681, #4386 ) ;
#4445 = CARTESIAN_POINT ( 'NONE',  ( 0.6999999999999969580, 0.000000000000000000, 0.3249999999999999001 ) ) ;
#4446 = VECTOR ( 'NONE', #1932, 1000.000000000000000 ) ;
#4447 = ADVANCED_FACE ( 'NONE', ( #1005 ), #2951, .T. ) ;
#4448 = ORIENTED_EDGE ( 'NONE', *, *, #3143, .F. ) ;
#4449 = DIRECTION ( 'NONE',  ( 0.000000000000000000, -1.000000000000000000, 0.000000000000000000 ) ) ;
#4450 = CARTESIAN_POINT ( 'NONE',  ( 1.349999999999991873, 0.000000000000000000, 1.474999999999999645 ) ) ;
#4451 = EDGE_CURVE ( 'NONE', #1862, #2113, #2957, .T. ) ;
#4452 = DIRECTION ( 'NONE',  ( -1.000000000000000000, 0.000000000000000000, 0.000000000000000000 ) ) ;
#4453 = PLANE ( 'NONE',  #839 ) ;
#4454 = AXIS2_PLACEMENT_3D ( 'NONE', #1866, #629, #3192 ) ;
#4455 = CARTESIAN_POINT ( 'NONE',  ( 0.9155027464581646512, 1.058258018718144289, -1.468567173047190089 ) ) ;
#4456 = EDGE_CURVE ( 'NONE', #655, #2317, #4847, .T. ) ;
#4457 = CARTESIAN_POINT ( 'NONE',  ( 0.9250181729356239391, 1.072012352205864438, 1.392562265934847998 ) ) ;
#4458 = PRESENTATION_STYLE_ASSIGNMENT (( #2470 ) ) ;
#4459 = ORIENTED_EDGE ( 'NONE', *, *, #4497, .F. ) ;
#4460 = ADVANCED_FACE ( 'NONE', ( #1046 ), #585, .T. ) ;
#4461 = CARTESIAN_POINT ( 'NONE',  ( -1.130096843869057510, 0.9003771645576169602, -1.508512752947344104 ) ) ;
#4462 = DIRECTION ( 'NONE',  ( 4.336808689942017736E-15, 0.000000000000000000, -1.000000000000000000 ) ) ;
#4463 = SURFACE_STYLE_USAGE ( .BOTH. , #600 ) ;
#4464 = DIRECTION ( 'NONE',  ( -0.000000000000000000, -0.000000000000000000, 1.000000000000000000 ) ) ;
#4465 = CARTESIAN_POINT ( 'NONE',  ( -0.9733925064619406431, 1.014755510388298365, 1.540726235806638700 ) ) ;
#4466 = EDGE_CURVE ( 'NONE', #5151, #4689, #2971, .T. ) ;
#4467 = CARTESIAN_POINT ( 'NONE',  ( 0.9699745062172540067, 0.9708480168052837644, -1.587732609982424048 ) ) ;
#4468 = VECTOR ( 'NONE', #4561, 1000.000000000000000 ) ;
#4469 = ORIENTED_EDGE ( 'NONE', *, *, #3257, .T. ) ;
#4470 = CARTESIAN_POINT ( 'NONE',  ( 0.9733925095608768618, 1.014755511335235783, 1.540726233912316667 ) ) ;
#4471 = CARTESIAN_POINT ( 'NONE',  ( 0.3250000000000000666, 0.000000000000000000, -1.850000000000000089 ) ) ;
#4472 = SURFACE_STYLE_USAGE ( .BOTH. , #3550 ) ;
#4473 = DIRECTION ( 'NONE',  ( -1.000000000000000000, 0.000000000000000000, 0.000000000000000000 ) ) ;
#4474 = FACE_OUTER_BOUND ( 'NONE', #56, .T. ) ;
#4475 = EDGE_CURVE ( 'NONE', #857, #4733, #1053, .T. ) ;
#4476 = CARTESIAN_POINT ( 'NONE',  ( -1.022363922969025785, 1.029821055746779512, -1.438268179035216088 ) ) ;
#4477 = VERTEX_POINT ( 'NONE', #1157 ) ;
#4478 = CARTESIAN_POINT ( 'NONE',  ( -1.069138611322749011, 0.8157903231378753617, 1.640589816738091455 ) ) ;
#4479 = CARTESIAN_POINT ( 'NONE',  ( -0.8560047955232542582, 1.080000000000000071, -1.356004795523255479 ) ) ;
#4480 = LINE ( 'NONE', #1243, #543 ) ;
#4481 = ORIENTED_EDGE ( 'NONE', *, *, #676, .F. ) ;
#4482 = AXIS2_PLACEMENT_3D ( 'NONE', #2574, #4385, #5205 ) ;
#4483 = CARTESIAN_POINT ( 'NONE',  ( -0.5500000000000002665, 1.030000000000000027, -1.050000000000000044 ) ) ;
#4484 = CARTESIAN_POINT ( 'NONE',  ( 1.300000000000000266, 0.2300000000000000100, 1.499999999999997780 ) ) ;
#4485 = CARTESIAN_POINT ( 'NONE',  ( -1.133405048832372586, 0.8946078340221993441, 1.491275756090815863 ) ) ;
#4486 = CARTESIAN_POINT ( 'NONE',  ( 1.350000000000002753, 0.1000000000000000472, -0.8249999999999989564 ) ) ;
#4487 = CARTESIAN_POINT ( 'NONE',  ( 0.9381319326287829163, 1.062835149030464388, -1.447784786906606946 ) ) ;
#4488 = CARTESIAN_POINT ( 'NONE',  ( 0.8560047955232548134, 1.080000000000000071, 1.356004795523255479 ) ) ;
#4489 = CARTESIAN_POINT ( 'NONE',  ( -1.124294789212310519, 0.7990653471991323586, 1.595498502216583514 ) ) ;
#4490 = CARTESIAN_POINT ( 'NONE',  ( 1.057816260334586200, 0.8802860065947292201, 1.625348625186609386 ) ) ;
#4491 = LINE ( 'NONE', #4174, #4364 ) ;
#4492 = DIRECTION ( 'NONE',  ( -6.672013369141567189E-16, -0.000000000000000000, 1.000000000000000000 ) ) ;
#4493 = ORIENTED_EDGE ( 'NONE', *, *, #2761, .T. ) ;
#4494 = CARTESIAN_POINT ( 'NONE',  ( -0.9550810414887987987, 1.059845748267093990, 1.444623930711817827 ) ) ;
#4495 = CARTESIAN_POINT ( 'NONE',  ( -1.132146278713432208, 0.8976693934448487511, -1.499928938412262935 ) ) ;
#4496 = DIRECTION ( 'NONE',  ( 0.000000000000000000, -0.000000000000000000, 1.000000000000000000 ) ) ;
#4497 = EDGE_CURVE ( 'NONE', #1727, #2640, #3853, .T. ) ;
#4498 = PLANE ( 'NONE',  #1072 ) ;
#4499 = DIRECTION ( 'NONE',  ( 0.000000000000000000, -1.000000000000000000, 0.000000000000000000 ) ) ;
#4500 = CARTESIAN_POINT ( 'NONE',  ( -0.9637448844462224162, 0.9855708825235484083, 1.574742497493938576 ) ) ;
#4501 = CARTESIAN_POINT ( 'NONE',  ( 1.106377507447904529, 0.9454882476720815054, -1.495815805988707448 ) ) ;
#4502 = ORIENTED_EDGE ( 'NONE', *, *, #5416, .T. ) ;
#4503 = VERTEX_POINT ( 'NONE', #3702 ) ;
#4504 = CARTESIAN_POINT ( 'NONE',  ( 0.9767405477250088452, 1.041357454755751366, 1.490828186671636413 ) ) ;
#4505 = CARTESIAN_POINT ( 'NONE',  ( -0.7000000000000041744, 0.000000000000000000, 0.3249999999999997891 ) ) ;
#4506 = DIRECTION ( 'NONE',  ( -0.000000000000000000, -0.000000000000000000, -1.000000000000000000 ) ) ;
#4507 = FACE_OUTER_BOUND ( 'NONE', #4433, .T. ) ;
#4508 = AXIS2_PLACEMENT_3D ( 'NONE', #4560, #4210, #266 ) ;
#4509 = B_SPLINE_SURFACE_WITH_KNOTS ( 'NONE', 3, 3, ( 
 ( #452, #1570, #4675, #3460, #2516, #755, #872, #2616, #375, #4324, #2220, #788 ),
 ( #1734, #3057, #3352, #413, #3313, #3830, #3387, #828, #2070, #5146, #4245, #5075 ),
 ( #721, #3419, #303, #4292, #1188, #1155, #3909, #4784, #1609, #1219, #4357, #5648 ),
 ( #5181, #4426, #4860, #4892, #3621, #562, #908, #985, #1363, #79, #1327, #530 ),
 ( #3159, #3191, #598, #3578, #4533, #951, #5292, #1819, #490, #3126, #2689, #5261 ),
 ( #4111, #2769, #4034, #1775, #115, #4928, #2261, #5367, #1437, #1027, #3537, #39 ),
 ( #4077, #4495, #4461, #3218, #2297, #4959, #1066, #5402, #5332, #2730, #1402, #1863 ),
 ( #2335, #1913, #158, #2372, #2809, #3661, #4145, #4571, #4993, #203, #627, #1475 ),
 ( #1958, #2415, #3096, #3501, #3997, #1230, #2123, #4336, #2082, #4759, #1666, #5575 ),
 ( #765, #1165, #3002, #2528, #2160, #659, #281, #2848, #1546, #2967, #2455, #3361 ),
 ( #3842, #2702, #4828, #3071, #3514, #3135, #4010, #3921, #5272, #3430, #4370, #843 ),
 ( #5235, #3966, #2233, #4437, #9, #3104, #2193, #1706, #3472, #4796, #428, #5663 ),
 ( #5192, #2667, #1749, #1269, #2628, #1305, #4872, #54, #505, #921, #1340, #1791 ),
 ( #2275, #2596, #3039, #171, #5063, #3629, #250, #2936, #1557, #5001, #4120, #607 ),
 ( #2055, #3337, #3298, #2505, #2348, #3772, #4273, #129, #5414, #3721, #1039, #289 ),
 ( #4661, #636, #5340, #2426, #5035, #3811, #4192, #1449, #1876, #4937, #4545, #2385 ),
 ( #1412, #3675, #2898, #2860, #212, #4155, #2467, #3262, #1926, #4621, #1078, #2822 ),
 ( #3200, #571, #5495, #4968, #3229, #1140, #4228, #1486, #1971, #998, #5458, #5375 ),
 ( #704, #4582, #2011, #2778, #671, #1109, #1523, #4310, #3850, #17, #5200, #438 ),
 ( #2604, #3044, #1278, #3439, #3930, #326, #740, #774, #5672, #2170, #2539, #4381 ),
 ( #1632, #2975, #2135, #5166, #4768, #4802, #2206, #5631, #855, #2571, #1208, #3013 ),
 ( #4736, #1175, #1594, #1718, #2633, #5587, #3371, #1675, #812, #5129, #3077, #3480 ),
 ( #363, #2090, #4838, #400, #1240, #3408, #5243, #3887, #3979, #2673, #1312, #4412 ),
 ( #4346, #475, #1758, #3111, #892, #2243, #3522, #4019, #4699, #5542, #5096, #3209 ),
 ( #5425, #3141, #4165, #140, #4879, #1890, #4555, #2875, #3641, #98, #1351, #1983 ),
 ( #1845, #5280, #930, #3176, #2397, #2357, #4948, #3603, #1938, #2790, #550, #4129 ),
 ( #1386, #5009, #2713, #61, #4592, #3559, #970, #647, #2833, #1009, #5350, #3273 ),
 ( #4060, #1088, #223, #4479, #1457, #1495, #4913, #4097, #3240, #5316, #581, #3690 ) ),
 .UNSPECIFIED., .F., .F., .F.,
 ( 4, 2, 2, 2, 2, 2, 2, 2, 2, 2, 2, 2, 2, 4 ),
 ( 4, 2, 1, 2, 1, 2, 4 ),
 ( 0.000000000000000000, 0.1158159856473946481, 0.1737239784710919721, 0.2316319712947892961, 0.3598040221041726161, 0.4238900475088642761, 0.4879760729135558806, 0.5537782781885075556, 0.6195804834634591751, 0.6853826887384109057, 0.7511848940133625252, 0.8133886705100219494, 0.8755924470066812626, 1.000000000000000000 ),
 ( 0.000000000000000000, 0.1250000000000000000, 0.2500000000000000000, 0.5000000000000000000, 0.7500000000000000000, 0.8750000000000000000, 1.000000000000000000 ),
 .UNSPECIFIED. ) ;
#4510 = CARTESIAN_POINT ( 'NONE',  ( -0.9999999999999997780, 0.3300000000000000155, 1.500000000000000000 ) ) ;
#4511 = DIRECTION ( 'NONE',  ( 1.000000000000000000, 0.000000000000000000, 0.000000000000000000 ) ) ;
#4512 = EDGE_LOOP ( 'NONE', ( #5024, #3373, #2545, #3354 ) ) ;
#4513 = CARTESIAN_POINT ( 'NONE',  ( -1.500000000000000222, 0.2300000000000000100, 2.000000000000000000 ) ) ;
#4514 = CARTESIAN_POINT ( 'NONE',  ( 0.3249999999999998446, 1.019238815542514276, 1.199999999999999956 ) ) ;
#4515 = EDGE_LOOP ( 'NONE', ( #2527, #5492, #3604, #3673, #1674 ) ) ;
#4516 = CARTESIAN_POINT ( 'NONE',  ( -1.140589816668118317, 0.8157903231157769275, 1.569138610969601499 ) ) ;
#4517 = LINE ( 'NONE', #2926, #2622 ) ;
#4518 = EDGE_LOOP ( 'NONE', ( #3321, #5331, #465, #4543 ) ) ;
#4519 = CLOSED_SHELL ( 'NONE', ( #2927, #3444, #3907, #3944, #2119, #2660, #5464, #3076, #3962, #2646, #411, #3356, #5239, #1234, #2491, #5190, #1967, #4447, #497, #4868, #2940, #3311, #4055, #1119, #4234, #1553, #4910, #4408, #87, #3856, #4634, #4188, #1687, #4734, #3187, #5275, #949 ) ) ;
#4520 = DIRECTION ( 'NONE',  ( 0.000000000000000000, 0.000000000000000000, -1.000000000000000000 ) ) ;
#4521 = CARTESIAN_POINT ( 'NONE',  ( 0.7999999999999999334, 1.320000000000000062, -0.1749999999999992395 ) ) ;
#4522 = CARTESIAN_POINT ( 'NONE',  ( -0.9958158125492452273, 0.9454882498398373691, 1.606377505954055929 ) ) ;
#4523 = CARTESIAN_POINT ( 'NONE',  ( 1.069579175623121214, 0.7986028572987724505, -1.641389282800317595 ) ) ;
#4524 = CARTESIAN_POINT ( 'NONE',  ( 0.9188808314287498780, 1.070128042157504789, -1.426218679110916598 ) ) ;
#4525 = LINE ( 'NONE', #5160, #2637 ) ;
#4526 = CARTESIAN_POINT ( 'NONE',  ( 0.9206260950144499189, 1.072848187441978185, 1.397176964078955086 ) ) ;
#4527 = CARTESIAN_POINT ( 'NONE',  ( 1.133405048832341500, 0.8946078340222798353, 1.491275756090924665 ) ) ;
#4528 = VERTEX_POINT ( 'NONE', #1061 ) ;
#4529 = AXIS2_PLACEMENT_3D ( 'NONE', #2045, #5089, #5534 ) ;
#4530 = VERTEX_POINT ( 'NONE', #5565 ) ;
#4531 = CARTESIAN_POINT ( 'NONE',  ( -0.9283951295992529662, 1.057074071744297683, 1.470123534366351237 ) ) ;
#4532 = EDGE_CURVE ( 'NONE', #5349, #1742, #3206, .T. ) ;
#4533 = CARTESIAN_POINT ( 'NONE',  ( -1.125348625375027112, 0.8802860089792112763, -1.557816265812431045 ) ) ;
#4534 =( LENGTH_UNIT ( ) NAMED_UNIT ( * ) SI_UNIT ( .MILLI., .METRE. ) );
#4535 = FILL_AREA_STYLE ('',( #118 ) ) ;
#4536 = FACE_OUTER_BOUND ( 'NONE', #4625, .T. ) ;
#4537 = DIRECTION ( 'NONE',  ( 0.000000000000000000, -0.000000000000000000, 1.000000000000000000 ) ) ;
#4538 = CARTESIAN_POINT ( 'NONE',  ( 1.088493158948710571, 0.9691775053909449378, -1.485882065511660688 ) ) ;
#4539 = CARTESIAN_POINT ( 'NONE',  ( -0.8721848635040655440, 1.080000000000000071, 1.365115994159964208 ) ) ;
#4540 = ORIENTED_EDGE ( 'NONE', *, *, #5234, .F. ) ;
#4541 = ADVANCED_FACE ( 'NONE', ( #5087 ), #4298, .T. ) ;
#4542 = B_SPLINE_CURVE_WITH_KNOTS ( 'NONE', 3,
 ( #4211, #4638, #5043, #2484, #3789, #2554, #829, #415, #1258, #5558, #340, #3388, #3999, #4325, #3867, #1693, #5691, #2106, #4819, #4427 ),
 .UNSPECIFIED., .F., .F.,
 ( 4, 2, 2, 2, 2, 2, 1, 1, 2, 2, 4 ),
 ( 0.000000000000000000, 0.2499999999999990008, 0.3749999999999985012, 0.4374999999999979461, 0.4999999999999977796, 0.6249999999999988898, 0.6874999999999997780, 0.7187500000000002220, 0.7343750000000002220, 0.7500000000000001110, 1.000000000000000000 ),
 .UNSPECIFIED. ) ;
#4543 = ORIENTED_EDGE ( 'NONE', *, *, #3094, .F. ) ;
#4544 = DIRECTION ( 'NONE',  ( 0.000000000000000000, -0.000000000000000000, 1.000000000000000000 ) ) ;
#4545 = CARTESIAN_POINT ( 'NONE',  ( -0.9463995315351443338, 1.026656335137854814, -1.527180402761921130 ) ) ;
#4546 = EDGE_CURVE ( 'NONE', #125, #2615, #3178, .T. ) ;
#4547 = LINE ( 'NONE', #3924, #4780 ) ;
#4548 =( LENGTH_UNIT ( ) NAMED_UNIT ( * ) SI_UNIT ( .MILLI., .METRE. ) );
#4549 = DIRECTION ( 'NONE',  ( 1.000000000000000000, -0.000000000000000000, 8.340016711426959233E-16 ) ) ;
#4550 = ORIENTED_EDGE ( 'NONE', *, *, #1654, .T. ) ;
#4551 = DIRECTION ( 'NONE',  ( -1.108295554096290073E-14, 0.000000000000000000, -1.000000000000000000 ) ) ;
#4552 = CARTESIAN_POINT ( 'NONE',  ( 1.349999999999991873, 0.000000000000000000, 1.474999999999999645 ) ) ;
#4553 = ORIENTED_EDGE ( 'NONE', *, *, #3729, .T. ) ;
#4554 = CARTESIAN_POINT ( 'NONE',  ( -1.094931797920392524, 0.8162511797680838121, 1.623587751872723084 ) ) ;
#4555 = CARTESIAN_POINT ( 'NONE',  ( -0.8996796174374436239, 1.075261167410396457, -1.404759614546734259 ) ) ;
#4556 = EDGE_CURVE ( 'NONE', #4657, #2157, #1221, .T. ) ;
#4557 = DIRECTION ( 'NONE',  ( 0.000000000000000000, 1.000000000000000000, 0.000000000000000000 ) ) ;
#4558 = ORIENTED_EDGE ( 'NONE', *, *, #516, .T. ) ;
#4559 = ORIENTED_EDGE ( 'NONE', *, *, #2900, .T. ) ;
#4560 = CARTESIAN_POINT ( 'NONE',  ( 1.350000000000002753, 1.019238815542514276, -0.8249999999999989564 ) ) ;
#4561 = DIRECTION ( 'NONE',  ( 0.000000000000000000, 0.000000000000000000, -1.000000000000000000 ) ) ;
#4562 = CARTESIAN_POINT ( 'NONE',  ( -0.9072395208280477075, 1.061650825876998105, 1.459326321473911392 ) ) ;
#4563 = CARTESIAN_POINT ( 'NONE',  ( -1.060627220570478979, 0.9425429517269693358, 1.584715230618324533 ) ) ;
#4564 = CARTESIAN_POINT ( 'NONE',  ( 1.040289868200042545, 0.7975409522333160028, -1.650416234520021064 ) ) ;
#4565 = CARTESIAN_POINT ( 'NONE',  ( -0.7000000000000041744, 1.019238815542514276, 0.3249999999999997891 ) ) ;
#4566 = CARTESIAN_POINT ( 'NONE',  ( 1.146305281189952563, 0.8350579182355808427, 1.538162836383572429 ) ) ;
#4567 = VERTEX_POINT ( 'NONE', #727 ) ;
#4568 = DIRECTION ( 'NONE',  ( 0.000000000000000000, 0.000000000000000000, -1.000000000000000000 ) ) ;
#4569 = VERTEX_POINT ( 'NONE', #761 ) ;
#4570 = AXIS2_PLACEMENT_3D ( 'NONE', #677, #1601, #1082 ) ;
#4571 = CARTESIAN_POINT ( 'NONE',  ( -1.040052261320372873, 0.9398297381095237490, -1.600233162555412703 ) ) ;
#4572 = PLANE ( 'NONE',  #227 ) ;
#4573 = CARTESIAN_POINT ( 'NONE',  ( 1.349999999999996092, 0.1000000000000000472, -0.3250000000000000111 ) ) ;
#4574 = PLANE ( 'NONE',  #3461 ) ;
#4575 = CARTESIAN_POINT ( 'NONE',  ( 0.9999999999999983347, 0.7957007868729036870, 1.655593655949626264 ) ) ;
#4576 = CARTESIAN_POINT ( 'NONE',  ( 1.088996964960705638, 0.9571199912058629966, -1.531450570769956609 ) ) ;
#4577 = CARTESIAN_POINT ( 'NONE',  ( -0.8643968579406237085, 1.080000000000000071, 1.372914362676371347 ) ) ;
#4578 = EDGE_LOOP ( 'NONE', ( #2267, #4240, #4175, #407 ) ) ;
#4579 = ORIENTED_EDGE ( 'NONE', *, *, #1275, .T. ) ;
#4580 = CARTESIAN_POINT ( 'NONE',  ( 0.9999999999999983347, 0.7957007868728831479, 1.655593655949627374 ) ) ;
#4581 = PRESENTATION_LAYER_ASSIGNMENT (  '', '', ( #4781 ) ) ;
#4582 = CARTESIAN_POINT ( 'NONE',  ( -0.9944947444522783675, 1.046370910609073501, -1.429109227969627582 ) ) ;
#4583 = EDGE_CURVE ( 'NONE', #1826, #1891, #1156, .T. ) ;
#4584 = CARTESIAN_POINT ( 'NONE',  ( -0.7000000000000041744, 0.1000000000000000056, 0.3249999999999997891 ) ) ;
#4585 = CARTESIAN_POINT ( 'NONE',  ( 0.8560047955232551464, 1.080000000000000071, -1.356004795523254591 ) ) ;
#4586 = EDGE_LOOP ( 'NONE', ( #4814, #45, #4130, #4109 ) ) ;
#4587 = DIRECTION ( 'NONE',  ( 1.000000000000000000, -0.000000000000000000, -1.108295554096289915E-14 ) ) ;
#4588 = CARTESIAN_POINT ( 'NONE',  ( -1.000000207376561034, 0.8128984051949943446, -1.654692366964408023 ) ) ;
#4589 = ORIENTED_EDGE ( 'NONE', *, *, #3143, .T. ) ;
#4590 = COLOUR_RGB ( '',0.4862745098039215619, 0.2352941176470588203, 0.01568627450980392135 ) ;
#4591 = PRESENTATION_LAYER_ASSIGNMENT (  '', '', ( #1741 ) ) ;
#4592 = CARTESIAN_POINT ( 'NONE',  ( -0.8703932307066633012, 1.079999999999999849, -1.366888970975988160 ) ) ;
#4593 = PLANE ( 'NONE',  #476 ) ;
#4594 = ORIENTED_EDGE ( 'NONE', *, *, #5255, .T. ) ;
#4595 = EDGE_LOOP ( 'NONE', ( #3787, #2222, #285, #2089, #4123 ) ) ;
#4596 = CARTESIAN_POINT ( 'NONE',  ( 0.3249999999999998446, 0.1000000000000000472, 1.849999999999999867 ) ) ;
#4597 = CARTESIAN_POINT ( 'NONE',  ( -1.350000000000007638, 0.1000000000000000056, 0.8249999999999997335 ) ) ;
#4598 = CARTESIAN_POINT ( 'NONE',  ( -1.088996964960822877, 0.9571199912056477244, 1.531450570770205299 ) ) ;
#4599 =( NAMED_UNIT ( * ) SI_UNIT ( $, .STERADIAN. ) SOLID_ANGLE_UNIT ( ) );
#4600 = LINE ( 'NONE', #1747, #2703 ) ;
#4601 = CARTESIAN_POINT ( 'NONE',  ( -0.8746992993820678075, 1.078556136277745825, 1.389221442739933199 ) ) ;
#4602 = CARTESIAN_POINT ( 'NONE',  ( 0.000000000000000000, 0.000000000000000000, 0.000000000000000000 ) ) ;
#4603 = CARTESIAN_POINT ( 'NONE',  ( 0.8560047955232551464, 0.7800000000000001377, 1.499999999999997780 ) ) ;
#4604 = CARTESIAN_POINT ( 'NONE',  ( 1.100233160514029862, 0.9398297413989908922, 1.540052270510984034 ) ) ;
#4605 = ORIENTED_EDGE ( 'NONE', *, *, #4076, .F. ) ;
#4606 = EDGE_CURVE ( 'NONE', #4689, #125, #3145, .T. ) ;
#4607 = CARTESIAN_POINT ( 'NONE',  ( -0.9335351656364805351, 1.041870049672975584, 1.502859763258666437 ) ) ;
#4608 = ORIENTED_EDGE ( 'NONE', *, *, #4108, .F. ) ;
#4609 = CARTESIAN_POINT ( 'NONE',  ( -0.9627543654259085315, 1.059053837019350963, 1.436611659731408253 ) ) ;
#4610 = COLOUR_RGB ( '',0.2509803921568627416, 0.2509803921568627416, 0.2509803921568627416 ) ;
#4611 = DIRECTION ( 'NONE',  ( -4.170008355713479123E-16, -0.000000000000000000, 1.000000000000000000 ) ) ;
#4612 = PLANE ( 'NONE',  #4980 ) ;
#4613 = PLANE ( 'NONE',  #3998 ) ;
#4614 = VECTOR ( 'NONE', #5027, 1000.000000000000000 ) ;
#4615 = DIRECTION ( 'NONE',  ( -0.000000000000000000, -1.000000000000000000, -0.000000000000000000 ) ) ;
#4616 = CARTESIAN_POINT ( 'NONE',  ( 0.9865630256543288512, 0.9954347634134382838, -1.562226330358595705 ) ) ;
#4617 = CARTESIAN_POINT ( 'NONE',  ( -0.8560047955232547023, 1.080000000000000071, 1.356004795523254591 ) ) ;
#4618 = ORIENTED_EDGE ( 'NONE', *, *, #2481, .T. ) ;
#4619 = ORIENTED_EDGE ( 'NONE', *, *, #706, .T. ) ;
#4620 = TOROIDAL_SURFACE ( 'NONE', #4051, 0.3033676800978821753, 0.1300000000000000044 ) ;
#4621 = CARTESIAN_POINT ( 'NONE',  ( -0.9461897899749285301, 1.033648998706895750, -1.516278140543243946 ) ) ;
#4622 = LINE ( 'NONE', #1388, #821 ) ;
#4623 = CARTESIAN_POINT ( 'NONE',  ( -0.3249999999999999001, 0.1000000000000000056, -1.850000000000000089 ) ) ;
#4624 = CARTESIAN_POINT ( 'NONE',  ( -1.173545840579787169, 0.4531526981014633582, 1.499999999999997780 ) ) ;
#4625 = EDGE_LOOP ( 'NONE', ( #319, #2031, #96, #979 ) ) ;
#4626 = PLANE ( 'NONE',  #3504 ) ;
#4627 = CARTESIAN_POINT ( 'NONE',  ( -0.9278407552300229622, 1.071412711349015723, -1.391586286292622709 ) ) ;
#4628 = EDGE_LOOP ( 'NONE', ( #3611, #4663, #4758, #1850 ) ) ;
#4629 = LINE ( 'NONE', #3861, #798 ) ;
#4630 = CARTESIAN_POINT ( 'NONE',  ( 0.9424577851520288263, 1.067387405522825850, 1.401764425103415368 ) ) ;
#4631 = CARTESIAN_POINT ( 'NONE',  ( 0.9729004337780434719, 0.9631614094144467231, -1.593869606044808540 ) ) ;
#4632 = VECTOR ( 'NONE', #3179, 1000.000000000000000 ) ;
#4633 = ORIENTED_EDGE ( 'NONE', *, *, #5428, .T. ) ;
#4634 = ADVANCED_FACE ( 'NONE', ( #1174 ), #1164, .T. ) ;
#4635 = ORIENTED_EDGE ( 'NONE', *, *, #5613, .F. ) ;
#4636 = CARTESIAN_POINT ( 'NONE',  ( 0.3249999999999998446, 0.1000000000000000472, 1.199999999999999956 ) ) ;
#4637 = DIRECTION ( 'NONE',  ( -8.340016711426957754E-17, 0.000000000000000000, -1.000000000000000000 ) ) ;
#4638 = CARTESIAN_POINT ( 'NONE',  ( 1.153660235535602041, 0.8325926460677471885, -1.500000444858574866 ) ) ;
#4639 = CARTESIAN_POINT ( 'NONE',  ( -0.5500000000000002665, 1.030000000000000027, -0.9250000000000000444 ) ) ;
#4640 = FACE_OUTER_BOUND ( 'NONE', #2654, .T. ) ;
#4641 = CARTESIAN_POINT ( 'NONE',  ( -0.8892517396676690167, 1.074159270356902951, 1.414941709281387627 ) ) ;
#4642 = EDGE_CURVE ( 'NONE', #4031, #4098, #5072, .T. ) ;
#4643 = AXIS2_PLACEMENT_3D ( 'NONE', #4974, #3598, #177 ) ;
#4644 = LINE ( 'NONE', #1462, #2750 ) ;
#4645 = CARTESIAN_POINT ( 'NONE',  ( -1.349999999999995870, 0.000000000000000000, -1.275000000000003020 ) ) ;
#4646 = CARTESIAN_POINT ( 'NONE',  ( 1.081863748628027366, 0.9740142310691405347, 1.498648649417317458 ) ) ;
#4647 = VERTEX_POINT ( 'NONE', #4645 ) ;
#4648 = CARTESIAN_POINT ( 'NONE',  ( 0.3249999999999998446, 0.000000000000000000, 1.849999999999999867 ) ) ;
#4649 = ORIENTED_EDGE ( 'NONE', *, *, #3174, .F. ) ;
#4650 = LINE ( 'NONE', #2522, #2714 ) ;
#4651 = CARTESIAN_POINT ( 'NONE',  ( -1.349999999999995870, 0.1000000000000000056, -1.275000000000003020 ) ) ;
#4652 = DIRECTION ( 'NONE',  ( 0.000000000000000000, 0.000000000000000000, 1.000000000000000000 ) ) ;
#4653 = CARTESIAN_POINT ( 'NONE',  ( 1.001467850033123996, 1.021395854030634931, -1.518432068775490418 ) ) ;
#4654 = MECHANICAL_DESIGN_GEOMETRIC_PRESENTATION_REPRESENTATION (  '', ( #851 ), #4390 ) ;
#4655 = CARTESIAN_POINT ( 'NONE',  ( 0.8732360801417082818, 1.078436251296188031, -1.390715516057323464 ) ) ;
#4656 = ORIENTED_EDGE ( 'NONE', *, *, #723, .F. ) ;
#4657 = VERTEX_POINT ( 'NONE', #693 ) ;
#4658 = EDGE_CURVE ( 'NONE', #3995, #170, #1295, .T. ) ;
#4659 = DIRECTION ( 'NONE',  ( -0.000000000000000000, -1.000000000000000000, -0.000000000000000000 ) ) ;
#4660 = SURFACE_STYLE_FILL_AREA ( #4319 ) ;
#4661 = CARTESIAN_POINT ( 'NONE',  ( -1.030062142762939725, 1.024612214386798170, -1.442054939818080861 ) ) ;
#4662 = CARTESIAN_POINT ( 'NONE',  ( 0.8560047955232549244, 1.079999999999999849, -1.356004795523254813 ) ) ;
#4663 = ORIENTED_EDGE ( 'NONE', *, *, #398, .F. ) ;
#4664 = DIRECTION ( 'NONE',  ( -0.000000000000000000, -1.000000000000000000, -0.000000000000000000 ) ) ;
#4665 = AXIS2_PLACEMENT_3D ( 'NONE', #3551, #925, #3203 ) ;
#4666 = ORIENTED_EDGE ( 'NONE', *, *, #5061, .T. ) ;
#4667 = CARTESIAN_POINT ( 'NONE',  ( 0.9627543654259844708, 1.059053837019300559, -1.436611659731418467 ) ) ;
#4668 = LINE ( 'NONE', #4436, #917 ) ;
#4669 = EDGE_CURVE ( 'NONE', #423, #3570, #1199, .T. ) ;
#4670 = MANIFOLD_SOLID_BREP ( 'Boss-Extrude4', #673 ) ;
#4671 = CARTESIAN_POINT ( 'NONE',  ( 0.9918668086537568707, 1.047560299168739384, 1.432337334097661286 ) ) ;
#4672 = CARTESIAN_POINT ( 'NONE',  ( -1.350000000000003197, 0.000000000000000000, 0.3250000000000000111 ) ) ;
#4673 = EDGE_LOOP ( 'NONE', ( #2679, #1784, #2719, #4697 ) ) ;
#4674 = ORIENTED_EDGE ( 'NONE', *, *, #5050, .T. ) ;
#4675 = CARTESIAN_POINT ( 'NONE',  ( -1.154495475402414595, 0.7967102921167454888, -1.520360688092319723 ) ) ;
#4676 = CARTESIAN_POINT ( 'NONE',  ( -0.9999999999999997780, 0.3300000000000000155, 1.680000000000000160 ) ) ;
#4677 = CARTESIAN_POINT ( 'NONE',  ( -0.5500000000000002665, 1.080000000000000071, -1.050000000000000044 ) ) ;
#4678 = CARTESIAN_POINT ( 'NONE',  ( -1.035067377166081437, 0.9825516708250764397, 1.556347752574485321 ) ) ;
#4679 = CIRCLE ( 'NONE', #2179, 0.1250000000000001110 ) ;
#4680 = EDGE_CURVE ( 'NONE', #1836, #4735, #1190, .T. ) ;
#4681 = CARTESIAN_POINT ( 'NONE',  ( 1.150416234492430245, 0.7975409522037499865, -1.540289867663483747 ) ) ;
#4682 = LINE ( 'NONE', #4100, #2697 ) ;
#4683 = SURFACE_SIDE_STYLE ('',( #1259 ) ) ;
#4684 = CARTESIAN_POINT ( 'NONE',  ( 0.9912757560909253307, 0.8946078340222790581, 1.633405048832340389 ) ) ;
#4685 = ORIENTED_EDGE ( 'NONE', *, *, #1887, .F. ) ;
#4686 = ADVANCED_FACE ( 'NONE', ( #1206 ), #3215, .T. ) ;
#4687 = CARTESIAN_POINT ( 'NONE',  ( -1.019200754747429549, 1.032013872167992785, 1.442185187276918246 ) ) ;
#4688 = CARTESIAN_POINT ( 'NONE',  ( -0.8000000000000001554, 1.080000000000000071, 1.174999999999998934 ) ) ;
#4689 = VERTEX_POINT ( 'NONE', #3750 ) ;
#4690 = CARTESIAN_POINT ( 'NONE',  ( -0.9533802676530668263, 1.006217926523123474, -1.553305534392341647 ) ) ;
#4691 = CARTESIAN_POINT ( 'NONE',  ( 1.349999999999995648, 0.1000000000000000056, 0.3249999999999999001 ) ) ;
#4692 = PLANE ( 'NONE',  #4529 ) ;
#4693 = AXIS2_PLACEMENT_3D ( 'NONE', #3115, #4024, #4884 ) ;
#4694 = DIRECTION ( 'NONE',  ( -6.672013369141568175E-16, -0.000000000000000000, 1.000000000000000000 ) ) ;
#4695 = CARTESIAN_POINT ( 'NONE',  ( 0.9533802676531754061, 1.006217926523222950, -1.553305534392226184 ) ) ;
#4696 = VERTEX_POINT ( 'NONE', #5048 ) ;
#4697 = ORIENTED_EDGE ( 'NONE', *, *, #2891, .T. ) ;
#4698 = VECTOR ( 'NONE', #2560, 1000.000000000000000 ) ;
#4699 = CARTESIAN_POINT ( 'NONE',  ( -0.8971769440985395416, 1.072848183932241239, -1.420626116227057700 ) ) ;
#4700 = VECTOR ( 'NONE', #5055, 1000.000000000000000 ) ;
#4701 = SURFACE_STYLE_USAGE ( .BOTH. , #1111 ) ;
#4702 = FILL_AREA_STYLE_COLOUR ( '', #531 ) ;
#4703 = EDGE_LOOP ( 'NONE', ( #156, #1969, #877, #5682 ) ) ;
#4704 = CARTESIAN_POINT ( 'NONE',  ( 1.350000000000002753, 0.000000000000000000, -0.8249999999999989564 ) ) ;
#4705 = DIRECTION ( 'NONE',  ( -0.000000000000000000, -1.000000000000000000, -0.000000000000000000 ) ) ;
#4706 = ORIENTED_EDGE ( 'NONE', *, *, #4268, .T. ) ;
#4707 = PRESENTATION_LAYER_ASSIGNMENT (  '', '', ( #27 ) ) ;
#4708 = LINE ( 'NONE', #5567, #772 ) ;
#4709 = CARTESIAN_POINT ( 'NONE',  ( 0.9300259254086348237, 1.040344853630728705, -1.505523948760332020 ) ) ;
#4710 = MECHANICAL_DESIGN_GEOMETRIC_PRESENTATION_REPRESENTATION (  '', ( #771 ), #1865 ) ;
#4711 = ORIENTED_EDGE ( 'NONE', *, *, #2962, .T. ) ;
#4712 = MANIFOLD_SOLID_BREP ( 'Boss-Extrude6[4]', #4767 ) ;
#4713 = EDGE_LOOP ( 'NONE', ( #3743, #4448, #5498, #1651 ) ) ;
#4714 = CARTESIAN_POINT ( 'NONE',  ( -1.151995817079907836, 0.8312873317205098367, 1.499108563112674375 ) ) ;
#4715 = EDGE_CURVE ( 'NONE', #1237, #2640, #4988, .T. ) ;
#4716 = AXIS2_PLACEMENT_3D ( 'NONE', #3644, #5392, #1897 ) ;
#4717 = VECTOR ( 'NONE', #1195, 1000.000000000000000 ) ;
#4718 = CARTESIAN_POINT ( 'NONE',  ( 1.018837728909878670, 0.8333633414099699266, -1.650590991303272803 ) ) ;
#4719 = CARTESIAN_POINT ( 'NONE',  ( 0.000000000000000000, 0.1000000000000000056, 0.000000000000000000 ) ) ;
#4720 = CARTESIAN_POINT ( 'NONE',  ( -0.7000000000000041744, 0.000000000000000000, 0.3249999999999997891 ) ) ;
#4721 = CARTESIAN_POINT ( 'NONE',  ( 1.072214560744619405, 0.9134396964088474791, 1.597861021487924305 ) ) ;
#4722 = ORIENTED_EDGE ( 'NONE', *, *, #5278, .T. ) ;
#4723 = CARTESIAN_POINT ( 'NONE',  ( -0.8560047955232547023, 1.080000000000000071, 1.356004795523254591 ) ) ;
#4724 = CLOSED_SHELL ( 'NONE', ( #2259, #75, #3404, #1795, #3266, #3795 ) ) ;
#4725 = CARTESIAN_POINT ( 'NONE',  ( 0.8800600355879152348, 1.079999999999999627, 1.404474846986963676 ) ) ;
#4726 = AXIS2_PLACEMENT_3D ( 'NONE', #3091, #1324, #2806 ) ;
#4727 = PLANE ( 'NONE',  #2748 ) ;
#4728 = CARTESIAN_POINT ( 'NONE',  ( -0.3249999999999999001, 1.019238815542514276, -1.850000000000000089 ) ) ;
#4729 = DIRECTION ( 'NONE',  ( 1.000000000000000000, 0.000000000000000000, -0.000000000000000000 ) ) ;
#4730 = CARTESIAN_POINT ( 'NONE',  ( 0.3249999999999998446, 0.000000000000000000, 1.199999999999999956 ) ) ;
#4731 = CARTESIAN_POINT ( 'NONE',  ( 1.045701584146145668, 1.012648599492242507, -1.449683707545554423 ) ) ;
#4732 = FACE_OUTER_BOUND ( 'NONE', #2632, .T. ) ;
#4733 = VERTEX_POINT ( 'NONE', #4072 ) ;
#4734 = ADVANCED_FACE ( 'NONE', ( #3241 ), #2380, .T. ) ;
#4735 = VERTEX_POINT ( 'NONE', #667 ) ;
#4736 = CARTESIAN_POINT ( 'NONE',  ( -0.9530594642025713714, 1.064016118123524812, -1.404142358316905481 ) ) ;
#4737 = AXIS2_PLACEMENT_3D ( 'NONE', #766, #3877, #1625 ) ;
#4738 = DIRECTION ( 'NONE',  ( -0.000000000000000000, -1.000000000000000000, -0.000000000000000000 ) ) ;
#4739 = CARTESIAN_POINT ( 'NONE',  ( -1.303367680097881731, 0.4599563724130460995, 1.499999999999997780 ) ) ;
#4740 = ORIENTED_EDGE ( 'NONE', *, *, #126, .T. ) ;
#4741 = CARTESIAN_POINT ( 'NONE',  ( -0.5500000000000002665, 1.030000000000000027, -1.175000000000000266 ) ) ;
#4742 = DIRECTION ( 'NONE',  ( 0.000000000000000000, 1.000000000000000000, 0.000000000000000000 ) ) ;
#4743 = EDGE_LOOP ( 'NONE', ( #3532, #2256, #2468, #2443, #4147, #247, #4265, #580 ) ) ;
#4744 = CARTESIAN_POINT ( 'NONE',  ( 0.9550810414888525335, 1.059845748267050913, -1.444623930711851356 ) ) ;
#4745 = LINE ( 'NONE', #5233, #827 ) ;
#4746 = DIRECTION ( 'NONE',  ( -1.000802005371234635E-15, 0.000000000000000000, -1.000000000000000000 ) ) ;
#4747 = VECTOR ( 'NONE', #430, 1000.000000000000000 ) ;
#4748 = ORIENTED_EDGE ( 'NONE', *, *, #4680, .F. ) ;
#4749 = ORIENTED_EDGE ( 'NONE', *, *, #5215, .F. ) ;
#4750 = DIRECTION ( 'NONE',  ( 4.170008355713478630E-16, 0.000000000000000000, -1.000000000000000000 ) ) ;
#4751 = CARTESIAN_POINT ( 'NONE',  ( -1.500000000000000222, 0.000000000000000000, 2.000000000000000000 ) ) ;
#4752 = CARTESIAN_POINT ( 'NONE',  ( -0.6999999999999972911, 0.000000000000000000, -0.8250000000000060618 ) ) ;
#4753 = CARTESIAN_POINT ( 'NONE',  ( 1.130096845304425779, 0.9003771610284402316, -1.508512743618670049 ) ) ;
#4754 = CARTESIAN_POINT ( 'NONE',  ( -0.3249999999999999001, 0.1000000000000000056, 1.849999999999999867 ) ) ;
#4755 = CARTESIAN_POINT ( 'NONE',  ( 1.075509300746895214, 0.9813931445824027877, 1.494662328298485887 ) ) ;
#4756 = ORIENTED_EDGE ( 'NONE', *, *, #1309, .T. ) ;
#4757 = CARTESIAN_POINT ( 'NONE',  ( 0.8560047955232545913, 1.079999999999999849, 1.356004795523255035 ) ) ;
#4758 = ORIENTED_EDGE ( 'NONE', *, *, #2932, .F. ) ;
#4759 = CARTESIAN_POINT ( 'NONE',  ( -0.9958158059886283997, 0.9454882476719466133, -1.606377507447982467 ) ) ;
#4760 = DIRECTION ( 'NONE',  ( 1.000802005371234635E-15, 0.000000000000000000, 1.000000000000000000 ) ) ;
#4761 = DIRECTION ( 'NONE',  ( 8.031127203596339230E-17, -0.000000000000000000, 1.000000000000000000 ) ) ;
#4762 = ADVANCED_FACE ( 'NONE', ( #3112 ), #5373, .T. ) ;
#4763 = CARTESIAN_POINT ( 'NONE',  ( 0.000000000000000000, 0.1000000000000000056, 0.000000000000000000 ) ) ;
#4764 = CARTESIAN_POINT ( 'NONE',  ( 1.030062142762821820, 1.024612214386880993, -1.442054939818176340 ) ) ;
#4765 = CARTESIAN_POINT ( 'NONE',  ( -1.057816265813068535, 0.8802860089795256915, 1.625348625375387490 ) ) ;
#4766 = ORIENTED_EDGE ( 'NONE', *, *, #138, .F. ) ;
#4767 = CLOSED_SHELL ( 'NONE', ( #4541, #2519, #5060, #4991, #1588, #2614, #1851 ) ) ;
#4768 = CARTESIAN_POINT ( 'NONE',  ( -0.9548859566588107084, 1.062148581733190822, -1.430753743891909791 ) ) ;
#4769 = EDGE_CURVE ( 'NONE', #1237, #3508, #4202, .T. ) ;
#4770 = PLANE ( 'NONE',  #720 ) ;
#4771 = CARTESIAN_POINT ( 'NONE',  ( -1.303367680097881953, 0.4599563724130428799, -1.499999999999997780 ) ) ;
#4772 = ORIENTED_EDGE ( 'NONE', *, *, #4934, .T. ) ;
#4773 = ADVANCED_FACE ( 'NONE', ( #5004 ), #871, .F. ) ;
#4774 = DIRECTION ( 'NONE',  ( 0.000000000000000000, 0.000000000000000000, 1.000000000000000000 ) ) ;
#4775 = EDGE_LOOP ( 'NONE', ( #4350, #408, #4305, #560 ) ) ;
#4776 = CARTESIAN_POINT ( 'NONE',  ( 0.9037175349210675446, 1.067867017640747207, -1.440658202987060932 ) ) ;
#4777 = LINE ( 'NONE', #4417, #1037 ) ;
#4778 = LINE ( 'NONE', #3754, #4914 ) ;
#4779 = CARTESIAN_POINT ( 'NONE',  ( 0.9912757560907019538, 0.8946078340221237379, -1.633405048832405226 ) ) ;
#4780 = VECTOR ( 'NONE', #4338, 1000.000000000000000 ) ;
#4781 = STYLED_ITEM ( 'NONE', ( #4945 ), #3037 ) ;
#4782 = ORIENTED_EDGE ( 'NONE', *, *, #2952, .F. ) ;
#4783 = ORIENTED_EDGE ( 'NONE', *, *, #5668, .T. ) ;
#4784 = CARTESIAN_POINT ( 'NONE',  ( -1.066584643403896360, 0.8372100364382161208, -1.637070422586393015 ) ) ;
#4785 = CARTESIAN_POINT ( 'NONE',  ( 1.349999999999991873, 0.1000000000000000056, 1.474999999999999645 ) ) ;
#4786 = VECTOR ( 'NONE', #1222, 1000.000000000000000 ) ;
#4787 = DIRECTION ( 'NONE',  ( 0.000000000000000000, 0.000000000000000000, -1.000000000000000000 ) ) ;
#4788 = CARTESIAN_POINT ( 'NONE',  ( -1.061980102889899413, 0.9978717158092549333, 1.471553251688084041 ) ) ;
#4789 = CARTESIAN_POINT ( 'NONE',  ( 1.027506874083106592, 0.8955293683234153423, -1.628440682941025175 ) ) ;
#4790 = CARTESIAN_POINT ( 'NONE',  ( 0.9123738914924156562, 1.074559958517211200, -1.391908934568221179 ) ) ;
#4791 = CARTESIAN_POINT ( 'NONE',  ( 1.050398159859852409, 1.008747580937439769, 1.458489994762298236 ) ) ;
#4792 = ORIENTED_EDGE ( 'NONE', *, *, #1309, .F. ) ;
#4793 = ORIENTED_EDGE ( 'NONE', *, *, #4411, .F. ) ;
#4794 = VECTOR ( 'NONE', #3445, 1000.000000000000000 ) ;
#4795 = EDGE_CURVE ( 'NONE', #2309, #2024, #5130, .T. ) ;
#4796 = CARTESIAN_POINT ( 'NONE',  ( -0.9752690770175873602, 0.9910486089802752474, -1.568936714633532459 ) ) ;
#4797 = FILL_AREA_STYLE_COLOUR ( '', #5590 ) ;
#4798 = CARTESIAN_POINT ( 'NONE',  ( 0.6999999999999921840, 0.1000000000000000056, 0.8249999999999999556 ) ) ;
#4799 = CARTESIAN_POINT ( 'NONE',  ( 1.024187059335226913, 1.028444940894490234, -1.450672870234263501 ) ) ;
#4800 = ORIENTED_EDGE ( 'NONE', *, *, #126, .F. ) ;
#4801 = FACE_OUTER_BOUND ( 'NONE', #202, .T. ) ;
#4802 = CARTESIAN_POINT ( 'NONE',  ( -0.9477847869065175734, 1.062835149030461279, -1.438131932628780696 ) ) ;
#4803 = EDGE_CURVE ( 'NONE', #3797, #3987, #3092, .T. ) ;
#4804 = FACE_OUTER_BOUND ( 'NONE', #2517, .T. ) ;
#4805 = CARTESIAN_POINT ( 'NONE',  ( -0.9333283346644101197, 1.067972913752261332, 1.425221819132203027 ) ) ;
#4806 = VECTOR ( 'NONE', #2754, 1000.000000000000000 ) ;
#4807 = CARTESIAN_POINT ( 'NONE',  ( 0.6999999999999969580, 0.1000000000000000472, 0.3249999999999999001 ) ) ;
#4808 = EDGE_LOOP ( 'NONE', ( #5291, #2570, #4459 ) ) ;
#4809 = LINE ( 'NONE', #1655, #3066 ) ;
#4810 = CARTESIAN_POINT ( 'NONE',  ( 0.8899654237196534812, 1.078500189966965284, 1.373969716855404588 ) ) ;
#4811 = CARTESIAN_POINT ( 'NONE',  ( -0.7000000000000082823, 0.1000000000000000472, 1.474999999999999645 ) ) ;
#4812 = EDGE_CURVE ( 'NONE', #2840, #128, #4978, .T. ) ;
#4813 = FACE_OUTER_BOUND ( 'NONE', #1554, .T. ) ;
#4814 = ORIENTED_EDGE ( 'NONE', *, *, #4795, .F. ) ;
#4815 = ADVANCED_FACE ( 'NONE', ( #5236 ), #4859, .F. ) ;
#4816 = LINE ( 'NONE', #2195, #2946 ) ;
#4817 = CARTESIAN_POINT ( 'NONE',  ( 1.000000000000000222, 0.4599563724130428799, 1.500000000000000000 ) ) ;
#4818 = CARTESIAN_POINT ( 'NONE',  ( 0.6999999999999961808, 0.000000000000000000, -0.3250000000000000111 ) ) ;
#4819 = CARTESIAN_POINT ( 'NONE',  ( 0.9044748469840034888, 1.080000000000000071, -1.380060035586355038 ) ) ;
#4820 = CARTESIAN_POINT ( 'NONE',  ( -1.149999999999995914, 1.019238815542514276, -1.475000000000000977 ) ) ;
#4821 = VECTOR ( 'NONE', #500, 1000.000000000000000 ) ;
#4822 = CARTESIAN_POINT ( 'NONE',  ( 1.142056435415585325, 0.8704586697749258084, -1.504454591792124152 ) ) ;
#4823 = LINE ( 'NONE', #2531, #2846 ) ;
#4824 = CARTESIAN_POINT ( 'NONE',  ( 0.9593318732496344259, 1.017099402649771500, 1.539698421181469934 ) ) ;
#4825 = ORIENTED_EDGE ( 'NONE', *, *, #2048, .T. ) ;
#4826 = CARTESIAN_POINT ( 'NONE',  ( -0.8000000000000001554, 1.080000000000000071, -0.1749999999999991562 ) ) ;
#4827 = FACE_OUTER_BOUND ( 'NONE', #4149, .T. ) ;
#4828 = CARTESIAN_POINT ( 'NONE',  ( -1.082194099096459361, 0.9766975884414423881, -1.482418108622065134 ) ) ;
#4829 = CARTESIAN_POINT ( 'NONE',  ( -0.9477848336558710729, 1.062835146031036571, 1.438131884519733061 ) ) ;
#4830 = FILL_AREA_STYLE_COLOUR ( '', #3052 ) ;
#4831 = DIRECTION ( 'NONE',  ( 0.000000000000000000, 0.000000000000000000, 1.000000000000000000 ) ) ;
#4832 = CARTESIAN_POINT ( 'NONE',  ( -0.3249999999999999001, 0.1000000000000000056, -1.850000000000000089 ) ) ;
#4833 = COLOUR_RGB ( '',1.000000000000000000, 0.8117647058823529438, 0.5019607843137254832 ) ;
#4834 = VERTEX_POINT ( 'NONE', #451 ) ;
#4835 = EDGE_CURVE ( 'NONE', #373, #4098, #3297, .T. ) ;
#4836 = AXIS2_PLACEMENT_3D ( 'NONE', #4964, #1032, #5407 ) ;
#4837 = CIRCLE ( 'NONE', #5347, 0.1250000000000001110 ) ;
#4838 = CARTESIAN_POINT ( 'NONE',  ( -0.9406582029871256578, 1.067867017640723670, -1.403717534921025800 ) ) ;
#4839 = VECTOR ( 'NONE', #606, 1000.000000000000000 ) ;
#4840 = CIRCLE ( 'NONE', #278, 0.1249999999999998890 ) ;
#4841 = CARTESIAN_POINT ( 'NONE',  ( -0.9511104244408131736, 1.064675582973010570, 1.406316119639423601 ) ) ;
#4842 = DIRECTION ( 'NONE',  ( 0.000000000000000000, 0.000000000000000000, 1.000000000000000000 ) ) ;
#4843 = CARTESIAN_POINT ( 'NONE',  ( 0.6749999999999990452, 1.320000000000000062, 1.300000000000000044 ) ) ;
#4844 = ORIENTED_EDGE ( 'NONE', *, *, #2492, .F. ) ;
#4845 = CYLINDRICAL_SURFACE ( 'NONE', #108, 0.1249999999999999722 ) ;
#4846 = DIRECTION ( 'NONE',  ( 0.000000000000000000, 0.000000000000000000, 1.000000000000000000 ) ) ;
#4847 = CIRCLE ( 'NONE', #3574, 0.1250000000000001110 ) ;
#4848 = EDGE_CURVE ( 'NONE', #3829, #3691, #5226, .T. ) ;
#4849 = FACE_OUTER_BOUND ( 'NONE', #1359, .T. ) ;
#4850 = CARTESIAN_POINT ( 'NONE',  ( 0.8892214427399288690, 1.078556136277740718, 1.374699299382112772 ) ) ;
#4851 = PRESENTATION_LAYER_ASSIGNMENT (  '', '', ( #2466 ) ) ;
#4852 = CARTESIAN_POINT ( 'NONE',  ( 1.009991957612546898, 0.8139941118251056151, 1.654604415057804756 ) ) ;
#4853 = DIRECTION ( 'NONE',  ( 0.000000000000000000, 0.000000000000000000, 1.000000000000000000 ) ) ;
#4854 = FACE_OUTER_BOUND ( 'NONE', #4512, .T. ) ;
#4855 = CARTESIAN_POINT ( 'NONE',  ( 0.7999999999999999334, 4.902741699796952624, 1.174999999999998934 ) ) ;
#4856 = EDGE_CURVE ( 'NONE', #2753, #3813, #5211, .T. ) ;
#4857 = VERTEX_POINT ( 'NONE', #5689 ) ;
#4858 = FACE_OUTER_BOUND ( 'NONE', #2884, .T. ) ;
#4859 = PLANE ( 'NONE',  #3652 ) ;
#4860 = CARTESIAN_POINT ( 'NONE',  ( -1.143294780065537086, 0.8625374376714923796, -1.515080382664116376 ) ) ;
#4861 = CARTESIAN_POINT ( 'NONE',  ( 0.3249999999999998446, 0.1000000000000000472, -1.200000000000000178 ) ) ;
#4862 = VECTOR ( 'NONE', #3741, 1000.000000000000000 ) ;
#4863 = CARTESIAN_POINT ( 'NONE',  ( 0.6999999999999929612, 0.000000000000000000, 1.474999999999999645 ) ) ;
#4864 = CARTESIAN_POINT ( 'NONE',  ( -0.9604411902358559461, 0.9926071408508597704, 1.567889381067939070 ) ) ;
#4865 = CARTESIAN_POINT ( 'NONE',  ( 1.120095855838409538, 0.8381249224541681420, -1.591840223428532264 ) ) ;
#4866 = CARTESIAN_POINT ( 'NONE',  ( 1.045701584145911189, 1.012648599492433910, 1.449683707545768252 ) ) ;
#4867 = VERTEX_POINT ( 'NONE', #4183 ) ;
#4868 = ADVANCED_FACE ( 'NONE', ( #3312 ), #5140, .F. ) ;
#4869 = EDGE_CURVE ( 'NONE', #51, #170, #5273, .T. ) ;
#4870 = DIRECTION ( 'NONE',  ( -1.000000000000000000, -0.000000000000000000, 0.000000000000000000 ) ) ;
#4871 = LINE ( 'NONE', #4258, #1077 ) ;
#4872 = CARTESIAN_POINT ( 'NONE',  ( -1.013262896313274153, 1.009453779338327806, -1.531716580464095756 ) ) ;
#4873 = FILL_AREA_STYLE ('',( #4830 ) ) ;
#4874 = LINE ( 'NONE', #5577, #941 ) ;
#4875 = CARTESIAN_POINT ( 'NONE',  ( 1.349999999999992317, 0.000000000000000000, 0.8249999999999999556 ) ) ;
#4876 = LINE ( 'NONE', #2389, #3021 ) ;
#4877 = CARTESIAN_POINT ( 'NONE',  ( 0.9291092279697001910, 1.046370910609118798, -1.494494744452174340 ) ) ;
#4878 = EDGE_CURVE ( 'NONE', #2603, #856, #3306, .T. ) ;
#4879 = CARTESIAN_POINT ( 'NONE',  ( -0.9085472168647765745, 1.075060824191254483, -1.395847325812916040 ) ) ;
#4880 = FACE_OUTER_BOUND ( 'NONE', #352, .T. ) ;
#4881 = LINE ( 'NONE', #5379, #1087 ) ;
#4882 = CARTESIAN_POINT ( 'NONE',  ( -0.9530594642023905161, 1.064016118123585652, 1.404142358317010730 ) ) ;
#4883 = DIRECTION ( 'NONE',  ( 0.000000000000000000, 0.000000000000000000, -1.000000000000000000 ) ) ;
#4884 = DIRECTION ( 'NONE',  ( 1.000000000000000000, 0.000000000000000000, -3.336006684570789018E-16 ) ) ;
#4885 = CARTESIAN_POINT ( 'NONE',  ( -1.350000000000003197, 0.1000000000000000056, 0.3250000000000000111 ) ) ;
#4886 = LINE ( 'NONE', #874, #2916 ) ;
#4887 = CARTESIAN_POINT ( 'NONE',  ( 0.9041423583169583278, 1.064016118123555010, -1.453059464202481887 ) ) ;
#4888 = CARTESIAN_POINT ( 'NONE',  ( 0.8879073162225848970, 1.073925532829143492, 1.416233998491063240 ) ) ;
#4889 = CARTESIAN_POINT ( 'NONE',  ( 1.135388511726722172, 0.8758027052817936031, 1.531481060248226722 ) ) ;
#4890 = CONICAL_SURFACE ( 'NONE', #1084, 0.1800000000000000488, 0.05235987755983000091 ) ;
#4891 = DIRECTION ( 'NONE',  ( 0.000000000000000000, 0.000000000000000000, 1.000000000000000000 ) ) ;
#4892 = CARTESIAN_POINT ( 'NONE',  ( -1.138468772382122518, 0.8656085820248008433, -1.533333026749817973 ) ) ;
#4893 = CARTESIAN_POINT ( 'NONE',  ( 0.000000000000000000, 1.080000000000000071, 0.000000000000000000 ) ) ;
#4894 = SURFACE_STYLE_FILL_AREA ( #962 ) ;
#4895 = CARTESIAN_POINT ( 'NONE',  ( -0.5500000000000002665, 0.6764466094067260737, -1.175000000000000266 ) ) ;
#4896 = DIRECTION ( 'NONE',  ( 0.000000000000000000, -0.000000000000000000, 1.000000000000000000 ) ) ;
#4897 = VECTOR ( 'NONE', #425, 1000.000000000000000 ) ;
#4898 = CARTESIAN_POINT ( 'NONE',  ( -1.050398159380673935, 1.008747581346827404, 1.458489995762356273 ) ) ;
#4899 = CARTESIAN_POINT ( 'NONE',  ( 1.110984261446280819, 0.9333068711506689041, -1.517237031731281771 ) ) ;
#4900 = ADVANCED_FACE ( 'NONE', ( #3275 ), #2688, .F. ) ;
#4901 = CARTESIAN_POINT ( 'NONE',  ( 1.017987249463839339, 1.031511124183506656, 1.459066958133744096 ) ) ;
#4902 = PLANE ( 'NONE',  #122 ) ;
#4903 = LINE ( 'NONE', #2078, #995 ) ;
#4904 =( NAMED_UNIT ( * ) SI_UNIT ( $, .STERADIAN. ) SOLID_ANGLE_UNIT ( ) );
#4905 = LINE ( 'NONE', #1201, #3027 ) ;
#4906 = DIRECTION ( 'NONE',  ( 0.000000000000000000, -1.000000000000000000, 0.000000000000000000 ) ) ;
#4907 = DIRECTION ( 'NONE',  ( -0.000000000000000000, -1.000000000000000000, -0.000000000000000000 ) ) ;
#4908 = CARTESIAN_POINT ( 'NONE',  ( -1.008858697280418770, 0.8329515570377288292, 1.651740736140399957 ) ) ;
#4909 = AXIS2_PLACEMENT_3D ( 'NONE', #4763, #3436, #2928 ) ;
#4910 = ADVANCED_FACE ( 'NONE', ( #1439 ), #3386, .F. ) ;
#4911 = LINE ( 'NONE', #924, #3150 ) ;
#4912 = COLOUR_RGB ( '',0.2509803921568627416, 0.2509803921568627416, 0.2509803921568627416 ) ;
#4913 = CARTESIAN_POINT ( 'NONE',  ( -0.8560047955232543693, 1.080000000000000071, -1.356004795523255479 ) ) ;
#4914 = VECTOR ( 'NONE', #5051, 1000.000000000000000 ) ;
#4915 = FACE_OUTER_BOUND ( 'NONE', #783, .T. ) ;
#4916 = DIRECTION ( 'NONE',  ( -1.000000000000000000, -0.000000000000000000, -0.000000000000000000 ) ) ;
#4917 = EDGE_CURVE ( 'NONE', #1727, #3508, #1420, .T. ) ;
#4918 = CARTESIAN_POINT ( 'NONE',  ( -1.100233162555515731, 0.9398297381127370675, 1.540052261322188532 ) ) ;
#4919 =( GEOMETRIC_REPRESENTATION_CONTEXT ( 3 ) GLOBAL_UNCERTAINTY_ASSIGNED_CONTEXT ( ( #2825 ) ) GLOBAL_UNIT_ASSIGNED_CONTEXT ( ( #1578, #3592, #5082 ) ) REPRESENTATION_CONTEXT ( 'NONE', 'WORKASPACE' ) );
#4920 = FACE_OUTER_BOUND ( 'NONE', #5670, .T. ) ;
#4921 = EDGE_CURVE ( 'NONE', #3873, #887, #5307, .T. ) ;
#4922 = LINE ( 'NONE', #4405, #1038 ) ;
#4923 = CARTESIAN_POINT ( 'NONE',  ( 0.8877431620879339125, 1.078652044198912030, 1.376152897306479161 ) ) ;
#4924 = CARTESIAN_POINT ( 'NONE',  ( -1.141389282726772869, 0.7986028572764645173, 1.569579175271014870 ) ) ;
#4925 = CARTESIAN_POINT ( 'NONE',  ( 1.128440682940759832, 0.8955293683237711688, 1.527506874083568889 ) ) ;
#4926 = LINE ( 'NONE', #2495, #1133 ) ;
#4927 = B_SPLINE_CURVE_WITH_KNOTS ( 'NONE', 3,
 ( #5220, #1920, #5454, #2814, #4148, #4575 ),
 .UNSPECIFIED., .F., .F.,
 ( 4, 2, 4 ),
 ( 0.000000000000000000, 0.5000000000000000000, 1.000000000000000000 ),
 .UNSPECIFIED. ) ;
#4928 = CARTESIAN_POINT ( 'NONE',  ( -1.101622424517170851, 0.9033259170385798953, -1.575465577478647683 ) ) ;
#4929 = AXIS2_PLACEMENT_3D ( 'NONE', #2705, #4125, #4473 ) ;
#4930 = PLANE ( 'NONE',  #4302 ) ;
#4931 = DIRECTION ( 'NONE',  ( 1.167602339599774431E-15, 0.000000000000000000, 1.000000000000000000 ) ) ;
#4932 = CARTESIAN_POINT ( 'NONE',  ( -1.299999999999999822, 0.3300000000000000155, 1.499999999999997780 ) ) ;
#4933 = LINE ( 'NONE', #5231, #977 ) ;
#4934 = EDGE_CURVE ( 'NONE', #3542, #2095, #5253, .T. ) ;
#4935 = CARTESIAN_POINT ( 'NONE',  ( 1.091405377511219355, 0.9663642124727400695, -1.479407906625501923 ) ) ;
#4936 = DIRECTION ( 'NONE',  ( 1.000000000000000000, -0.000000000000000000, -0.000000000000000000 ) ) ;
#4937 = CARTESIAN_POINT ( 'NONE',  ( -0.9506728702341656900, 1.028444940894444937, -1.524187059335318173 ) ) ;
#4938 = LINE ( 'NONE', #3134, #3014 ) ;
#4939 =( LENGTH_UNIT ( ) NAMED_UNIT ( * ) SI_UNIT ( .MILLI., .METRE. ) );
#4940 = CARTESIAN_POINT ( 'NONE',  ( -0.8560047955232547023, 1.080000000000000071, 1.356004795523254591 ) ) ;
#4941 = EDGE_CURVE ( 'NONE', #1976, #1237, #4927, .T. ) ;
#4942 = LINE ( 'NONE', #3291, #5010 ) ;
#4943 = CARTESIAN_POINT ( 'NONE',  ( -0.6999999999999972911, 0.1000000000000000056, -0.8250000000000060618 ) ) ;
#4944 = DIRECTION ( 'NONE',  ( 1.000000000000000000, 0.000000000000000000, -0.000000000000000000 ) ) ;
#4945 = PRESENTATION_STYLE_ASSIGNMENT (( #2310 ) ) ;
#4946 = MANIFOLD_SOLID_BREP ( 'Boss-Extrude6[8]', #4724 ) ;
#4947 = LINE ( 'NONE', #5182, #2987 ) ;
#4948 = CARTESIAN_POINT ( 'NONE',  ( -0.8804833626364263477, 1.078819882588635481, -1.383369505920992948 ) ) ;
#4949 = COLOUR_RGB ( '',0.4862745098039215619, 0.2352941176470588203, 0.01568627450980392135 ) ;
#4950 = DIRECTION ( 'NONE',  ( 0.000000000000000000, -1.000000000000000000, 0.000000000000000000 ) ) ;
#4951 = CARTESIAN_POINT ( 'NONE',  ( 1.154692366964407801, 0.8128984051950013390, 1.500000207376643413 ) ) ;
#4952 = DIRECTION ( 'NONE',  ( -1.000000000000000000, 0.000000000000000000, 0.000000000000000000 ) ) ;
#4953 = LINE ( 'NONE', #4359, #975 ) ;
#4954 = CARTESIAN_POINT ( 'NONE',  ( 0.9442603579625220567, 1.066839277064806968, -1.399786392071520336 ) ) ;
#4955 = CARTESIAN_POINT ( 'NONE',  ( 0.8651159941599629866, 1.080000000000000071, 1.372184863504049446 ) ) ;
#4956 = CARTESIAN_POINT ( 'NONE',  ( 1.005710983905074629, 0.8611158099981065517, 1.644805314365258120 ) ) ;
#4957 = AXIS2_PLACEMENT_3D ( 'NONE', #4602, #5016, #1018 ) ;
#4958 = CARTESIAN_POINT ( 'NONE',  ( -0.9366116999691309619, 1.059053844519674215, 1.462754328935068182 ) ) ;
#4959 = CARTESIAN_POINT ( 'NONE',  ( -1.097861021764504397, 0.9134396964323857615, -1.572214560548231610 ) ) ;
#4960 = DIRECTION ( 'NONE',  ( 0.000000000000000000, 0.000000000000000000, -1.000000000000000000 ) ) ;
#4961 = VECTOR ( 'NONE', #4425, 1000.000000000000000 ) ;
#4962 = DIRECTION ( 'NONE',  ( -0.000000000000000000, -0.9986295347545739443, 0.05233595624294395260 ) ) ;
#4963 = SURFACE_SIDE_STYLE ('',( #831 ) ) ;
#4964 = CARTESIAN_POINT ( 'NONE',  ( 1.303367680097882175, 0.4599563724130460995, 1.499999999999997780 ) ) ;
#4965 = VECTOR ( 'NONE', #4936, 1000.000000000000000 ) ;
#4966 = CARTESIAN_POINT ( 'NONE',  ( 1.003239048080765139, 1.000921522789616436, -1.551288801758264890 ) ) ;
#4967 = DIRECTION ( 'NONE',  ( 1.000000000000000000, -0.000000000000000000, 3.336006684570783693E-15 ) ) ;
#4968 = CARTESIAN_POINT ( 'NONE',  ( -0.9945034976766363721, 1.045492389080996398, -1.443898435563851113 ) ) ;
#4969 = EDGE_CURVE ( 'NONE', #5349, #2417, #1349, .T. ) ;
#4970 = FACE_OUTER_BOUND ( 'NONE', #2671, .T. ) ;
#4971 = AXIS2_PLACEMENT_3D ( 'NONE', #4565, #3285, #4989 ) ;
#4972 =( NAMED_UNIT ( * ) SI_UNIT ( $, .STERADIAN. ) SOLID_ANGLE_UNIT ( ) );
#4973 = CARTESIAN_POINT ( 'NONE',  ( 0.6749999999999999334, 1.320000000000000062, 1.175000000000000044 ) ) ;
#4974 = CARTESIAN_POINT ( 'NONE',  ( -1.179999999999999716, 0.3300000000000000155, -1.499999999999998668 ) ) ;
#4975 = CARTESIAN_POINT ( 'NONE',  ( 1.349999999999995648, 0.000000000000000000, 0.3249999999999999001 ) ) ;
#4976 = VECTOR ( 'NONE', #5065, 1000.000000000000000 ) ;
#4977 = CARTESIAN_POINT ( 'NONE',  ( 0.9482733518649572035, 1.052147938740207067, -1.478245732496405118 ) ) ;
#4978 = LINE ( 'NONE', #3056, #3157 ) ;
#4979 = DIRECTION ( 'NONE',  ( -0.000000000000000000, -1.000000000000000000, -0.000000000000000000 ) ) ;
#4980 = AXIS2_PLACEMENT_3D ( 'NONE', #1101, #5026, #5054 ) ;
#4981 = ADVANCED_FACE ( 'NONE', ( #3343 ), #2970, .F. ) ;
#4982 = COLOUR_RGB ( '',0.7921568627450980005, 0.8196078431372548767, 0.9333333333333333481 ) ;
#4983 = CARTESIAN_POINT ( 'NONE',  ( 0.6749999999999990452, 1.320000000000000062, -0.3000000000000001554 ) ) ;
#4984 = EDGE_CURVE ( 'NONE', #2395, #2935, #3405, .T. ) ;
#4985 = CARTESIAN_POINT ( 'NONE',  ( -1.017237043221405957, 0.9333068753252254934, 1.610984259090890935 ) ) ;
#4986 = UNCERTAINTY_MEASURE_WITH_UNIT (LENGTH_MEASURE( 1.000000000000000082E-05 ), #2653, 'distance_accuracy_value', 'NONE');
#4987 = CARTESIAN_POINT ( 'NONE',  ( -0.9370580669694584808, 1.068689204177783125, 1.407580860375592824 ) ) ;
#4988 = LINE ( 'NONE', #5361, #5078 ) ;
#4989 = DIRECTION ( 'NONE',  ( 8.340016711426957261E-16, 0.000000000000000000, -1.000000000000000000 ) ) ;
#4990 = CARTESIAN_POINT ( 'NONE',  ( 1.013606590206992841, 0.8722597831836533810, 1.640408405821048410 ) ) ;
#4991 = ADVANCED_FACE ( 'NONE', ( #1392 ), #2532, .T. ) ;
#4992 = EDGE_CURVE ( 'NONE', #3309, #2065, #3358, .T. ) ;
#4993 = CARTESIAN_POINT ( 'NONE',  ( -1.017237031730457764, 0.9333068711487614300, -1.610984261445697507 ) ) ;
#4994 = PLANE ( 'NONE',  #753 ) ;
#4995 = CARTESIAN_POINT ( 'NONE',  ( 0.6999999999999969580, 1.019238815542514276, 0.3249999999999999001 ) ) ;
#4996 = VECTOR ( 'NONE', #1458, 1000.000000000000000 ) ;
#4997 = CARTESIAN_POINT ( 'NONE',  ( 0.9937646118763135972, 0.9251486421777870284, -1.619406829348790655 ) ) ;
#4998 = CARTESIAN_POINT ( 'NONE',  ( -0.8560047955232547023, 1.080000000000000071, 1.356004795523254591 ) ) ;
#4999 = CARTESIAN_POINT ( 'NONE',  ( 1.154495475402415483, 0.7967102921167453777, 1.520360688092319501 ) ) ;
#5000 = ORIENTED_EDGE ( 'NONE', *, *, #4002, .T. ) ;
#5001 = CARTESIAN_POINT ( 'NONE',  ( -0.9635202023202571464, 1.010961029266050692, -1.547295011718131885 ) ) ;
#5002 = PRODUCT_DEFINITION_CONTEXT ( 'detailed design', #5353, 'design' ) ;
#5003 = EDGE_CURVE ( 'NONE', #3136, #5366, #1404, .T. ) ;
#5004 = FACE_OUTER_BOUND ( 'NONE', #2770, .T. ) ;
#5005 = DIRECTION ( 'NONE',  ( 0.000000000000000000, -1.000000000000000000, 0.000000000000000000 ) ) ;
#5006 = CARTESIAN_POINT ( 'NONE',  ( -1.149999999999995914, 0.1000000000000000056, -1.475000000000000977 ) ) ;
#5007 = CARTESIAN_POINT ( 'NONE',  ( -1.151740736265109533, 0.8329515561211172647, 1.508858695677983475 ) ) ;
#5008 = CARTESIAN_POINT ( 'NONE',  ( -0.9482733518649862914, 1.052147938740239264, 1.478245732496361153 ) ) ;
#5009 = CARTESIAN_POINT ( 'NONE',  ( -0.8725477631505175191, 1.080000000000000071, -1.364757929852340901 ) ) ;
#5010 = VECTOR ( 'NONE', #2042, 1000.000000000000000 ) ;
#5011 = DIRECTION ( 'NONE',  ( -1.000000000000000000, -0.000000000000000000, 3.336006684570789018E-16 ) ) ;
#5012 = CARTESIAN_POINT ( 'NONE',  ( -1.040734323873044653, 0.7978297350112313335, -1.655482082505488117 ) ) ;
#5013 = CARTESIAN_POINT ( 'NONE',  ( -0.9419137757703608393, 1.024685310195793342, 1.529804806976627241 ) ) ;
#5014 = CARTESIAN_POINT ( 'NONE',  ( -1.100031191865955105, 0.9506362308860148991, 1.510226906103606437 ) ) ;
#5015 = CARTESIAN_POINT ( 'NONE',  ( -0.8958473258129241446, 1.075060824191274245, 1.408547216864714180 ) ) ;
#5016 = DIRECTION ( 'NONE',  ( 0.000000000000000000, 1.000000000000000000, 0.000000000000000000 ) ) ;
#5017 = LINE ( 'NONE', #32, #5098 ) ;
#5018 = DIRECTION ( 'NONE',  ( -1.000000000000000000, 0.000000000000000000, 0.000000000000000000 ) ) ;
#5019 = CARTESIAN_POINT ( 'NONE',  ( 0.9937646057439810665, 0.9251486399322506049, 1.619406830551602505 ) ) ;
#5020 = ADVANCED_FACE ( 'NONE', ( #1467 ), #5490, .T. ) ;
#5021 = CARTESIAN_POINT ( 'NONE',  ( -0.9370137297140699317, 1.043204595929401179, 1.500120621918372033 ) ) ;
#5022 = EDGE_CURVE ( 'NONE', #4201, #1976, #1365, .T. ) ;
#5023 = AXIS2_PLACEMENT_3D ( 'NONE', #2406, #1056, #5394 ) ;
#5024 = ORIENTED_EDGE ( 'NONE', *, *, #4311, .T. ) ;
#5025 = CARTESIAN_POINT ( 'NONE',  ( -0.7000000000000037303, 0.1000000000000000056, -0.3250000000000001776 ) ) ;
#5026 = DIRECTION ( 'NONE',  ( -1.000000000000000000, 0.000000000000000000, 8.340016711426957754E-17 ) ) ;
#5027 = DIRECTION ( 'NONE',  ( 1.000000000000000000, 0.000000000000000000, 0.000000000000000000 ) ) ;
#5028 = DIRECTION ( 'NONE',  ( 0.000000000000000000, 0.000000000000000000, -1.000000000000000000 ) ) ;
#5029 = FACE_OUTER_BOUND ( 'NONE', #3766, .T. ) ;
#5030 = CARTESIAN_POINT ( 'NONE',  ( 1.070712173608345363, 0.9800845278245972070, -1.517525914289991729 ) ) ;
#5031 = CARTESIAN_POINT ( 'NONE',  ( -0.8560047955232547023, 1.080000000000000071, 1.356004795523254813 ) ) ;
#5032 = CARTESIAN_POINT ( 'NONE',  ( 0.6749999999999990452, 4.902741699796952624, 1.300000000000000044 ) ) ;
#5033 = AXIS2_PLACEMENT_3D ( 'NONE', #1526, #4232, #2540 ) ;
#5034 = ORIENTED_EDGE ( 'NONE', *, *, #2140, .F. ) ;
#5035 = CARTESIAN_POINT ( 'NONE',  ( -1.008367859143241008, 1.035343851411729021, -1.471429195594249784 ) ) ;
#5036 = CARTESIAN_POINT ( 'NONE',  ( 0.8721848635040804210, 1.080000000000000071, -1.365115994159951551 ) ) ;
#5037 = DIRECTION ( 'NONE',  ( 0.000000000000000000, 0.000000000000000000, -1.000000000000000000 ) ) ;
#5038 = EDGE_LOOP ( 'NONE', ( #972, #3774, #3663, #1844 ) ) ;
#5039 = CARTESIAN_POINT ( 'NONE',  ( -1.081130452819935694, 0.7988942090804055374, 1.638675522626384273 ) ) ;
#5040 = COLOUR_RGB ( '',0.4862745098039215619, 0.2352941176470588203, 0.01568627450980392135 ) ;
#5041 = EDGE_CURVE ( 'NONE', #2503, #1925, #3288, .T. ) ;
#5042 = CARTESIAN_POINT ( 'NONE',  ( 1.350000000000005196, 0.1000000000000000056, -1.474999999999998979 ) ) ;
#5043 = CARTESIAN_POINT ( 'NONE',  ( 1.144756629630987010, 0.8703696697477111277, -1.496249375911755886 ) ) ;
#5044 = CARTESIAN_POINT ( 'NONE',  ( -1.070712173608202145, 0.9800845278248350168, 1.517525914289928446 ) ) ;
#5045 = DIRECTION ( 'NONE',  ( -0.000000000000000000, 1.000000000000000000, -0.000000000000000000 ) ) ;
#5046 = CARTESIAN_POINT ( 'NONE',  ( -0.9406582169501079838, 1.067867013964942657, 1.403717520422899101 ) ) ;
#5047 = MECHANICAL_DESIGN_GEOMETRIC_PRESENTATION_REPRESENTATION (  '', ( #3029 ), #612 ) ;
#5048 = CARTESIAN_POINT ( 'NONE',  ( 1.349999999999992317, 0.1000000000000000472, 0.8249999999999999556 ) ) ;
#5049 = CARTESIAN_POINT ( 'NONE',  ( 1.056347752574448462, 0.9825516708251121889, 1.535067377166105862 ) ) ;
#5050 = EDGE_CURVE ( 'NONE', #4131, #4082, #5299, .T. ) ;
#5051 = DIRECTION ( 'NONE',  ( -0.000000000000000000, -1.000000000000000000, -0.000000000000000000 ) ) ;
#5052 = ORIENTED_EDGE ( 'NONE', *, *, #1446, .F. ) ;
#5053 = DIRECTION ( 'NONE',  ( -1.000000000000000000, -0.000000000000000000, 8.031127203596339230E-17 ) ) ;
#5054 = DIRECTION ( 'NONE',  ( 8.340016711426957754E-17, 0.000000000000000000, 1.000000000000000000 ) ) ;
#5055 = DIRECTION ( 'NONE',  ( -1.000802005371234635E-15, 0.000000000000000000, -1.000000000000000000 ) ) ;
#5056 = FILL_AREA_STYLE_COLOUR ( '', #1644 ) ;
#5057 = LINE ( 'NONE', #4287, #3093 ) ;
#5058 = CARTESIAN_POINT ( 'NONE',  ( 0.9978348340585422305, 1.036876940881436449, -1.483059359236380104 ) ) ;
#5059 = CARTESIAN_POINT ( 'NONE',  ( 0.8746992993820689177, 1.078556136277748267, -1.389221442739972279 ) ) ;
#5060 = ADVANCED_FACE ( 'NONE', ( #3418 ), #3402, .T. ) ;
#5061 = EDGE_CURVE ( 'NONE', #4011, #5505, #3260, .T. ) ;
#5062 = CARTESIAN_POINT ( 'NONE',  ( 1.150416234520021508, 0.7975409522333160028, 1.540289868200042322 ) ) ;
#5063 = CARTESIAN_POINT ( 'NONE',  ( -1.030329346716822414, 1.019498612759506262, -1.487918807073260297 ) ) ;
#5064 = LINE ( 'NONE', #3863, #1268 ) ;
#5065 = DIRECTION ( 'NONE',  ( -8.340016711426958247E-16, -0.000000000000000000, 1.000000000000000000 ) ) ;
#5066 =( LENGTH_UNIT ( ) NAMED_UNIT ( * ) SI_UNIT ( .MILLI., .METRE. ) );
#5067 = FACE_OUTER_BOUND ( 'NONE', #2012, .T. ) ;
#5068 = CARTESIAN_POINT ( 'NONE',  ( 0.3249999999999998446, 0.1000000000000000472, -1.200000000000000178 ) ) ;
#5069 = CARTESIAN_POINT ( 'NONE',  ( -1.150590991271954744, 0.8333633408800144027, 1.518837727818583394 ) ) ;
#5070 = CARTESIAN_POINT ( 'NONE',  ( -0.9323373340976045531, 1.047560299168683429, 1.491866808653860677 ) ) ;
#5071 = CARTESIAN_POINT ( 'NONE',  ( 0.9366116597313932646, 1.059053837019377831, 1.462754365425819714 ) ) ;
#5072 = LINE ( 'NONE', #2489, #3109 ) ;
#5073 = CARTESIAN_POINT ( 'NONE',  ( -1.350000000000006972, 0.1000000000000000056, 1.474999999999999867 ) ) ;
#5074 = SURFACE_STYLE_FILL_AREA ( #4354 ) ;
#5075 = CARTESIAN_POINT ( 'NONE',  ( -1.000000207376561034, 0.8128984051949943446, -1.654692366964408023 ) ) ;
#5076 = CARTESIAN_POINT ( 'NONE',  ( -0.8643968579406103858, 1.080000000000000071, -1.372914362676402655 ) ) ;
#5077 = CARTESIAN_POINT ( 'NONE',  ( 1.020216784742115301, 0.8139038367061306456, -1.653600453583861540 ) ) ;
#5078 = VECTOR ( 'NONE', #3185, 1000.000000000000000 ) ;
#5079 = EDGE_CURVE ( 'NONE', #4085, #902, #5317, .T. ) ;
#5080 = AXIS2_PLACEMENT_3D ( 'NONE', #4603, #3322, #5018 ) ;
#5081 = CARTESIAN_POINT ( 'NONE',  ( 0.3249999999999998446, 0.000000000000000000, 1.849999999999999867 ) ) ;
#5082 =( NAMED_UNIT ( * ) SI_UNIT ( $, .STERADIAN. ) SOLID_ANGLE_UNIT ( ) );
#5083 = CARTESIAN_POINT ( 'NONE',  ( 0.9958158059889320457, 0.9454882476722477058, 1.606377507447776187 ) ) ;
#5084 = CIRCLE ( 'NONE', #2290, 0.2999999999999999334 ) ;
#5085 = DIRECTION ( 'NONE',  ( 0.000000000000000000, 0.000000000000000000, -1.000000000000000000 ) ) ;
#5086 = VERTEX_POINT ( 'NONE', #1202 ) ;
#5087 = FACE_OUTER_BOUND ( 'NONE', #4595, .T. ) ;
#5088 = DIRECTION ( 'NONE',  ( -0.000000000000000000, -1.000000000000000000, -0.000000000000000000 ) ) ;
#5089 = DIRECTION ( 'NONE',  ( -1.000000000000000000, 0.000000000000000000, 8.340016711426957754E-17 ) ) ;
#5090 = ADVANCED_FACE ( 'NONE', ( #1533 ), #2047, .T. ) ;
#5091 = LINE ( 'NONE', #3963, #4965 ) ;
#5092 = CARTESIAN_POINT ( 'NONE',  ( 1.047295011718069047, 1.010961029265945665, -1.463520202320439667 ) ) ;
#5093 = AXIS2_PLACEMENT_3D ( 'NONE', #1416, #2781, #5343 ) ;
#5094 = CARTESIAN_POINT ( 'NONE',  ( 0.8907155160573219099, 1.078436251296187809, -1.373236080141711613 ) ) ;
#5095 = EDGE_CURVE ( 'NONE', #4567, #3948, #1385, .T. ) ;
#5096 = CARTESIAN_POINT ( 'NONE',  ( -0.8925622600985052557, 1.072012350688112514, -1.425018179304847088 ) ) ;
#5097 = COLOUR_RGB ( '',1.000000000000000000, 0.8117647058823529438, 0.5019607843137254832 ) ;
#5098 = VECTOR ( 'NONE', #450, 1000.000000000000000 ) ;
#5099 = DIRECTION ( 'NONE',  ( -0.000000000000000000, -1.000000000000000000, -0.000000000000000000 ) ) ;
#5100 = DIRECTION ( 'NONE',  ( -1.000000000000000000, 0.000000000000000000, -0.000000000000000000 ) ) ;
#5101 = LINE ( 'NONE', #116, #3299 ) ;
#5102 = CARTESIAN_POINT ( 'NONE',  ( -0.6999999999999945155, 0.000000000000000000, -1.475000000000006084 ) ) ;
#5103 = CARTESIAN_POINT ( 'NONE',  ( -0.6749999999999992673, 1.080000000000000071, 1.300000000000000044 ) ) ;
#5104 = AXIS2_PLACEMENT_3D ( 'NONE', #3098, #5693, #2655 ) ;
#5105 = CARTESIAN_POINT ( 'NONE',  ( -1.005710987811529122, 0.8611158116468528023, 1.644805313924986523 ) ) ;
#5106 = LINE ( 'NONE', #1342, #5111 ) ;
#5107 = CARTESIAN_POINT ( 'NONE',  ( 0.9258613262387660470, 1.045011609023459354, 1.497056737032102181 ) ) ;
#5108 = CARTESIAN_POINT ( 'NONE',  ( 1.000000207376586125, 0.8128984051949976752, -1.654692366964408023 ) ) ;
#5109 = VECTOR ( 'NONE', #563, 1000.000000000000000 ) ;
#5110 = DIRECTION ( 'NONE',  ( 1.000000000000000000, 0.000000000000000000, 4.170008355713478630E-16 ) ) ;
#5111 = VECTOR ( 'NONE', #3596, 1000.000000000000000 ) ;
#5112 = EDGE_CURVE ( 'NONE', #460, #2263, #3250, .T. ) ;
#5113 = CARTESIAN_POINT ( 'NONE',  ( 1.125348625186585849, 0.8802860065952556878, -1.557816260332827385 ) ) ;
#5114 = CIRCLE ( 'NONE', #2266, 0.1250000000000001110 ) ;
#5115 = CARTESIAN_POINT ( 'NONE',  ( -0.9849957243584631650, 0.9473546801821856045, 1.618550353328110480 ) ) ;
#5116 = PLANE ( 'NONE',  #4187 ) ;
#5117 = CARTESIAN_POINT ( 'NONE',  ( 1.109045746409636157, 0.9425015193662891200, 1.488479265164816878 ) ) ;
#5118 = VECTOR ( 'NONE', #3831, 1000.000000000000000 ) ;
#5119 = PLANE ( 'NONE',  #2204 ) ;
#5120 = MANIFOLD_SOLID_BREP ( 'Boss-Extrude6[2]', #4329 ) ;
#5121 = LINE ( 'NONE', #2584, #3177 ) ;
#5122 = VECTOR ( 'NONE', #1469, 1000.000000000000000 ) ;
#5123 = CARTESIAN_POINT ( 'NONE',  ( -0.3249999999999999001, 1.019238815542514276, 1.849999999999999867 ) ) ;
#5124 = CARTESIAN_POINT ( 'NONE',  ( -0.6749999999999992673, 4.902741699796952624, -0.3000000000000000444 ) ) ;
#5125 = AXIS2_PLACEMENT_3D ( 'NONE', #816, #1283, #2638 ) ;
#5126 = DIRECTION ( 'NONE',  ( 0.000000000000000000, 1.000000000000000000, 0.000000000000000000 ) ) ;
#5127 = CARTESIAN_POINT ( 'NONE',  ( 0.9300259254086348237, 1.040344853630728705, -1.505523948760332020 ) ) ;
#5128 = CARTESIAN_POINT ( 'NONE',  ( -1.155565732379091770, 0.7962336003390751982, 1.510194610148010153 ) ) ;
#5129 = CARTESIAN_POINT ( 'NONE',  ( -0.9084671394846115522, 1.065252615042800111, -1.449156036057060781 ) ) ;
#5130 = LINE ( 'NONE', #2651, #4961 ) ;
#5131 = CARTESIAN_POINT ( 'NONE',  ( -0.9063161280508340578, 1.064675585585861395, 1.451110416794282099 ) ) ;
#5132 = DIRECTION ( 'NONE',  ( 0.000000000000000000, 0.000000000000000000, -1.000000000000000000 ) ) ;
#5133 = CARTESIAN_POINT ( 'NONE',  ( -1.350000000000007638, -0.000000000000000000, 0.8249999999999997335 ) ) ;
#5134 = FACE_BOUND ( 'NONE', #3732, .T. ) ;
#5135 = CARTESIAN_POINT ( 'NONE',  ( 0.3249999999999998446, 0.1000000000000000056, 1.199999999999999956 ) ) ;
#5136 = CARTESIAN_POINT ( 'NONE',  ( -1.500000000000000222, 0.2300000000000000100, 2.000000000000000000 ) ) ;
#5137 = VERTEX_POINT ( 'NONE', #93 ) ;
#5138 = CARTESIAN_POINT ( 'NONE',  ( -0.9421851897603060744, 1.032013873492257261, 1.519200752812274846 ) ) ;
#5139 = CARTESIAN_POINT ( 'NONE',  ( 0.9300259254088019123, 1.040344853630859934, 1.505523948760101316 ) ) ;
#5140 = TOROIDAL_SURFACE ( 'NONE', #35, 0.3033676800978821753, 0.1300000000000000044 ) ;
#5141 = CARTESIAN_POINT ( 'NONE',  ( -1.138675522626379388, 0.7988942090804053153, 1.581130452819943688 ) ) ;
#5142 = DIRECTION ( 'NONE',  ( -1.000802005371234635E-15, 0.000000000000000000, -1.000000000000000000 ) ) ;
#5143 = PRODUCT_DEFINITION ( 'UNKNOWN', '', #2712, #5002 ) ;
#5144 = ADVANCED_FACE ( 'NONE', ( #5484 ), #3170, .F. ) ;
#5145 = FACE_OUTER_BOUND ( 'NONE', #537, .T. ) ;
#5146 = CARTESIAN_POINT ( 'NONE',  ( -1.020216784284045053, 0.8139038366818645009, -1.653600453574839202 ) ) ;
#5147 = CARTESIAN_POINT ( 'NONE',  ( 1.499999999999999778, 0.2300000000000000100, -2.000000000000000000 ) ) ;
#5148 = EDGE_CURVE ( 'NONE', #1733, #1529, #1699, .T. ) ;
#5149 = CARTESIAN_POINT ( 'NONE',  ( 0.6749999999999990452, 1.080000000000000071, -0.3000000000000001554 ) ) ;
#5150 =( GEOMETRIC_REPRESENTATION_CONTEXT ( 3 ) GLOBAL_UNCERTAINTY_ASSIGNED_CONTEXT ( ( #3164 ) ) GLOBAL_UNIT_ASSIGNED_CONTEXT ( ( #1103, #1691, #2085 ) ) REPRESENTATION_CONTEXT ( 'NONE', 'WORKASPACE' ) );
#5151 = VERTEX_POINT ( 'NONE', #2782 ) ;
#5152 = CARTESIAN_POINT ( 'NONE',  ( 1.123587751742450624, 0.8162511797701360594, -1.594931798090194919 ) ) ;
#5153 = VECTOR ( 'NONE', #1068, 1000.000000000000000 ) ;
#5154 = LINE ( 'NONE', #1063, #5245 ) ;
#5155 = CARTESIAN_POINT ( 'NONE',  ( 0.9657111196517403906, 1.039955916374394995, 1.500930195477893525 ) ) ;
#5156 = VECTOR ( 'NONE', #5333, 1000.000000000000000 ) ;
#5157 = DIRECTION ( 'NONE',  ( 0.000000000000000000, -0.000000000000000000, 1.000000000000000000 ) ) ;
#5158 = STYLED_ITEM ( 'NONE', ( #2938 ), #4229 ) ;
#5159 = CARTESIAN_POINT ( 'NONE',  ( 1.350000000000005196, 1.019238815542514276, -1.474999999999998979 ) ) ;
#5160 = CARTESIAN_POINT ( 'NONE',  ( 1.349999999999992317, 0.1000000000000000056, 0.8249999999999999556 ) ) ;
#5161 = SURFACE_STYLE_USAGE ( .BOTH. , #738 ) ;
#5162 = EDGE_CURVE ( 'NONE', #5086, #2503, #3577, .T. ) ;
#5163 = CARTESIAN_POINT ( 'NONE',  ( 0.9540735825080086663, 1.036452076090433883, -1.510249186801174259 ) ) ;
#5164 = DIRECTION ( 'NONE',  ( -0.000000000000000000, 0.000000000000000000, -1.000000000000000000 ) ) ;
#5165 = CARTESIAN_POINT ( 'NONE',  ( -1.142056435415581772, 0.8704586697749792101, 1.504454591792208307 ) ) ;
#5166 = CARTESIAN_POINT ( 'NONE',  ( -0.9617743918628101074, 1.060432157584854984, -1.423172758549190897 ) ) ;
#5167 = VECTOR ( 'NONE', #4694, 1000.000000000000000 ) ;
#5168 = FACE_OUTER_BOUND ( 'NONE', #1581, .T. ) ;
#5169 = DIRECTION ( 'NONE',  ( -1.000000000000000000, 0.000000000000000000, 0.000000000000000000 ) ) ;
#5170 = VECTOR ( 'NONE', #2298, 1000.000000000000000 ) ;
#5171 = SURFACE_STYLE_USAGE ( .BOTH. , #2211 ) ;
#5172 = UNCERTAINTY_MEASURE_WITH_UNIT (LENGTH_MEASURE( 1.000000000000000082E-05 ), #3894, 'distance_accuracy_value', 'NONE');
#5173 = CARTESIAN_POINT ( 'NONE',  ( 0.9075808863714973640, 1.068689209408745677, -1.437058041735063796 ) ) ;
#5174 = CARTESIAN_POINT ( 'NONE',  ( 0.9627543289349889122, 1.059053844519698639, 1.436611699969130518 ) ) ;
#5175 = VECTOR ( 'NONE', #357, 1000.000000000000000 ) ;
#5176 =( NAMED_UNIT ( * ) SI_UNIT ( $, .STERADIAN. ) SOLID_ANGLE_UNIT ( ) );
#5177 = ADVANCED_FACE ( 'NONE', ( #5388 ), #1841, .T. ) ;
#5178 = VECTOR ( 'NONE', #3538, 1000.000000000000000 ) ;
#5179 = CYLINDRICAL_SURFACE ( 'NONE', #5033, 0.2999999999999999334 ) ;
#5180 = EDGE_CURVE ( 'NONE', #4288, #4867, #1658, .T. ) ;
#5181 = CARTESIAN_POINT ( 'NONE',  ( -1.145438373727825310, 0.8587594498997209724, -1.496481602237003994 ) ) ;
#5182 = CARTESIAN_POINT ( 'NONE',  ( 1.350000000000002753, 0.000000000000000000, -0.8249999999999989564 ) ) ;
#5183 = CARTESIAN_POINT ( 'NONE',  ( 1.350000000000005196, 0.1000000000000000472, -1.474999999999998979 ) ) ;
#5184 = EDGE_LOOP ( 'NONE', ( #3906, #5681, #60, #2985 ) ) ;
#5185 = CARTESIAN_POINT ( 'NONE',  ( -0.9635202005102085909, 1.010961028600870337, 1.547295012681662696 ) ) ;
#5186 = CARTESIAN_POINT ( 'NONE',  ( 1.140589816668829748, 0.8157903231158106783, -1.569138610962607983 ) ) ;
#5187 = VECTOR ( 'NONE', #2219, 1000.000000000000000 ) ;
#5188 = CARTESIAN_POINT ( 'NONE',  ( 0.9149417194967630618, 1.074159268529410127, -1.389251731045683780 ) ) ;
#5189 = CARTESIAN_POINT ( 'NONE',  ( 0.9533802676533909004, 1.006217926523426343, 1.553305534391993037 ) ) ;
#5190 = ADVANCED_FACE ( 'NONE', ( #3628 ), #5338, .T. ) ;
#5191 = VECTOR ( 'NONE', #3679, 1000.000000000000000 ) ;
#5192 = CARTESIAN_POINT ( 'NONE',  ( -1.067889381068160226, 0.9926071408506392801, -1.460441190235623576 ) ) ;
#5193 = CARTESIAN_POINT ( 'NONE',  ( -0.9517040111169665639, 1.064360986742047155, -1.403456949840394152 ) ) ;
#5194 = DIRECTION ( 'NONE',  ( 0.000000000000000000, 0.000000000000000000, 1.000000000000000000 ) ) ;
#5195 = DIRECTION ( 'NONE',  ( -1.000000000000000000, 0.000000000000000000, 1.167602339599774431E-15 ) ) ;
#5196 = DIRECTION ( 'NONE',  ( 0.000000000000000000, 1.000000000000000000, 0.000000000000000000 ) ) ;
#5197 = CARTESIAN_POINT ( 'NONE',  ( 1.050398159380809382, 1.008747581346638666, -1.458489995762307645 ) ) ;
#5198 = LINE ( 'NONE', #3219, #5109 ) ;
#5199 = CYLINDRICAL_SURFACE ( 'NONE', #5582, 0.2999999999999999334 ) ;
#5200 = CARTESIAN_POINT ( 'NONE',  ( -0.9291092216829131001, 1.046370907984721654, -1.494494749319391635 ) ) ;
#5201 = EDGE_CURVE ( 'NONE', #1723, #2095, #1585, .T. ) ;
#5202 = VECTOR ( 'NONE', #2420, 1000.000000000000000 ) ;
#5203 = CYLINDRICAL_SURFACE ( 'NONE', #1317, 0.1249999999999998890 ) ;
#5204 = PLANE ( 'NONE',  #922 ) ;
#5205 = DIRECTION ( 'NONE',  ( 1.000000000000000000, 0.000000000000000000, -0.000000000000000000 ) ) ;
#5206 = LINE ( 'NONE', #3253, #1360 ) ;
#5207 = CARTESIAN_POINT ( 'NONE',  ( 0.3249999999999998446, 1.019238815542514276, 1.199999999999999956 ) ) ;
#5208 = CARTESIAN_POINT ( 'NONE',  ( 0.9622528390556812639, 0.9887735540506483733, 1.571687417139576715 ) ) ;
#5209 = LINE ( 'NONE', #2276, #1424 ) ;
#5210 = CARTESIAN_POINT ( 'NONE',  ( 0.9119350376993973217, 1.073772003237694062, 1.406114076060721141 ) ) ;
#5211 = LINE ( 'NONE', #5371, #5202 ) ;
#5212 = CARTESIAN_POINT ( 'NONE',  ( 0.6999999999999921840, 0.000000000000000000, 0.8249999999999999556 ) ) ;
#5213 = LINE ( 'NONE', #3455, #1329 ) ;
#5214 = CARTESIAN_POINT ( 'NONE',  ( -0.3249999999999999001, 0.000000000000000000, 1.199999999999999956 ) ) ;
#5215 = EDGE_CURVE ( 'NONE', #4098, #3382, #1595, .T. ) ;
#5216 = AXIS2_PLACEMENT_3D ( 'NONE', #3304, #4664, #711 ) ;
#5217 = VECTOR ( 'NONE', #4449, 1000.000000000000000 ) ;
#5218 = VECTOR ( 'NONE', #491, 1000.000000000000000 ) ;
#5219 = CARTESIAN_POINT ( 'NONE',  ( -0.9173029923102387073, 1.053510477785991606, 1.479690413285875694 ) ) ;
#5220 = CARTESIAN_POINT ( 'NONE',  ( 1.155593655949627374, 0.7957007868728830369, 1.499999999999997780 ) ) ;
#5221 = CARTESIAN_POINT ( 'NONE',  ( -1.155593655949626930, 0.7957007868728832589, -1.499999999999998668 ) ) ;
#5222 = DIRECTION ( 'NONE',  ( 0.000000000000000000, -1.000000000000000000, 0.000000000000000000 ) ) ;
#5223 = CARTESIAN_POINT ( 'NONE',  ( 0.7999999999999999334, 1.320000000000000062, 1.174999999999998934 ) ) ;
#5224 = CARTESIAN_POINT ( 'NONE',  ( -1.013262890654426540, 1.009453778681290048, 1.531716585645231277 ) ) ;
#5225 = CARTESIAN_POINT ( 'NONE',  ( 1.075465577478524226, 0.9033259170387899495, -1.601622424517366250 ) ) ;
#5226 = LINE ( 'NONE', #602, #5187 ) ;
#5227 = ADVANCED_FACE ( 'NONE', ( #1676 ), #2746, .F. ) ;
#5228 = CARTESIAN_POINT ( 'NONE',  ( 0.9545482528881061857, 1.015022361180849542, 1.542781040288122574 ) ) ;
#5229 = LINE ( 'NONE', #1679, #3428 ) ;
#5230 = LINE ( 'NONE', #4236, #1430 ) ;
#5231 = CARTESIAN_POINT ( 'NONE',  ( 1.349999999999995648, 0.000000000000000000, 0.3249999999999999001 ) ) ;
#5232 = AXIS2_PLACEMENT_3D ( 'NONE', #2925, #355, #768 ) ;
#5233 = CARTESIAN_POINT ( 'NONE',  ( 1.350000000000005196, 0.1000000000000000056, -1.474999999999998979 ) ) ;
#5234 = EDGE_CURVE ( 'NONE', #128, #4244, #3498, .T. ) ;
#5235 = CARTESIAN_POINT ( 'NONE',  ( -1.074742497494147742, 0.9855708825233242543, -1.463744884445983274 ) ) ;
#5236 = FACE_OUTER_BOUND ( 'NONE', #3720, .T. ) ;
#5237 = DIRECTION ( 'NONE',  ( -1.000000000000000000, -0.000000000000000000, 3.336006684570788525E-16 ) ) ;
#5238 = CARTESIAN_POINT ( 'NONE',  ( -1.349999999999996092, 0.000000000000000000, -0.8250000000000081712 ) ) ;
#5239 = ADVANCED_FACE ( 'NONE', ( #5342 ), #135, .T. ) ;
#5240 = FACE_OUTER_BOUND ( 'NONE', #5612, .T. ) ;
#5241 = VERTEX_POINT ( 'NONE', #1712 ) ;
#5242 = AXIS2_PLACEMENT_3D ( 'NONE', #4304, #3434, #4729 ) ;
#5243 = CARTESIAN_POINT ( 'NONE',  ( -0.9188807857259875256, 1.070128039895440697, -1.426218724484417777 ) ) ;
#5244 = EDGE_CURVE ( 'NONE', #4696, #439, #3609, .T. ) ;
#5245 = VECTOR ( 'NONE', #4568, 1000.000000000000000 ) ;
#5246 = CARTESIAN_POINT ( 'NONE',  ( -0.8997863920715678532, 1.066839277064833391, 1.444260357962437569 ) ) ;
#5247 = CYLINDRICAL_SURFACE ( 'NONE', #1125, 0.2999999999999999334 ) ;
#5248 = LINE ( 'NONE', #295, #1451 ) ;
#5249 = VERTEX_POINT ( 'NONE', #3137 ) ;
#5250 = CARTESIAN_POINT ( 'NONE',  ( -1.045701584146030205, 1.012648599492335766, 1.449683707545664557 ) ) ;
#5251 = CARTESIAN_POINT ( 'NONE',  ( 0.9133115710121458841, 1.069716942703723861, 1.431656343908612294 ) ) ;
#5252 = CARTESIAN_POINT ( 'NONE',  ( 1.038162835694942387, 0.8350579176365796608, 1.646305280689680517 ) ) ;
#5253 = LINE ( 'NONE', #1441, #5281 ) ;
#5254 = CARTESIAN_POINT ( 'NONE',  ( 1.349999999999995648, 0.000000000000000000, 0.3249999999999999001 ) ) ;
#5255 = EDGE_CURVE ( 'NONE', #2232, #4011, #1684, .T. ) ;
#5256 = LINE ( 'NONE', #2582, #3407 ) ;
#5257 =( LENGTH_UNIT ( ) NAMED_UNIT ( * ) SI_UNIT ( .MILLI., .METRE. ) );
#5258 = FACE_OUTER_BOUND ( 'NONE', #120, .T. ) ;
#5259 = ORIENTED_EDGE ( 'NONE', *, *, #1531, .T. ) ;
#5260 = DIRECTION ( 'NONE',  ( 0.000000000000000000, 0.000000000000000000, -1.000000000000000000 ) ) ;
#5261 = CARTESIAN_POINT ( 'NONE',  ( -0.9953910328652246786, 0.8678982773579717591, -1.642833789522905041 ) ) ;
#5262 = CARTESIAN_POINT ( 'NONE',  ( -1.136817127075158806, 0.8858224694192676774, 1.492788109792230866 ) ) ;
#5263 = DIRECTION ( 'NONE',  ( -0.000000000000000000, 1.000000000000000000, -0.000000000000000000 ) ) ;
#5264 = CARTESIAN_POINT ( 'NONE',  ( -0.9983820670586944779, 1.007347948418742423, 1.544516295728173505 ) ) ;
#5265 = CARTESIAN_POINT ( 'NONE',  ( 1.072214560548329532, 0.9134396964321533918, -1.597861021764330980 ) ) ;
#5266 = VECTOR ( 'NONE', #3881, 1000.000000000000000 ) ;
#5267 = AXIS2_PLACEMENT_3D ( 'NONE', #3255, #533, #1479 ) ;
#5268 = CARTESIAN_POINT ( 'NONE',  ( 0.9604411902359681896, 0.9926071408509686833, 1.567889381067830268 ) ) ;
#5269 = CARTESIAN_POINT ( 'NONE',  ( -0.7000000000000077272, 0.000000000000000000, 0.8249999999999997335 ) ) ;
#5270 = CARTESIAN_POINT ( 'NONE',  ( 0.7000000000000053957, 0.1000000000000000056, -1.475000000000000977 ) ) ;
#5271 = ORIENTED_EDGE ( 'NONE', *, *, #4921, .F. ) ;
#5272 = CARTESIAN_POINT ( 'NONE',  ( -0.9946623277081190206, 0.9813931449278693320, -1.575509300035875082 ) ) ;
#5273 = LINE ( 'NONE', #3996, #1477 ) ;
#5274 = DIRECTION ( 'NONE',  ( 2.335204679199548467E-15, 0.000000000000000000, -1.000000000000000000 ) ) ;
#5275 = ADVANCED_FACE ( 'NONE', ( #3512 ), #5399, .F. ) ;
#5276 = CARTESIAN_POINT ( 'NONE',  ( 0.9387424181352710395, 1.049599250481161539, -1.486490587765896265 ) ) ;
#5277 = VERTEX_POINT ( 'NONE', #4832 ) ;
#5278 = EDGE_CURVE ( 'NONE', #1933, #3803, #1613, .T. ) ;
#5279 = AXIS2_PLACEMENT_3D ( 'NONE', #3074, #1885, #611 ) ;
#5280 = CARTESIAN_POINT ( 'NONE',  ( -0.8899654237197295314, 1.078500189966965950, -1.373969716855338863 ) ) ;
#5281 = VECTOR ( 'NONE', #3666, 1000.000000000000000 ) ;
#5282 = DIRECTION ( 'NONE',  ( -0.7071067811865513475, 0.000000000000000000, 0.7071067811865437980 ) ) ;
#5283 = DIRECTION ( 'NONE',  ( -0.000000000000000000, 0.000000000000000000, 1.000000000000000000 ) ) ;
#5284 = VECTOR ( 'NONE', #777, 1000.000000000000000 ) ;
#5285 = FILL_AREA_STYLE_COLOUR ( '', #1837 ) ;
#5286 = EDGE_LOOP ( 'NONE', ( #3511, #5315, #5034, #1483 ) ) ;
#5287 = CARTESIAN_POINT ( 'NONE',  ( 0.9075808603756441162, 1.068689204177776686, 1.437058066969423509 ) ) ;
#5288 =( GEOMETRIC_REPRESENTATION_CONTEXT ( 3 ) GLOBAL_UNCERTAINTY_ASSIGNED_CONTEXT ( ( #2194 ) ) GLOBAL_UNIT_ASSIGNED_CONTEXT ( ( #3231, #3725, #292 ) ) REPRESENTATION_CONTEXT ( 'NONE', 'WORKASPACE' ) );
#5289 = CARTESIAN_POINT ( 'NONE',  ( -1.095498502045529676, 0.7990653471970625699, 1.624294789343871059 ) ) ;
#5290 = CARTESIAN_POINT ( 'NONE',  ( 1.125348625375645062, 0.8802860089786560538, 1.557816265811534873 ) ) ;
#5291 = ORIENTED_EDGE ( 'NONE', *, *, #1266, .T. ) ;
#5292 = CARTESIAN_POINT ( 'NONE',  ( -1.081498034681027010, 0.8821666906021138344, -1.608542189841275283 ) ) ;
#5293 = CARTESIAN_POINT ( 'NONE',  ( 0.6749999999999999334, 1.080000000000000071, -0.1750000000000001554 ) ) ;
#5294 = DIRECTION ( 'NONE',  ( 0.000000000000000000, 1.000000000000000000, 0.000000000000000000 ) ) ;
#5295 = PLANE ( 'NONE',  #3205 ) ;
#5296 = CARTESIAN_POINT ( 'NONE',  ( -1.018808412660572538, 1.003122731066771411, 1.538029295621301085 ) ) ;
#5297 = CARTESIAN_POINT ( 'NONE',  ( 1.116987395814170947, 0.9281406110479645255, -1.501698280472609781 ) ) ;
#5298 = AXIS2_PLACEMENT_3D ( 'NONE', #4181, #41, #4931 ) ;
#5299 = LINE ( 'NONE', #1628, #5167 ) ;
#5300 = CARTESIAN_POINT ( 'NONE',  ( 0.9978348271770637323, 1.036876941676896147, 1.483059366284745328 ) ) ;
#5301 = LINE ( 'NONE', #4807, #5284 ) ;
#5302 = EDGE_CURVE ( 'NONE', #5395, #4201, #3237, .T. ) ;
#5303 = LINE ( 'NONE', #988, #5313 ) ;
#5304 = DIRECTION ( 'NONE',  ( 1.000000000000000000, 0.000000000000000000, 3.169206350342249222E-15 ) ) ;
#5305 =( LENGTH_UNIT ( ) NAMED_UNIT ( * ) SI_UNIT ( .MILLI., .METRE. ) );
#5306 = ORIENTED_EDGE ( 'NONE', *, *, #5526, .T. ) ;
#5307 = CIRCLE ( 'NONE', #4836, 0.1299999999999998934 ) ;
#5308 = CARTESIAN_POINT ( 'NONE',  ( 0.3249999999999998446, 0.1000000000000000056, -1.200000000000000178 ) ) ;
#5309 = PLANE ( 'NONE',  #346 ) ;
#5310 = CARTESIAN_POINT ( 'NONE',  ( 1.350000000000005196, 0.1000000000000000472, -1.474999999999998979 ) ) ;
#5311 = AXIS2_PLACEMENT_3D ( 'NONE', #2529, #2892, #4760 ) ;
#5312 = FACE_OUTER_BOUND ( 'NONE', #5695, .T. ) ;
#5313 = VECTOR ( 'NONE', #2771, 1000.000000000000000 ) ;
#5314 = EDGE_CURVE ( 'NONE', #4016, #439, #3529, .T. ) ;
#5315 = ORIENTED_EDGE ( 'NONE', *, *, #2329, .T. ) ;
#5316 = CARTESIAN_POINT ( 'NONE',  ( -0.8560047955232542582, 1.080000000000000071, -1.356004795523255479 ) ) ;
#5317 = LINE ( 'NONE', #2460, #1524 ) ;
#5318 = ADVANCED_FACE ( 'NONE', ( #3591 ), #3727, .F. ) ;
#5319 = CARTESIAN_POINT ( 'NONE',  ( 0.3249999999999998446, 0.1000000000000000056, 1.199999999999999956 ) ) ;
#5320 = DIRECTION ( 'NONE',  ( 0.7071067811865513475, 0.000000000000000000, -0.7071067811865436870 ) ) ;
#5321 = DIRECTION ( 'NONE',  ( 0.000000000000000000, 0.000000000000000000, 1.000000000000000000 ) ) ;
#5322 = VERTEX_POINT ( 'NONE', #4741 ) ;
#5323 = EDGE_CURVE ( 'NONE', #1925, #1461, #1548, .T. ) ;
#5324 = CARTESIAN_POINT ( 'NONE',  ( 0.9530594642024827756, 1.064016118123554788, -1.404142358316958106 ) ) ;
#5325 = CARTESIAN_POINT ( 'NONE',  ( 0.8865430585342370939, 1.073658406475192395, 1.417538672235063801 ) ) ;
#5326 = CARTESIAN_POINT ( 'NONE',  ( 1.027506863400474924, 0.8955293642498403095, 1.628440684315022979 ) ) ;
#5327 = LINE ( 'NONE', #5006, #3458 ) ;
#5328 = DIRECTION ( 'NONE',  ( 0.000000000000000000, 0.000000000000000000, 1.000000000000000000 ) ) ;
#5329 = VECTOR ( 'NONE', #1354, 1000.000000000000000 ) ;
#5330 = FACE_OUTER_BOUND ( 'NONE', #631, .T. ) ;
#5331 = ORIENTED_EDGE ( 'NONE', *, *, #311, .T. ) ;
#5332 = CARTESIAN_POINT ( 'NONE',  ( -1.025330806713718124, 0.9050562191271616097, -1.624563205555448864 ) ) ;
#5333 = DIRECTION ( 'NONE',  ( -1.167602339599774431E-15, 0.000000000000000000, -1.000000000000000000 ) ) ;
#5334 =( NAMED_UNIT ( * ) PLANE_ANGLE_UNIT ( ) SI_UNIT ( $, .RADIAN. ) );
#5335 = DIRECTION ( 'NONE',  ( 0.000000000000000000, 0.000000000000000000, 1.000000000000000000 ) ) ;
#5336 = CARTESIAN_POINT ( 'NONE',  ( -0.9695337999166967480, 0.9884913725598677425, 1.572001258040959248 ) ) ;
#5337 = CARTESIAN_POINT ( 'NONE',  ( 1.119406830551994192, 0.9251486399323314291, -1.493764605743969298 ) ) ;
#5338 = CONICAL_SURFACE ( 'NONE', #3815, 0.1800000000000000488, 0.05235987755983000091 ) ;
#5339 = CARTESIAN_POINT ( 'NONE',  ( 0.9119350745816816595, 1.073772001719969893, -1.406114039711299668 ) ) ;
#5340 = CARTESIAN_POINT ( 'NONE',  ( -1.024187057294494885, 1.028444942186848010, -1.450672872546409753 ) ) ;
#5341 = EDGE_LOOP ( 'NONE', ( #4226, #142, #2269, #77 ) ) ;
#5342 = FACE_OUTER_BOUND ( 'NONE', #2338, .T. ) ;
#5343 = DIRECTION ( 'NONE',  ( 0.000000000000000000, 0.000000000000000000, 1.000000000000000000 ) ) ;
#5344 = CARTESIAN_POINT ( 'NONE',  ( -0.6999999999999945155, 0.1000000000000000056, -1.475000000000006084 ) ) ;
#5345 = CARTESIAN_POINT ( 'NONE',  ( -0.9593263214736659217, 1.061650825877088478, -1.407239520827713086 ) ) ;
#5346 = EDGE_CURVE ( 'NONE', #1891, #2435, #5499, .T. ) ;
#5347 = AXIS2_PLACEMENT_3D ( 'NONE', #3421, #342, #757 ) ;
#5348 = VECTOR ( 'NONE', #3624, 1000.000000000000000 ) ;
#5349 = VERTEX_POINT ( 'NONE', #4235 ) ;
#5350 = CARTESIAN_POINT ( 'NONE',  ( -0.8647579294540796990, 1.080000000000000071, -1.372547764305104501 ) ) ;
#5351 = DIRECTION ( 'NONE',  ( 0.000000000000000000, -1.000000000000000000, 0.000000000000000000 ) ) ;
#5352 = EDGE_CURVE ( 'NONE', #2098, #2180, #3639, .T. ) ;
#5353 = APPLICATION_CONTEXT ( 'automotive_design' ) ;
#5354 = AXIS2_PLACEMENT_3D ( 'NONE', #261, #2066, #2513 ) ;
#5355 = VERTEX_POINT ( 'NONE', #5421 ) ;
#5356 = CARTESIAN_POINT ( 'NONE',  ( 1.000000207376586125, 0.8128984051949976752, -1.654692366964408023 ) ) ;
#5357 = CARTESIAN_POINT ( 'NONE',  ( 0.8909867421801247467, 1.071660421240615113, -1.426499961978869413 ) ) ;
#5358 = LINE ( 'NONE', #3062, #5482 ) ;
#5359 = EDGE_CURVE ( 'NONE', #5655, #5355, #1707, .T. ) ;
#5360 = CARTESIAN_POINT ( 'NONE',  ( 0.8761528928824255935, 1.078652043715142117, 1.387743170543775717 ) ) ;
#5361 = CARTESIAN_POINT ( 'NONE',  ( -0.9999999999999997780, 0.7957007868728832589, 1.655593655949627374 ) ) ;
#5362 = CARTESIAN_POINT ( 'NONE',  ( 1.066584643403730492, 0.8372100364379176929, 1.637070422585819252 ) ) ;
#5363 = SURFACE_STYLE_FILL_AREA ( #5536 ) ;
#5364 = ADVANCED_FACE ( 'NONE', ( #3619 ), #1147, .F. ) ;
#5365 = CARTESIAN_POINT ( 'NONE',  ( -0.5500000000000002665, 1.080000000000000071, -1.175000000000000266 ) ) ;
#5366 = VERTEX_POINT ( 'NONE', #3376 ) ;
#5367 = CARTESIAN_POINT ( 'NONE',  ( -1.052758449698691479, 0.9010269830133398328, -1.618101589068752011 ) ) ;
#5368 = DIRECTION ( 'NONE',  ( 0.000000000000000000, 1.000000000000000000, 0.000000000000000000 ) ) ;
#5369 =( NAMED_UNIT ( * ) SI_UNIT ( $, .STERADIAN. ) SOLID_ANGLE_UNIT ( ) );
#5370 = DIRECTION ( 'NONE',  ( 0.000000000000000000, 0.000000000000000000, 1.000000000000000000 ) ) ;
#5371 = CARTESIAN_POINT ( 'NONE',  ( -1.350000000000006972, 1.019238815542514276, 1.474999999999999867 ) ) ;
#5372 = CARTESIAN_POINT ( 'NONE',  ( 1.081863748691737959, 0.9740142306880115175, -1.498648646870862411 ) ) ;
#5373 = PLANE ( 'NONE',  #2388 ) ;
#5374 = LINE ( 'NONE', #3171, #1750 ) ;
#5375 = CARTESIAN_POINT ( 'NONE',  ( -0.9300259254085505578, 1.040344853630664090, -1.505523948760447484 ) ) ;
#5376 = ORIENTED_EDGE ( 'NONE', *, *, #621, .F. ) ;
#5377 = LINE ( 'NONE', #418, #1724 ) ;
#5378 = CARTESIAN_POINT ( 'NONE',  ( 1.300000000000000266, 0.3300000000000000155, 1.499999999999997780 ) ) ;
#5379 = CARTESIAN_POINT ( 'NONE',  ( 0.7000000000000038414, 0.000000000000000000, -0.8250000000000011768 ) ) ;
#5380 = EDGE_CURVE ( 'NONE', #1933, #4657, #1719, .T. ) ;
#5381 = CARTESIAN_POINT ( 'NONE',  ( 0.3249999999999998446, 0.000000000000000000, -1.200000000000000178 ) ) ;
#5382 = CARTESIAN_POINT ( 'NONE',  ( -1.151726182407868171, 0.8694965781593554377, -1.500000889862599385 ) ) ;
#5383 = CARTESIAN_POINT ( 'NONE',  ( 0.9695112553167216651, 1.053167409352813610, -1.457522257891148199 ) ) ;
#5384 = VECTOR ( 'NONE', #3377, 1000.000000000000000 ) ;
#5385 = ORIENTED_EDGE ( 'NONE', *, *, #4715, .F. ) ;
#5386 = DIRECTION ( 'NONE',  ( 4.003208021484939327E-15, 0.000000000000000000, -1.000000000000000000 ) ) ;
#5387 = LINE ( 'NONE', #5223, #5453 ) ;
#5388 = FACE_OUTER_BOUND ( 'NONE', #358, .T. ) ;
#5389 = CARTESIAN_POINT ( 'NONE',  ( -0.7000000000000037303, 1.019238815542514276, -0.3250000000000001776 ) ) ;
#5390 = PLANE ( 'NONE',  #3349 ) ;
#5391 = VECTOR ( 'NONE', #1917, 1000.000000000000000 ) ;
#5392 = DIRECTION ( 'NONE',  ( -0.000000000000000000, 1.000000000000000000, 0.000000000000000000 ) ) ;
#5393 = CARTESIAN_POINT ( 'NONE',  ( -0.9810852765165811729, 0.9391128902537321244, 1.611159614939677631 ) ) ;
#5394 = DIRECTION ( 'NONE',  ( 0.000000000000000000, 0.000000000000000000, 1.000000000000000000 ) ) ;
#5395 = VERTEX_POINT ( 'NONE', #3778 ) ;
#5396 = CARTESIAN_POINT ( 'NONE',  ( -0.8941135799758944680, 1.072320291610706411, 1.423548876833795385 ) ) ;
#5397 = CARTESIAN_POINT ( 'NONE',  ( 0.9333283346645594447, 1.067972913752273323, -1.425221819132293843 ) ) ;
#5398 = CARTESIAN_POINT ( 'NONE',  ( 1.062226330358464255, 0.9954347634135868317, 1.486563025654501269 ) ) ;
#5399 = CYLINDRICAL_SURFACE ( 'NONE', #5279, 0.1250000000000001110 ) ;
#5400 = FACE_OUTER_BOUND ( 'NONE', #2475, .T. ) ;
#5401 = ORIENTED_EDGE ( 'NONE', *, *, #2140, .T. ) ;
#5402 = CARTESIAN_POINT ( 'NONE',  ( -1.050033561702292229, 0.9109700836181279238, -1.614110589444999411 ) ) ;
#5403 = DIRECTION ( 'NONE',  ( 6.304750828634012394E-16, -0.9986295347545739443, -0.05233595624294395260 ) ) ;
#5404 = AXIS2_PLACEMENT_3D ( 'NONE', #3791, #3646, #191 ) ;
#5405 = PLANE ( 'NONE',  #3447 ) ;
#5406 = VECTOR ( 'NONE', #3463, 1000.000000000000000 ) ;
#5407 = DIRECTION ( 'NONE',  ( -1.000000000000000000, 0.000000000000000000, 0.000000000000000000 ) ) ;
#5408 = CARTESIAN_POINT ( 'NONE',  ( 1.121191648480081904, 0.9217622814953249089, -1.485751251750109247 ) ) ;
#5409 = CARTESIAN_POINT ( 'NONE',  ( -0.8560047955232547023, 1.080000000000000071, 1.356004795523254591 ) ) ;
#5410 = VECTOR ( 'NONE', #547, 1000.000000000000000 ) ;
#5411 = CARTESIAN_POINT ( 'NONE',  ( 0.8892214477342920143, 1.078556135937785765, -1.374699297220897787 ) ) ;
#5412 = ADVANCED_FACE ( 'NONE', ( #1738 ), #5547, .T. ) ;
#5413 = DIRECTION ( 'NONE',  ( -6.672013369141568175E-16, -0.000000000000000000, 1.000000000000000000 ) ) ;
#5414 = CARTESIAN_POINT ( 'NONE',  ( -0.9687169764511579517, 1.020660045154710982, -1.533229320063584700 ) ) ;
#5415 = VERTEX_POINT ( 'NONE', #3819 ) ;
#5416 = EDGE_CURVE ( 'NONE', #1746, #3829, #1540, .T. ) ;
#5417 = AXIS2_PLACEMENT_3D ( 'NONE', #2324, #4452, #1284 ) ;
#5418 = FACE_OUTER_BOUND ( 'NONE', #2249, .T. ) ;
#5419 = VECTOR ( 'NONE', #5465, 1000.000000000000000 ) ;
#5420 = CARTESIAN_POINT ( 'NONE',  ( 0.8560047955232551464, 1.080000000000000071, -1.356004795523254813 ) ) ;
#5421 = CARTESIAN_POINT ( 'NONE',  ( 1.350000000000002753, 0.000000000000000000, -0.8249999999999989564 ) ) ;
#5422 = CARTESIAN_POINT ( 'NONE',  ( -0.9466213997248096312, 1.066011753504309212, -1.400928467277884115 ) ) ;
#5423 = CARTESIAN_POINT ( 'NONE',  ( -1.060222510944548890, 0.8694969752443585387, 1.628630500145888282 ) ) ;
#5424 = ORIENTED_EDGE ( 'NONE', *, *, #3852, .F. ) ;
#5425 = CARTESIAN_POINT ( 'NONE',  ( -0.9175386722352355529, 1.073658406475158644, -1.386543058534134065 ) ) ;
#5426 = LINE ( 'NONE', #1024, #1572 ) ;
#5427 = CARTESIAN_POINT ( 'NONE',  ( -0.9999999999999976685, 0.3300000000000000155, -1.800000000000000044 ) ) ;
#5428 = EDGE_CURVE ( 'NONE', #622, #3784, #3547, .T. ) ;
#5429 = VECTOR ( 'NONE', #5557, 1000.000000000000000 ) ;
#5430 = AXIS2_PLACEMENT_3D ( 'NONE', #2350, #2669, #1306 ) ;
#5431 = VECTOR ( 'NONE', #2236, 1000.000000000000000 ) ;
#5432 = VECTOR ( 'NONE', #3234, 1000.000000000000000 ) ;
#5433 = DIRECTION ( 'NONE',  ( -1.000000000000000000, -0.000000000000000000, -3.169206350342249222E-15 ) ) ;
#5434 = CARTESIAN_POINT ( 'NONE',  ( -1.349999999999996092, 0.000000000000000000, -0.8250000000000081712 ) ) ;
#5435 = CARTESIAN_POINT ( 'NONE',  ( 1.005523948760103314, 1.040344853630859712, 1.430025925408803467 ) ) ;
#5436 = CARTESIAN_POINT ( 'NONE',  ( -0.9487730666038451943, 1.014083849562910755, 1.543840086085525032 ) ) ;
#5437 = CARTESIAN_POINT ( 'NONE',  ( -1.106377507447930508, 0.9454882476720193329, 1.495815805988923941 ) ) ;
#5438 = ORIENTED_EDGE ( 'NONE', *, *, #1840, .F. ) ;
#5439 = CARTESIAN_POINT ( 'NONE',  ( -0.8761528973064161008, 1.078652044198921800, 1.387743162087912374 ) ) ;
#5440 = CARTESIAN_POINT ( 'NONE',  ( 0.000000000000000000, 0.000000000000000000, 0.000000000000000000 ) ) ;
#5441 = DIRECTION ( 'NONE',  ( -8.340016711426958247E-16, -0.000000000000000000, 1.000000000000000000 ) ) ;
#5442 = CARTESIAN_POINT ( 'NONE',  ( 0.9857512517503566052, 0.9217622814955221955, 1.621191648479977543 ) ) ;
#5443 = VECTOR ( 'NONE', #2279, 1000.000000000000000 ) ;
#5444 = CARTESIAN_POINT ( 'NONE',  ( -0.9438984355639042922, 1.045492389081097873, 1.494503497676417769 ) ) ;
#5445 =( GEOMETRIC_REPRESENTATION_CONTEXT ( 3 ) GLOBAL_UNCERTAINTY_ASSIGNED_CONTEXT ( ( #1444 ) ) GLOBAL_UNIT_ASSIGNED_CONTEXT ( ( #3760, #733, #1166 ) ) REPRESENTATION_CONTEXT ( 'NONE', 'WORKASPACE' ) );
#5446 = ORIENTED_EDGE ( 'NONE', *, *, #5095, .F. ) ;
#5447 = CARTESIAN_POINT ( 'NONE',  ( -0.9796904132858734737, 1.053510477785992494, 1.417302992310239818 ) ) ;
#5448 = EDGE_CURVE ( 'NONE', #796, #208, #3745, .T. ) ;
#5449 = ORIENTED_EDGE ( 'NONE', *, *, #4878, .F. ) ;
#5450 = CARTESIAN_POINT ( 'NONE',  ( -0.9420549398180798617, 1.024612214386798392, -1.530062142762940169 ) ) ;
#5451 = CARTESIAN_POINT ( 'NONE',  ( 1.350000000000002753, 0.1000000000000000056, -0.8249999999999989564 ) ) ;
#5452 = CARTESIAN_POINT ( 'NONE',  ( -1.350000000000006972, 0.000000000000000000, 1.474999999999999867 ) ) ;
#5453 = VECTOR ( 'NONE', #4787, 1000.000000000000000 ) ;
#5454 = CARTESIAN_POINT ( 'NONE',  ( 1.138675522626383607, 0.7988942090804054263, 1.581130452819937693 ) ) ;
#5455 = CARTESIAN_POINT ( 'NONE',  ( 1.018808412660580087, 1.003122731066695916, -1.538029295621354153 ) ) ;
#5456 = VECTOR ( 'NONE', #4587, 1000.000000000000000 ) ;
#5457 = ORIENTED_EDGE ( 'NONE', *, *, #999, .F. ) ;
#5458 = CARTESIAN_POINT ( 'NONE',  ( -0.9335351606145204650, 1.041870047428964829, -1.502859767095698018 ) ) ;
#5459 = EDGE_LOOP ( 'NONE', ( #2051, #16, #4656, #3580 ) ) ;
#5460 = VECTOR ( 'NONE', #3955, 1000.000000000000000 ) ;
#5461 = EDGE_LOOP ( 'NONE', ( #2861, #2631, #2625, #3558 ) ) ;
#5462 = VECTOR ( 'NONE', #1002, 1000.000000000000000 ) ;
#5463 = DIRECTION ( 'NONE',  ( 0.000000000000000000, 0.000000000000000000, 1.000000000000000000 ) ) ;
#5464 = ADVANCED_FACE ( 'NONE', ( #114 ), #4626, .F. ) ;
#5465 = DIRECTION ( 'NONE',  ( -4.003208021484939327E-15, -0.000000000000000000, 1.000000000000000000 ) ) ;
#5466 = VECTOR ( 'NONE', #802, 1000.000000000000000 ) ;
#5467 = ORIENTED_EDGE ( 'NONE', *, *, #982, .T. ) ;
#5468 = CARTESIAN_POINT ( 'NONE',  ( 0.9200988544406725200, 1.054566357949544120, -1.477346479797166934 ) ) ;
#5469 = ORIENTED_EDGE ( 'NONE', *, *, #1011, .F. ) ;
#5470 = CARTESIAN_POINT ( 'NONE',  ( -0.9541168608806394058, 1.048352129766912277, 1.485869548971436860 ) ) ;
#5471 = CARTESIAN_POINT ( 'NONE',  ( 0.9944947444519640634, 1.046370910609231819, 1.429109227969840079 ) ) ;
#5472 = CARTESIAN_POINT ( 'NONE',  ( 0.9604411902357383735, 0.9926071408507474159, -1.567889381068051646 ) ) ;
#5473 = FACE_OUTER_BOUND ( 'NONE', #3626, .T. ) ;
#5474 = CARTESIAN_POINT ( 'NONE',  ( -0.9999999999999997780, 0.4599563724130428799, 1.803367680097882175 ) ) ;
#5475 = ORIENTED_EDGE ( 'NONE', *, *, #799, .T. ) ;
#5476 = DIRECTION ( 'NONE',  ( 1.000000000000000000, 0.000000000000000000, 0.000000000000000000 ) ) ;
#5477 = CARTESIAN_POINT ( 'NONE',  ( 1.136817127075133493, 0.8858224694193388427, 1.492788109792334339 ) ) ;
#5478 = DIRECTION ( 'NONE',  ( 0.000000000000000000, 1.000000000000000000, 0.000000000000000000 ) ) ;
#5479 =( NAMED_UNIT ( * ) PLANE_ANGLE_UNIT ( ) SI_UNIT ( $, .RADIAN. ) );
#5480 = ORIENTED_EDGE ( 'NONE', *, *, #3918, .T. ) ;
#5481 = CARTESIAN_POINT ( 'NONE',  ( -0.8971769640789393208, 1.072848187441965528, 1.420626095014505319 ) ) ;
#5482 = VECTOR ( 'NONE', #1695, 1000.000000000000000 ) ;
#5483 = CARTESIAN_POINT ( 'NONE',  ( 0.9986486468709986353, 0.9740142306882209056, 1.581863748691594074 ) ) ;
#5484 = FACE_OUTER_BOUND ( 'NONE', #4703, .T. ) ;
#5485 = CARTESIAN_POINT ( 'NONE',  ( 0.9305538685040714020, 1.039604466599812094, 1.506641577553346378 ) ) ;
#5486 = LINE ( 'NONE', #2125, #5512 ) ;
#5487 = DIRECTION ( 'NONE',  ( 0.000000000000000000, -1.000000000000000000, 0.000000000000000000 ) ) ;
#5488 = CARTESIAN_POINT ( 'NONE',  ( -0.9173029923100990413, 1.053510477785897237, -1.479690413286084638 ) ) ;
#5489 = CARTESIAN_POINT ( 'NONE',  ( 1.000000000000000222, 0.4531526981014599720, -1.500000000000000000 ) ) ;
#5490 = PLANE ( 'NONE',  #1503 ) ;
#5491 = CARTESIAN_POINT ( 'NONE',  ( 0.9715532496058360001, 0.9978717147418592059, -1.561980104195365593 ) ) ;
#5492 = ORIENTED_EDGE ( 'NONE', *, *, #5561, .F. ) ;
#5493 = ORIENTED_EDGE ( 'NONE', *, *, #4642, .T. ) ;
#5494 = PRESENTATION_LAYER_ASSIGNMENT (  '', '', ( #2723 ) ) ;
#5495 = CARTESIAN_POINT ( 'NONE',  ( -1.000120621918595409, 1.043204595929288825, -1.437013729713957355 ) ) ;
#5496 = ORIENTED_EDGE ( 'NONE', *, *, #787, .F. ) ;
#5497 = ADVANCED_FACE ( 'NONE', ( #104 ), #641, .T. ) ;
#5498 = ORIENTED_EDGE ( 'NONE', *, *, #603, .F. ) ;
#5499 = LINE ( 'NONE', #5102, #5456 ) ;
#5500 = CARTESIAN_POINT ( 'NONE',  ( 1.349999999999995648, 0.1000000000000000056, 0.3249999999999999001 ) ) ;
#5501 = CARTESIAN_POINT ( 'NONE',  ( 0.3249999999999998446, 0.1000000000000000472, 1.199999999999999956 ) ) ;
#5502 = DIRECTION ( 'NONE',  ( 1.000000000000000000, 0.000000000000000000, 0.000000000000000000 ) ) ;
#5503 = ORIENTED_EDGE ( 'NONE', *, *, #5448, .T. ) ;
#5504 = CARTESIAN_POINT ( 'NONE',  ( -1.151995817079907836, 0.8312873317205098367, 1.499108563112674375 ) ) ;
#5505 = VERTEX_POINT ( 'NONE', #1977 ) ;
#5506 = CARTESIAN_POINT ( 'NONE',  ( -0.9782457600006294607, 1.052147932179358314, 1.448273320811689580 ) ) ;
#5507 = CARTESIAN_POINT ( 'NONE',  ( 0.9749632079868216783, 1.055490252717751876, 1.422877563625061681 ) ) ;
#5508 = AXIS2_PLACEMENT_3D ( 'NONE', #1197, #5661, #2624 ) ;
#5509 = CARTESIAN_POINT ( 'NONE',  ( -1.040734323873040434, 0.7978297350112313335, 1.655482082505487229 ) ) ;
#5510 = VECTOR ( 'NONE', #3552, 1000.000000000000000 ) ;
#5511 = ADVANCED_FACE ( 'NONE', ( #2040 ), #2019, .T. ) ;
#5512 = VECTOR ( 'NONE', #2564, 1000.000000000000000 ) ;
#5513 = EDGE_LOOP ( 'NONE', ( #2789, #5449, #1671, #3678 ) ) ;
#5514 = CARTESIAN_POINT ( 'NONE',  ( -1.350000000000006972, 0.000000000000000000, 1.474999999999999867 ) ) ;
#5515 = CARTESIAN_POINT ( 'NONE',  ( -0.8732360801416904073, 1.078436251296185144, -1.390715516057358103 ) ) ;
#5516 = CARTESIAN_POINT ( 'NONE',  ( -0.9074645885527659050, 1.061491457032318397, 1.459779001499133200 ) ) ;
#5517 = CARTESIAN_POINT ( 'NONE',  ( -1.081863748691591631, 0.9740142306882307865, 1.498648646870854639 ) ) ;
#5518 = DIRECTION ( 'NONE',  ( -3.502807018799328025E-15, 0.000000000000000000, 1.000000000000000000 ) ) ;
#5519 = ORIENTED_EDGE ( 'NONE', *, *, #3972, .F. ) ;
#5520 = CARTESIAN_POINT ( 'NONE',  ( -1.349999999999995870, 0.1000000000000000056, -1.275000000000003020 ) ) ;
#5521 = AXIS2_PLACEMENT_3D ( 'NONE', #800, #5572, #3799 ) ;
#5522 = VECTOR ( 'NONE', #2111, 1000.000000000000000 ) ;
#5523 = CARTESIAN_POINT ( 'NONE',  ( 0.6999999999999929612, 1.019238815542514276, 1.474999999999999645 ) ) ;
#5524 = DIRECTION ( 'NONE',  ( 1.000000000000000000, 0.000000000000000000, 0.000000000000000000 ) ) ;
#5525 = CARTESIAN_POINT ( 'NONE',  ( 0.9884792607631637251, 0.9425015178980796771, 1.609045747394743708 ) ) ;
#5526 = EDGE_CURVE ( 'NONE', #4414, #1940, #3889, .T. ) ;
#5527 = LINE ( 'NONE', #1522, #1893 ) ;
#5528 = CARTESIAN_POINT ( 'NONE',  ( 0.6999999999999969580, 0.000000000000000000, 0.3249999999999999001 ) ) ;
#5529 = ORIENTED_EDGE ( 'NONE', *, *, #2608, .T. ) ;
#5530 = ORIENTED_EDGE ( 'NONE', *, *, #4984, .F. ) ;
#5531 = MANIFOLD_SOLID_BREP ( 'Boss-Extrude6[7]', #1701 ) ;
#5532 = CARTESIAN_POINT ( 'NONE',  ( 0.6999999999999969580, 1.019238815542514276, 0.3249999999999999001 ) ) ;
#5533 = DIRECTION ( 'NONE',  ( 3.336006684570783299E-15, 0.000000000000000000, -1.000000000000000000 ) ) ;
#5534 = DIRECTION ( 'NONE',  ( 8.340016711426957754E-17, 0.000000000000000000, 1.000000000000000000 ) ) ;
#5535 = VECTOR ( 'NONE', #5011, 1000.000000000000000 ) ;
#5536 = FILL_AREA_STYLE ('',( #5056 ) ) ;
#5537 = CARTESIAN_POINT ( 'NONE',  ( 1.000930195477985007, 1.039955916374318390, -1.465711119651655459 ) ) ;
#5538 = CARTESIAN_POINT ( 'NONE',  ( -1.154495475396703830, 0.7967102920926267817, 1.520360687637825281 ) ) ;
#5539 = VECTOR ( 'NONE', #4197, 1000.000000000000000 ) ;
#5540 = ORIENTED_EDGE ( 'NONE', *, *, #1376, .T. ) ;
#5541 = EDGE_CURVE ( 'NONE', #370, #5277, #3758, .T. ) ;
#5542 = CARTESIAN_POINT ( 'NONE',  ( -0.8941135689662865760, 1.072320289144400585, -1.423548888709257554 ) ) ;
#5543 = ORIENTED_EDGE ( 'NONE', *, *, #706, .F. ) ;
#5544 = PRESENTATION_STYLE_ASSIGNMENT (( #24 ) ) ;
#5545 = PLANE ( 'NONE',  #3828 ) ;
#5546 = DIRECTION ( 'NONE',  ( -1.000000000000000000, 0.000000000000000000, 0.000000000000000000 ) ) ;
#5547 = PLANE ( 'NONE',  #181 ) ;
#5548 = PLANE ( 'NONE',  #1216 ) ;
#5549 = VERTEX_POINT ( 'NONE', #5680 ) ;
#5550 = ORIENTED_EDGE ( 'NONE', *, *, #3267, .T. ) ;
#5551 = CARTESIAN_POINT ( 'NONE',  ( 0.9496837075455561994, 1.012648599492242063, -1.545701584146146335 ) ) ;
#5552 = LINE ( 'NONE', #1090, #5406 ) ;
#5553 = ADVANCED_FACE ( 'NONE', ( #3659 ), #1316, .F. ) ;
#5554 = CARTESIAN_POINT ( 'NONE',  ( -0.6999999999999945155, 0.1000000000000000056, -1.475000000000006084 ) ) ;
#5555 = CIRCLE ( 'NONE', #3647, 0.1249999999999998890 ) ;
#5556 = ORIENTED_EDGE ( 'NONE', *, *, #5428, .F. ) ;
#5557 = DIRECTION ( 'NONE',  ( -6.672013369141567189E-16, -0.000000000000000000, 1.000000000000000000 ) ) ;
#5558 = CARTESIAN_POINT ( 'NONE',  ( 1.044258902479648699, 1.014172621091250726, -1.448994874965810808 ) ) ;
#5559 = ORIENTED_EDGE ( 'NONE', *, *, #4456, .T. ) ;
#5560 = CARTESIAN_POINT ( 'NONE',  ( 1.135388512361777069, 0.8758027022236043457, -1.531481052436359569 ) ) ;
#5561 = EDGE_CURVE ( 'NONE', #2435, #4244, #3968, .T. ) ;
#5562 = VECTOR ( 'NONE', #1656, 1000.000000000000000 ) ;
#5563 = STYLED_ITEM ( 'NONE', ( #1760 ), #5511 ) ;
#5564 = LINE ( 'NONE', #663, #5686 ) ;
#5565 = CARTESIAN_POINT ( 'NONE',  ( 0.7999999999999999334, 1.320000000000000062, 1.174999999999998934 ) ) ;
#5566 = LINE ( 'NONE', #4372, #3686 ) ;
#5567 = CARTESIAN_POINT ( 'NONE',  ( -1.349999999999996092, 1.019238815542514276, -0.8250000000000081712 ) ) ;
#5568 = ORIENTED_EDGE ( 'NONE', *, *, #4848, .F. ) ;
#5569 = CARTESIAN_POINT ( 'NONE',  ( 1.100031189969002510, 0.9506362335178396572, 1.510226914203095960 ) ) ;
#5570 = ADVANCED_FACE ( 'NONE', ( #3942 ), #4453, .T. ) ;
#5571 = FACE_OUTER_BOUND ( 'NONE', #2002, .T. ) ;
#5572 = DIRECTION ( 'NONE',  ( -1.000000000000000000, 0.000000000000000000, 1.000802005371234635E-15 ) ) ;
#5573 = ORIENTED_EDGE ( 'NONE', *, *, #2796, .F. ) ;
#5574 = ORIENTED_EDGE ( 'NONE', *, *, #2122, .T. ) ;
#5575 = CARTESIAN_POINT ( 'NONE',  ( -0.9810852765163229350, 0.9391128902535171852, -1.611159614939808638 ) ) ;
#5576 = CARTESIAN_POINT ( 'NONE',  ( -0.6999999999999945155, 0.000000000000000000, -1.475000000000006084 ) ) ;
#5577 = CARTESIAN_POINT ( 'NONE',  ( 0.3249999999999998446, 0.1000000000000000056, 1.849999999999999867 ) ) ;
#5578 = FACE_OUTER_BOUND ( 'NONE', #3492, .T. ) ;
#5579 = DIRECTION ( 'NONE',  ( 1.000000000000000000, 0.000000000000000000, 0.000000000000000000 ) ) ;
#5580 = EDGE_CURVE ( 'NONE', #1787, #707, #5555, .T. ) ;
#5581 = CARTESIAN_POINT ( 'NONE',  ( 0.9335351656364130335, 1.041870049672918519, -1.502859763258785453 ) ) ;
#5582 = AXIS2_PLACEMENT_3D ( 'NONE', #4510, #468, #1792 ) ;
#5583 = LINE ( 'NONE', #4486, #1998 ) ;
#5584 = VECTOR ( 'NONE', #4227, 1000.000000000000000 ) ;
#5585 = ORIENTED_EDGE ( 'NONE', *, *, #5095, .T. ) ;
#5586 = EDGE_CURVE ( 'NONE', #3908, #5549, #1849, .T. ) ;
#5587 = CARTESIAN_POINT ( 'NONE',  ( -0.9333282868733298043, 1.067972916365066416, -1.425221867688628796 ) ) ;
#5588 = ORIENTED_EDGE ( 'NONE', *, *, #4280, .F. ) ;
#5589 = LINE ( 'NONE', #5123, #1696 ) ;
#5590 = COLOUR_RGB ( '',1.000000000000000000, 0.8117647058823529438, 0.5019607843137254832 ) ;
#5591 = VERTEX_POINT ( 'NONE', #522 ) ;
#5592 = VECTOR ( 'NONE', #3936, 1000.000000000000000 ) ;
#5593 = CARTESIAN_POINT ( 'NONE',  ( 0.6999999999999969580, 0.1000000000000000056, 0.3249999999999999001 ) ) ;
#5594 = CARTESIAN_POINT ( 'NONE',  ( -1.350000000000003864, 1.019238815542514276, -0.3250000000000001776 ) ) ;
#5595 = CARTESIAN_POINT ( 'NONE',  ( -1.299999999999999822, 0.3300000000000000155, 1.499999999999997780 ) ) ;
#5596 = CARTESIAN_POINT ( 'NONE',  ( 1.000000000000000222, 0.3300000000000000155, -1.500000000000000000 ) ) ;
#5597 = AXIS2_PLACEMENT_3D ( 'NONE', #5474, #4242, #2398 ) ;
#5598 = ORIENTED_EDGE ( 'NONE', *, *, #5613, .T. ) ;
#5599 = CARTESIAN_POINT ( 'NONE',  ( -1.146305280689813744, 0.8350579176367693979, 1.538162835691097907 ) ) ;
#5600 = EDGE_CURVE ( 'NONE', #483, #3561, #5583, .T. ) ;
#5601 = ORIENTED_EDGE ( 'NONE', *, *, #4835, .F. ) ;
#5602 = CARTESIAN_POINT ( 'NONE',  ( 0.9970567370321059553, 1.045011609023458909, 1.425861326238767601 ) ) ;
#5603 = CARTESIAN_POINT ( 'NONE',  ( 0.9129092575517495645, 1.057342591155940426, -1.470791301267625917 ) ) ;
#5604 =( NAMED_UNIT ( * ) SI_UNIT ( $, .STERADIAN. ) SOLID_ANGLE_UNIT ( ) );
#5605 = EDGE_LOOP ( 'NONE', ( #4800, #893, #213, #4748 ) ) ;
#5606 = VECTOR ( 'NONE', #5413, 1000.000000000000000 ) ;
#5607 = ORIENTED_EDGE ( 'NONE', *, *, #787, .T. ) ;
#5608 = DIRECTION ( 'NONE',  ( 1.000802005371234635E-15, 0.000000000000000000, 1.000000000000000000 ) ) ;
#5609 = CARTESIAN_POINT ( 'NONE',  ( -1.053305534392109166, 1.006217926523324424, 1.453380267653286095 ) ) ;
#5610 = CARTESIAN_POINT ( 'NONE',  ( 0.3249999999999998446, 0.1000000000000000056, 1.199999999999999956 ) ) ;
#5611 = DIRECTION ( 'NONE',  ( 0.000000000000000000, 0.000000000000000000, 1.000000000000000000 ) ) ;
#5612 = EDGE_LOOP ( 'NONE', ( #3194, #2563, #1492, #5385 ) ) ;
#5613 = EDGE_CURVE ( 'NONE', #4569, #3382, #3674, .T. ) ;
#5614 = CARTESIAN_POINT ( 'NONE',  ( 1.091840219739322437, 0.8381249222306741409, -1.620095858779497799 ) ) ;
#5615 = CARTESIAN_POINT ( 'NONE',  ( -1.144805314365279436, 0.8611158099980764646, 1.505710983904996692 ) ) ;
#5616 = ADVANCED_FACE ( 'NONE', ( #1827 ), #2203, .T. ) ;
#5617 = VECTOR ( 'NONE', #5351, 1000.000000000000000 ) ;
#5618 = CARTESIAN_POINT ( 'NONE',  ( 0.9540735744179634770, 1.036452073028159448, 1.510249193623437902 ) ) ;
#5619 = PLANE ( 'NONE',  #4074 ) ;
#5620 = VERTEX_POINT ( 'NONE', #1808 ) ;
#5621 = ORIENTED_EDGE ( 'NONE', *, *, #5003, .F. ) ;
#5622 = DIRECTION ( 'NONE',  ( -4.818676322157851609E-16, 0.000000000000000000, 1.000000000000000000 ) ) ;
#5623 = DIRECTION ( 'NONE',  ( -0.000000000000000000, -1.000000000000000000, -0.000000000000000000 ) ) ;
#5624 = CARTESIAN_POINT ( 'NONE',  ( -1.350000000000006972, 0.1000000000000000056, 1.474999999999999867 ) ) ;
#5625 = COLOUR_RGB ( '',1.000000000000000000, 0.8117647058823529438, 0.5019607843137254832 ) ;
#5626 = DIRECTION ( 'NONE',  ( 0.000000000000000000, -0.000000000000000000, 1.000000000000000000 ) ) ;
#5627 = CARTESIAN_POINT ( 'NONE',  ( 0.9461897945628399142, 1.033649000858884115, -1.516278136846200830 ) ) ;
#5628 = ORIENTED_EDGE ( 'NONE', *, *, #603, .T. ) ;
#5629 = ADVANCED_FACE ( 'NONE', ( #2248, #194, #259, #316, #239, #4140, #4152, #2120, #2272 ), #2289, .T. ) ;
#5630 = CLOSED_SHELL ( 'NONE', ( #4017, #276, #710, #5227, #448, #5629, #1036, #1909, #3116, #4289, #5553, #3227, #2068, #1205, #3483, #4416, #2606, #1153, #4276, #5318, #888, #1291, #367, #1649, #1703, #546, #5364, #625, #2344, #4815, #3752, #401, #2792, #3890, #3348, #754, #2536, #512, #5144, #3497, #1280, #668, #3435, #4773, #462, #2708, #1806 ) ) ;
#5631 = CARTESIAN_POINT ( 'NONE',  ( -0.9307537006914434752, 1.062148574234576204, -1.454885996459561071 ) ) ;
#5632 = ORIENTED_EDGE ( 'NONE', *, *, #4984, .T. ) ;
#5633 = LINE ( 'NONE', #4065, #3648 ) ;
#5634 = ORIENTED_EDGE ( 'NONE', *, *, #5448, .F. ) ;
#5635 = CARTESIAN_POINT ( 'NONE',  ( -1.350000000000007638, 1.019238815542514276, 0.8249999999999997335 ) ) ;
#5636 = CARTESIAN_POINT ( 'NONE',  ( 0.3249999999999998446, 0.000000000000000000, 1.199999999999999956 ) ) ;
#5637 = EDGE_LOOP ( 'NONE', ( #4666, #1645, #2823, #4550 ) ) ;
#5638 = CARTESIAN_POINT ( 'NONE',  ( 0.8941135799758677116, 1.072320291610696641, -1.423548876833857113 ) ) ;
#5639 = CARTESIAN_POINT ( 'NONE',  ( 0.9688177657858387803, 0.9735411675338025983, 1.585454586562343504 ) ) ;
#5640 = ORIENTED_EDGE ( 'NONE', *, *, #3536, .F. ) ;
#5641 = CARTESIAN_POINT ( 'NONE',  ( 0.9864905877657376143, 1.049599250481255686, 1.438742418135363632 ) ) ;
#5642 = CARTESIAN_POINT ( 'NONE',  ( 0.9810852765164523870, 0.9391128902536233225, -1.611159614939744689 ) ) ;
#5643 = SURFACE_SIDE_STYLE ('',( #5074 ) ) ;
#5644 = LINE ( 'NONE', #1012, #5675 ) ;
#5645 = EDGE_LOOP ( 'NONE', ( #3761, #4749, #2701, #847 ) ) ;
#5646 = SURFACE_STYLE_FILL_AREA ( #294 ) ;
#5647 = ORIENTED_EDGE ( 'NONE', *, *, #1401, .T. ) ;
#5648 = CARTESIAN_POINT ( 'NONE',  ( -0.9991085631125666833, 0.8312873317204797496, -1.651995817079914053 ) ) ;
#5649 = CARTESIAN_POINT ( 'NONE',  ( -1.500000000000000222, 0.000000000000000000, 2.000000000000000000 ) ) ;
#5650 = EDGE_CURVE ( 'NONE', #2503, #483, #4158, .T. ) ;
#5651 = DIRECTION ( 'NONE',  ( 6.672013369141568175E-16, 0.000000000000000000, -1.000000000000000000 ) ) ;
#5652 = AXIS2_PLACEMENT_3D ( 'NONE', #5135, #5502, #2431 ) ;
#5653 = DIRECTION ( 'NONE',  ( -0.000000000000000000, -1.000000000000000000, -0.000000000000000000 ) ) ;
#5654 = CARTESIAN_POINT ( 'NONE',  ( 0.9803063319562769218, 0.9411511292096111925, 1.609854893363997785 ) ) ;
#5655 = VERTEX_POINT ( 'NONE', #3412 ) ;
#5656 = CARTESIAN_POINT ( 'NONE',  ( 1.150590991273087393, 0.8333633408796281561, -1.518837727811106042 ) ) ;
#5657 = CARTESIAN_POINT ( 'NONE',  ( 0.9162339984911731516, 1.073925532829124396, -1.387907316222529275 ) ) ;
#5658 = VECTOR ( 'NONE', #3292, 1000.000000000000000 ) ;
#5659 = FACE_OUTER_BOUND ( 'NONE', #1255, .T. ) ;
#5660 = CARTESIAN_POINT ( 'NONE',  ( 0.9954149606269179218, 1.026891169454068331, 1.511634339089926282 ) ) ;
#5661 = DIRECTION ( 'NONE',  ( 0.000000000000000000, 1.000000000000000000, 0.000000000000000000 ) ) ;
#5662 = ORIENTED_EDGE ( 'NONE', *, *, #3041, .T. ) ;
#5663 = CARTESIAN_POINT ( 'NONE',  ( -0.9637448844459830521, 0.9855708825233261416, -1.574742497494147297 ) ) ;
#5664 = AXIS2_PLACEMENT_3D ( 'NONE', #2483, #4950, #2911 ) ;
#5665 = ADVANCED_FACE ( 'NONE', ( #297 ), #2174, .T. ) ;
#5666 = CARTESIAN_POINT ( 'NONE',  ( -1.349999999999995870, 1.019238815542514276, -1.275000000000003020 ) ) ;
#5667 = LINE ( 'NONE', #5576, #1868 ) ;
#5668 = EDGE_CURVE ( 'NONE', #2263, #4567, #2148, .T. ) ;
#5669 = CARTESIAN_POINT ( 'NONE',  ( 0.9825214229693367551, 1.025110848094781035, -1.523069875148993502 ) ) ;
#5670 = EDGE_LOOP ( 'NONE', ( #3792, #5519, #1881, #813 ) ) ;
#5671 = ORIENTED_EDGE ( 'NONE', *, *, #3082, .F. ) ;
#5672 = CARTESIAN_POINT ( 'NONE',  ( -0.9283951032034926110, 1.057074064806403868, -1.470123557296322714 ) ) ;
#5673 = ORIENTED_EDGE ( 'NONE', *, *, #5668, .F. ) ;
#5674 = STYLED_ITEM ( 'NONE', ( #1241 ), #1370 ) ;
#5675 = VECTOR ( 'NONE', #973, 1000.000000000000000 ) ;
#5676 = EDGE_LOOP ( 'NONE', ( #3801, #3703, #5671, #966 ) ) ;
#5677 = DIRECTION ( 'NONE',  ( -1.000000000000000000, -0.000000000000000000, -0.000000000000000000 ) ) ;
#5678 = ADVANCED_FACE ( 'NONE', ( #2230 ), #2218, .T. ) ;
#5679 = EDGE_CURVE ( 'NONE', #2142, #4834, #4043, .T. ) ;
#5680 = CARTESIAN_POINT ( 'NONE',  ( -0.8000000000000001554, 1.320000000000000062, -0.1749999999999991562 ) ) ;
#5681 = ORIENTED_EDGE ( 'NONE', *, *, #5600, .F. ) ;
#5682 = ORIENTED_EDGE ( 'NONE', *, *, #4583, .T. ) ;
#5683 = CARTESIAN_POINT ( 'NONE',  ( 0.8804833626364799715, 1.078819882588632373, 1.383369505921024922 ) ) ;
#5684 = CARTESIAN_POINT ( 'NONE',  ( 0.9953910328655006801, 0.8678982773581204180, 1.642833789522857080 ) ) ;
#5685 = CARTESIAN_POINT ( 'NONE',  ( 0.8997863920715198915, 1.066839277064807190, -1.444260357962521946 ) ) ;
#5686 = VECTOR ( 'NONE', #5088, 1000.000000000000000 ) ;
#5687 = VECTOR ( 'NONE', #1804, 1000.000000000000000 ) ;
#5688 = ORIENTED_EDGE ( 'NONE', *, *, #1636, .T. ) ;
#5689 = CARTESIAN_POINT ( 'NONE',  ( -1.149999999999995914, 0.1000000000000000472, -1.475000000000000977 ) ) ;
#5690 = CARTESIAN_POINT ( 'NONE',  ( 0.6999999999999961808, 0.1000000000000000056, -0.3250000000000000111 ) ) ;
#5691 = CARTESIAN_POINT ( 'NONE',  ( 0.9635638449528775018, 1.060059417114831870, -1.409335854851432757 ) ) ;
#5692 = PLANE ( 'NONE',  #2934 ) ;
#5693 = DIRECTION ( 'NONE',  ( -0.000000000000000000, 1.000000000000000000, 0.000000000000000000 ) ) ;
#5694 = CARTESIAN_POINT ( 'NONE',  ( -1.074742497493938576, 0.9855708825235471870, 1.463744884446222860 ) ) ;
#5695 = EDGE_LOOP ( 'NONE', ( #725, #1912, #163, #3902 ) ) ;
ENDSEC;
END-ISO-10303-21;
